shipment_id,order_date,origin_hub,destination_region,lane,carrier,transport_mode,priority,weather,weight_kg,distance_km,traffic_index,fuel_index,delivery_time_hrs,promised_time_hrs,delay_hours,delayed,transport_cost_usd,customer_rating
SH00001,2025-01-01,Mumbai,North,Mumbai → North,TransGo,Road,Standard,Clear,212.3,1609.7,6.29,0.976,48.71,54.92,0.0,0,240.51,5.0
SH00002,2025-01-01,Bengaluru,North,Bengaluru → North,TransGo,Air,Express,Fog,226.3,2126.6,4.84,0.982,30.69,31.04,0.0,0,486.09,5.0
SH00003,2025-01-01,Mumbai,West,Mumbai → West,SwiftMove,Road,Standard,Fog,64.4,334.4,6.96,1.0,34.32,24.36,9.95,1,66.32,4.0
SH00004,2025-01-01,Mumbai,South,Mumbai → South,RapidFreight,Road,Standard,Clear,781.4,919.7,6.85,0.98,36.85,38.39,0.0,0,195.48,
SH00005,2025-01-01,Kolkata,West,Kolkata → West,RapidFreight,Air,Express,Clear,814.2,1986.1,5.63,0.988,24.72,32.51,0.0,0,1356.37,5.0
SH00006,2025-01-01,Bengaluru,South,Bengaluru → South,TransGo,Road,Standard,Clear,162.4,218.2,2.17,0.969,17.56,18.7,0.0,0,46.52,4.0
SH00007,2025-01-01,Mumbai,South,Mumbai → South,TransGo,Air,Express,Rain,41.6,940.2,7.34,0.977,39.62,31.81,7.8,1,172.72,4.0
SH00008,2025-01-01,Nagpur,West,Nagpur → West,TransGo,Road,Standard,Clear,544.5,824.5,5.89,0.997,30.63,32.08,0.0,0,133.46,5.0
SH00009,2025-01-02,Bengaluru,North,Bengaluru → North,TransGo,Rail,Standard,Clear,154.1,2005.1,4.8,0.96,74.93,93.63,0.0,0,149.47,5.0
SH00010,2025-01-02,Delhi,Central,Delhi → Central,TransGo,Road,Standard,Clear,60.2,1204.5,3.28,0.979,35.22,42.91,0.0,0,134.36,5.0
SH00011,2025-01-02,Delhi,South,Delhi → South,TransGo,Road,Standard,Clear,24.5,2021.4,3.69,0.987,49.85,62.48,0.0,0,224.83,5.0
SH00012,2025-01-02,Delhi,North,Delhi → North,RapidFreight,Road,Standard,Fog,673.8,195.8,5.37,0.976,16.79,18.74,0.0,0,98.73,5.0
SH00013,2025-01-02,Mumbai,South,Mumbai → South,TransGo,Rail,Standard,Clear,729.0,926.4,6.85,0.98,56.39,62.04,0.0,0,102.14,5.0
SH00014,2025-01-02,Mumbai,West,Mumbai → West,BlueLine,Road,Standard,Clear,460.1,157.1,7.2,0.979,17.22,20.11,0.0,0,54.2,5.0
SH00015,2025-01-02,Delhi,North,Delhi → North,BlueLine,Road,Standard,Fog,423.1,257.2,6.64,0.975,19.31,20.21,0.0,0,67.32,5.0
SH00016,2025-01-02,Delhi,West,Delhi → West,BlueLine,Rail,Standard,Clear,338.0,1459.6,6.18,0.982,62.02,76.78,0.0,0,143.9,4.0
SH00017,2025-01-02,Bengaluru,West,Bengaluru → West,SwiftMove,Rail,Standard,Fog,324.4,905.5,1.17,0.986,55.37,58.5,0.0,0,106.86,4.0
SH00018,2025-01-02,Kolkata,North,Kolkata → North,SwiftMove,Road,Standard,Clear,108.4,1462.9,4.52,0.987,38.33,50.25,0.0,0,205.4,5.0
SH00019,2025-01-02,Nagpur,North,Nagpur → North,BlueLine,Air,Express,Rain,69.8,1001.5,6.78,0.988,26.45,27.9,0.0,0,199.06,5.0
SH00020,2025-01-02,Delhi,North,Delhi → North,SwiftMove,Road,Express,Clear,260.0,114.5,6.14,0.984,12.85,16.3,0.0,0,42.84,4.0
SH00021,2025-01-02,Mumbai,South,Mumbai → South,BlueLine,Rail,Standard,Clear,,960.4,6.79,0.985,54.74,63.13,0.0,0,106.93,4.0
SH00022,2025-01-02,Nagpur,West,Nagpur → West,RapidFreight,Rail,Standard,Clear,149.5,771.9,6.69,0.983,39.12,53.08,0.0,0,114.71,4.0
SH00023,2025-01-02,Kolkata,North,Kolkata → North,RapidFreight,Road,Standard,Clear,36.3,1401.8,2.64,0.978,34.45,48.79,0.0,0,239.25,4.0
SH00024,2025-01-03,Delhi,East,Delhi → East,SwiftMove,Rail,Standard,Rain,32.9,1606.0,6.81,0.964,73.88,81.45,0.0,0,134.87,4.0
SH00025,2025-01-03,Delhi,North,Delhi → North,BlueLine,Road,Standard,Clear,618.4,123.6,5.09,0.964,15.58,17.01,0.0,0,68.3,4.0
SH00026,2025-01-03,Mumbai,West,Mumbai → West,TransGo,Road,Express,Clear,329.5,145.8,8.31,0.967,20.01,19.21,0.8,1,55.78,5.0
SH00027,2025-01-03,Bengaluru,Central,Bengaluru → Central,TransGo,Road,Standard,Fog,136.8,1065.9,3.91,0.971,46.25,39.01,7.24,1,127.7,5.0
SH00028,2025-01-03,Bengaluru,South,Bengaluru → South,TransGo,Road,Standard,Clear,1121.6,109.6,2.41,0.989,14.6,16.1,0.0,0,81.46,5.0
SH00029,2025-01-03,Mumbai,North,Mumbai → North,SwiftMove,Air,Express,Clear,2623.7,1456.0,7.4,0.985,30.13,32.73,0.0,0,2690.61,5.0
SH00030,2025-01-03,Delhi,South,Delhi → South,SwiftMove,Road,Express,Clear,181.4,2082.9,7.71,0.992,44.57,54.97,0.0,0,272.45,5.0
SH00031,2025-01-03,Delhi,East,Delhi → East,SwiftMove,Road,Standard,Fog,624.4,1425.8,5.68,0.972,56.56,48.21,8.35,1,249.9,4.0
SH00032,2025-01-03,Delhi,West,Delhi → West,TransGo,Rail,Standard,Clear,100.8,1422.5,1.0,0.992,61.73,75.59,0.0,0,115.32,5.0
SH00033,2025-01-04,Mumbai,North,Mumbai → North,BlueLine,Rail,Standard,Clear,641.3,1556.0,5.36,0.987,74.86,82.16,0.0,0,134.53,3.0
SH00034,2025-01-04,Delhi,West,Delhi → West,BlueLine,Road,Express,Fog,141.6,1363.9,5.32,0.976,41.49,40.84,0.64,1,188.4,5.0
SH00035,2025-01-04,Bengaluru,North,Bengaluru → North,BlueLine,Road,Express,Clear,690.1,2463.5,6.1,0.991,49.34,61.87,0.0,0,345.45,4.0
SH00036,2025-01-04,Mumbai,South,Mumbai → South,RapidFreight,Road,Standard,Fog,259.6,1055.6,5.7,0.98,41.26,41.64,0.0,0,186.36,4.0
SH00037,2025-01-04,Kolkata,East,Kolkata → East,TransGo,Road,Standard,Clear,225.3,69.9,1.98,0.968,14.98,16.88,0.0,0,28.39,4.0
SH00038,2025-01-04,Nagpur,West,Nagpur → West,BlueLine,Road,Standard,Clear,489.3,920.1,7.08,0.964,30.98,34.37,0.0,0,144.88,5.0
SH00039,2025-01-04,Bengaluru,West,Bengaluru → West,TransGo,Road,Express,Clear,185.7,1044.0,1.39,0.995,26.21,33.98,0.0,0,169.78,5.0
SH00040,2025-01-04,Mumbai,South,Mumbai → South,BlueLine,Rail,Standard,Clear,583.7,952.3,6.41,0.972,49.57,62.87,0.0,0,104.09,5.0
SH00041,2025-01-04,Nagpur,South,Nagpur → South,RapidFreight,Road,Standard,Clear,128.1,1134.0,7.11,0.976,26.8,39.49,0.0,0,190.91,5.0
SH00042,2025-01-04,Delhi,Central,Delhi → Central,TransGo,Air,Express,Clear,545.8,994.2,3.41,0.962,27.41,29.61,0.0,0,701.01,5.0
SH00043,2025-01-04,Mumbai,South,Mumbai → South,BlueLine,Road,Standard,Clear,53.5,998.6,8.46,0.979,37.25,40.28,0.0,0,125.5,5.0
SH00044,2025-01-04,Delhi,South,Delhi → South,TransGo,Road,Express,Clear,301.8,2444.9,5.65,0.977,66.2,62.08,4.12,1,370.24,5.0
SH00045,2025-01-04,Kolkata,East,Kolkata → East,BlueLine,Road,Express,Clear,225.4,278.7,3.8,0.977,14.24,20.67,0.0,0,73.54,5.0
SH00046,2025-01-04,Kolkata,West,Kolkata → West,BlueLine,Rail,Standard,Clear,194.6,2257.1,3.51,0.971,95.89,103.4,0.0,0,178.08,4.0
SH00047,2025-01-05,Delhi,East,Delhi → East,RapidFreight,Air,Express,Clear,264.5,1500.8,4.61,1.002,22.81,30.51,0.0,0,634.06,5.0
SH00048,2025-01-05,Bengaluru,West,Bengaluru → West,SwiftMove,Road,Standard,Clear,195.9,1031.1,3.93,0.963,23.76,38.18,0.0,0,148.99,5.0
SH00049,2025-01-05,Bengaluru,South,Bengaluru → South,SwiftMove,Road,Standard,Clear,393.4,92.4,2.45,0.984,9.74,15.69,0.0,0,44.6,4.0
SH00050,2025-01-05,Bengaluru,Central,Bengaluru → Central,TransGo,Road,Standard,Clear,531.8,1083.1,3.54,0.979,32.45,39.42,0.0,0,144.76,4.0
SH00051,2025-01-05,Bengaluru,Central,Bengaluru → Central,SwiftMove,Road,Standard,Clear,290.3,927.3,5.84,0.986,30.59,35.69,0.0,0,144.15,5.0
SH00052,2025-01-05,Bengaluru,West,Bengaluru → West,SwiftMove,Rail,Standard,Clear,71.7,999.7,3.23,0.997,50.4,61.51,0.0,0,106.52,5.0
SH00053,2025-01-05,Bengaluru,West,Bengaluru → West,RapidFreight,Road,Standard,Clear,378.1,959.0,3.9,0.969,29.57,36.45,0.0,0,166.74,5.0
SH00054,2025-01-05,Bengaluru,North,Bengaluru → North,TransGo,Road,Standard,Clear,576.0,2076.9,6.37,0.993,56.97,63.24,0.0,0,235.85,4.0
SH00055,2025-01-05,Bengaluru,West,Bengaluru → West,RapidFreight,Road,Standard,Clear,61.6,1025.6,5.25,0.977,28.6,38.05,0.0,0,152.23,5.0
SH00056,2025-01-05,Bengaluru,South,Bengaluru → South,TransGo,Road,Standard,Clear,723.7,285.7,7.13,0.973,21.04,20.32,0.72,1,83.12,4.0
SH00057,2025-01-05,Delhi,West,Delhi → West,TransGo,Road,Standard,Clear,292.5,1428.1,5.35,0.973,46.61,48.27,0.0,0,159.15,4.0
SH00058,2025-01-05,Bengaluru,West,Bengaluru → West,RapidFreight,Road,Express,Clear,253.0,1116.7,4.76,0.972,28.98,35.41,0.0,0,240.16,4.0
SH00059,2025-01-05,Kolkata,North,Kolkata → North,SwiftMove,Air,Express,Clear,101.7,1628.7,5.31,0.985,26.08,31.88,0.0,0,396.94,5.0
SH00060,2025-01-05,Bengaluru,West,Bengaluru → West,TransGo,Road,Standard,Clear,142.1,948.6,4.34,0.984,34.6,36.2,0.0,0,123.79,5.0
SH00061,2025-01-06,Delhi,North,Delhi → North,BlueLine,Road,Standard,Clear,580.0,90.1,3.98,0.98,16.28,16.21,0.07,1,51.72,4.0
SH00062,2025-01-06,Mumbai,South,Mumbai → South,BlueLine,Rail,Standard,Clear,385.3,1083.5,8.0,0.987,57.18,67.06,0.0,0,102.39,5.0
SH00063,2025-01-06,Mumbai,West,Mumbai → West,TransGo,Road,Standard,Clear,792.8,289.0,6.68,0.98,28.97,23.27,5.69,1,71.63,5.0
SH00064,2025-01-06,Mumbai,South,Mumbai → South,BlueLine,Air,Express,Fog,76.9,1019.9,7.95,0.981,32.76,31.95,0.8,1,247.84,4.0
SH00065,2025-01-06,Mumbai,West,Mumbai → West,TransGo,Road,Express,Clear,1936.9,321.0,7.02,0.971,27.1,22.66,4.44,1,187.22,4.0
SH00066,2025-01-06,Delhi,East,Delhi → East,SwiftMove,Road,Standard,Fog,476.6,1477.0,5.8,0.99,47.91,49.44,0.0,0,209.52,5.0
SH00067,2025-01-06,Delhi,West,Delhi → West,TransGo,Air,Express,Clear,528.7,1372.4,6.9,0.983,26.89,30.28,0.0,0,651.24,5.0
SH00068,2025-01-06,Kolkata,South,Kolkata → South,RapidFreight,Road,Standard,Rain,252.1,1754.9,4.21,0.987,45.02,57.24,0.0,0,257.0,5.0
SH00069,2025-01-06,Bengaluru,North,Bengaluru → North,SwiftMove,Air,Express,Fog,729.7,2109.2,2.07,1.007,32.0,31.01,1.0,1,1137.46,4.0
SH00070,2025-01-06,Kolkata,North,Kolkata → North,BlueLine,Road,Standard,Clear,,1490.4,5.04,0.972,36.63,50.91,0.0,0,182.5,5.0
SH00071,2025-01-06,Nagpur,East,Nagpur → East,TransGo,Road,Express,Fog,69.2,1077.6,3.73,0.966,43.59,33.49,10.1,1,145.26,4.0
SH00072,2025-01-06,Delhi,West,Delhi → West,TransGo,Road,Standard,Clear,12.2,1461.9,4.32,0.977,43.28,49.07,0.0,0,183.1,5.0
SH00073,2025-01-07,Delhi,Central,Delhi → Central,SwiftMove,Air,Express,Clear,848.8,1021.8,4.7,0.994,24.35,29.66,0.0,0,1123.41,5.0
SH00074,2025-01-07,Mumbai,Central,Mumbai → Central,TransGo,Air,Express,Clear,906.5,922.5,5.53,0.986,32.09,31.78,0.31,1,1000.07,5.0
SH00075,2025-01-07,Mumbai,South,Mumbai → South,TransGo,Road,Standard,Clear,90.8,1033.5,4.43,0.982,36.01,41.11,0.0,0,126.93,5.0
SH00076,2025-01-07,Mumbai,West,Mumbai → West,SwiftMove,Road,Standard,Rain,1338.4,290.1,5.2,0.99,21.44,23.3,0.0,0,122.45,5.0
SH00077,2025-01-07,Bengaluru,South,Bengaluru → South,RapidFreight,Road,Standard,Clear,795.0,102.7,6.05,0.983,9.71,15.94,0.0,0,86.17,
SH00078,2025-01-07,Bengaluru,North,Bengaluru → North,SwiftMove,Road,Standard,Clear,492.9,2296.0,4.53,0.992,48.15,68.48,0.0,0,333.44,5.0
SH00079,2025-01-07,Delhi,North,Delhi → North,TransGo,Road,Express,Fog,226.8,197.6,6.3,0.983,30.24,17.93,12.31,1,48.57,4.0
SH00080,2025-01-07,Delhi,Central,Delhi → Central,RapidFreight,Road,Express,Clear,477.1,1138.6,6.28,1.002,28.14,36.42,0.0,0,225.55,4.0
SH00081,2025-01-07,Delhi,West,Delhi → West,RapidFreight,Road,Express,Clear,94.7,1335.6,6.97,0.995,33.92,40.29,0.0,0,251.76,5.0
SH00082,2025-01-07,Mumbai,South,Mumbai → South,SwiftMove,Road,Standard,Clear,212.1,1090.2,6.41,0.961,33.88,42.47,0.0,0,135.72,5.0
SH00083,2025-01-07,Mumbai,North,Mumbai → North,TransGo,Rail,Standard,Clear,133.8,1564.1,5.01,0.985,66.62,82.41,0.0,0,122.4,
SH00084,2025-01-07,Bengaluru,West,Bengaluru → West,SwiftMove,Road,Express,Clear,73.4,1026.2,7.5,0.959,27.26,33.64,0.0,0,169.92,5.0
SH00085,2025-01-08,Bengaluru,North,Bengaluru → North,TransGo,Air,Express,Clear,251.3,2436.7,3.03,0.969,29.63,31.59,0.0,0,543.17,5.0
SH00086,2025-01-08,Mumbai,North,Mumbai → North,RapidFreight,Rail,Standard,Clear,23.7,1414.6,6.45,0.988,62.04,77.64,0.0,0,140.7,5.0
SH00087,2025-01-08,Mumbai,Central,Mumbai → Central,RapidFreight,Road,Standard,Clear,156.7,860.2,7.41,0.987,28.47,36.96,0.0,0,151.95,4.0
SH00088,2025-01-08,Delhi,West,Delhi → West,TransGo,Road,Standard,Clear,33.5,1595.3,6.33,0.97,47.32,52.27,0.0,0,169.48,4.0
SH00089,2025-01-08,Mumbai,South,Mumbai → South,SwiftMove,Road,Standard,Clear,148.5,995.2,6.71,0.981,46.31,40.19,6.12,1,132.9,3.0
SH00090,2025-01-08,Bengaluru,South,Bengaluru → South,SwiftMove,Road,Standard,Clear,1164.4,257.8,3.6,0.974,12.43,19.65,0.0,0,107.24,5.0
SH00091,2025-01-08,Mumbai,South,Mumbai → South,BlueLine,Road,Standard,Clear,96.3,1003.0,6.37,0.986,33.21,40.38,0.0,0,130.06,4.0
SH00092,2025-01-08,Bengaluru,East,Bengaluru → East,SwiftMove,Road,Standard,Clear,188.9,1787.0,5.99,0.972,41.46,56.29,0.0,0,207.63,4.0
SH00093,2025-01-08,Nagpur,North,Nagpur → North,SwiftMove,Road,Standard,Clear,226.1,1199.0,3.81,0.985,28.93,41.05,0.0,0,180.36,4.0
SH00094,2025-01-09,Delhi,North,Delhi → North,TransGo,Road,Express,Clear,74.4,181.6,5.25,0.98,14.05,17.62,0.0,0,41.89,5.0
SH00095,2025-01-09,Bengaluru,East,Bengaluru → East,TransGo,Rail,Standard,Fog,94.5,1783.9,2.95,0.981,95.67,86.56,9.11,1,160.55,4.0
SH00096,2025-01-09,Bengaluru,East,Bengaluru → East,BlueLine,Rail,Standard,Clear,149.5,2027.0,3.63,0.982,81.37,94.33,0.0,0,167.95,4.0
SH00097,2025-01-09,Bengaluru,North,Bengaluru → North,TransGo,Road,Express,Clear,342.7,2019.5,5.14,0.991,42.09,53.15,0.0,0,292.23,5.0
SH00098,2025-01-09,Mumbai,South,Mumbai → South,SwiftMove,Road,Standard,Clear,143.1,1075.7,5.82,0.97,41.62,42.12,0.0,0,148.1,4.0
SH00099,2025-01-09,Delhi,North,Delhi → North,RapidFreight,Road,Express,Clear,33.4,236.2,5.23,0.991,11.04,18.69,0.0,0,69.9,5.0
SH00100,2025-01-09,Nagpur,Central,Nagpur → Central,BlueLine,Road,Standard,Clear,,81.5,3.93,0.992,8.24,14.28,0.0,0,27.92,5.0
SH00101,2025-01-09,Kolkata,Central,Kolkata → Central,BlueLine,Road,Standard,Rain,215.4,1105.8,4.72,0.983,38.29,41.69,0.0,0,146.23,4.0
SH00102,2025-01-09,Mumbai,North,Mumbai → North,BlueLine,Air,Express,Clear,93.1,1326.8,6.5,0.961,26.07,32.5,0.0,0,301.1,5.0
SH00103,2025-01-09,Delhi,East,Delhi → East,BlueLine,Road,Standard,Clear,270.5,1386.4,6.16,0.99,37.62,47.27,0.0,0,160.68,4.0
SH00104,2025-01-10,Bengaluru,East,Bengaluru → East,SwiftMove,Road,Standard,Clear,515.7,2047.2,5.04,0.969,45.08,62.52,0.0,0,263.42,4.0
SH00105,2025-01-10,Bengaluru,North,Bengaluru → North,TransGo,Road,Standard,Fog,110.4,1993.4,7.35,0.963,67.29,61.23,6.05,1,246.35,4.0
SH00106,2025-01-10,Bengaluru,West,Bengaluru → West,SwiftMove,Road,Express,Clear,270.4,907.7,5.78,0.987,28.01,31.31,0.0,0,148.22,4.0
SH00107,2025-01-10,Kolkata,North,Kolkata → North,TransGo,Road,Standard,Fog,2549.1,1522.6,5.41,0.991,59.8,51.68,8.12,1,351.41,4.0
SH00108,2025-01-10,Delhi,East,Delhi → East,RapidFreight,Road,Standard,Clear,1061.8,1582.0,6.8,0.986,47.8,51.95,0.0,0,299.64,5.0
SH00109,2025-01-10,Bengaluru,North,Bengaluru → North,BlueLine,Rail,Standard,Clear,189.1,2344.2,6.17,0.95,88.56,104.46,0.0,0,182.74,5.0
SH00110,2025-01-10,Kolkata,South,Kolkata → South,RapidFreight,Road,Standard,Clear,364.9,1974.4,6.73,0.972,55.53,62.5,0.0,0,319.73,5.0
SH00111,2025-01-10,Nagpur,North,Nagpur → North,RapidFreight,Air,Express,Clear,787.1,1142.9,2.9,0.988,20.18,28.15,0.0,0,1138.19,5.0
SH00112,2025-01-10,Delhi,North,Delhi → North,SwiftMove,Road,Standard,Clear,72.7,107.9,4.84,0.974,9.44,16.63,0.0,0,27.05,5.0
SH00113,2025-01-10,Bengaluru,West,Bengaluru → West,SwiftMove,Air,Express,Clear,249.2,906.4,3.87,0.983,21.52,28.88,0.0,0,393.36,5.0
SH00114,2025-01-10,Bengaluru,South,Bengaluru → South,TransGo,Road,Standard,Clear,223.9,291.9,4.45,0.981,18.27,20.47,0.0,0,47.86,5.0
SH00115,2025-01-10,Delhi,South,Delhi → South,SwiftMove,Rail,Standard,Clear,108.6,2171.2,4.74,0.991,82.85,99.51,0.0,0,174.49,5.0
SH00116,2025-01-10,Bengaluru,South,Bengaluru → South,SwiftMove,Road,Standard,Clear,55.0,95.8,3.95,0.967,8.62,15.77,0.0,0,27.16,4.0
SH00117,2025-01-10,Mumbai,North,Mumbai → North,BlueLine,Rail,Standard,Clear,265.6,1400.4,6.98,0.994,57.88,77.19,0.0,0,126.08,5.0
SH00118,2025-01-10,Delhi,Central,Delhi → Central,BlueLine,Road,Standard,Clear,253.9,1206.9,7.4,0.993,41.94,42.96,0.0,0,169.75,4.0
SH00119,2025-01-10,Mumbai,Central,Mumbai → Central,BlueLine,Road,Express,Clear,44.5,836.8,7.86,0.987,31.42,32.79,0.0,0,124.39,5.0
SH00120,2025-01-10,Delhi,East,Delhi → East,SwiftMove,Road,Standard,Clear,125.1,1461.8,6.49,0.972,41.38,49.07,0.0,0,206.81,4.0
SH00121,2025-01-10,Mumbai,South,Mumbai → South,SwiftMove,Road,Express,Clear,39.5,913.4,6.13,0.981,33.39,34.29,0.0,0,142.36,5.0
SH00122,2025-01-10,Nagpur,North,Nagpur → North,BlueLine,Rail,Standard,Clear,147.8,1131.2,3.07,0.975,51.34,64.56,0.0,0,109.89,4.0
SH00123,2025-01-10,Mumbai,South,Mumbai → South,SwiftMove,Road,Standard,Fog,202.3,1082.1,4.85,0.972,34.12,42.28,0.0,0,137.06,5.0
SH00124,2025-01-10,Bengaluru,West,Bengaluru → West,TransGo,Road,Express,Clear,115.8,902.1,3.83,0.965,28.9,31.2,0.0,0,125.58,4.0
SH00125,2025-01-10,Delhi,Central,Delhi → Central,RapidFreight,Road,Standard,Fog,127.7,996.0,6.57,0.972,36.14,37.91,0.0,0,163.47,
SH00126,2025-01-10,Mumbai,North,Mumbai → North,RapidFreight,Road,Express,Clear,157.6,1295.9,6.89,0.978,31.24,41.81,0.0,0,234.34,4.0
SH00127,2025-01-11,Nagpur,East,Nagpur → East,TransGo,Rail,Standard,Clear,175.8,1207.6,4.19,0.979,62.67,67.0,0.0,0,104.51,5.0
SH00128,2025-01-11,Bengaluru,North,Bengaluru → North,TransGo,Rail,Standard,Clear,237.6,2208.5,7.16,0.977,90.77,100.12,0.0,0,181.71,5.0
SH00129,2025-01-11,Nagpur,South,Nagpur → South,BlueLine,Road,Express,Clear,123.8,926.4,2.83,0.979,22.29,30.53,0.0,0,139.07,5.0
SH00130,2025-01-11,Mumbai,East,Mumbai → East,BlueLine,Road,Standard,Clear,410.4,2220.4,6.64,0.97,68.03,69.55,0.0,0,298.49,4.0
SH00131,2025-01-11,Mumbai,East,Mumbai → East,SwiftMove,Road,Standard,Fog,67.5,1959.7,6.89,0.98,52.57,63.3,0.0,0,231.55,5.0
SH00132,2025-01-11,Bengaluru,West,Bengaluru → West,BlueLine,Road,Standard,Fog,96.7,989.8,3.31,0.97,34.88,37.19,0.0,0,129.68,5.0
SH00133,2025-01-11,Nagpur,South,Nagpur → South,SwiftMove,Air,Express,Fog,218.8,946.9,6.84,0.973,22.35,27.8,0.0,0,415.12,5.0
SH00134,2025-01-11,Mumbai,North,Mumbai → North,BlueLine,Road,Standard,Clear,290.1,1503.5,4.86,0.981,44.04,52.37,0.0,0,190.89,5.0
SH00135,2025-01-11,Delhi,North,Delhi → North,RapidFreight,Road,Standard,Clear,166.9,229.1,2.79,0.975,11.29,19.54,0.0,0,55.47,4.0
SH00136,2025-01-11,Mumbai,North,Mumbai → North,SwiftMove,Road,Standard,Clear,172.9,1419.4,6.46,0.98,40.05,50.36,0.0,0,194.7,4.0
SH00137,2025-01-11,Mumbai,East,Mumbai → East,SwiftMove,Road,Standard,Fog,241.3,2055.0,7.52,0.985,64.07,65.58,0.0,0,272.75,4.0
SH00138,2025-01-11,Delhi,South,Delhi → South,TransGo,Road,Standard,Clear,22.9,2093.6,5.63,0.973,64.31,64.21,0.1,1,210.01,4.0
SH00139,2025-01-11,Nagpur,South,Nagpur → South,BlueLine,Rail,Standard,Clear,348.7,938.4,5.35,0.973,46.78,58.4,0.0,0,85.44,
SH00140,2025-01-11,Delhi,East,Delhi → East,RapidFreight,Road,Standard,Clear,962.8,1410.9,5.89,0.973,45.1,47.85,0.0,0,259.97,5.0
SH00141,2025-01-11,Bengaluru,West,Bengaluru → West,SwiftMove,Road,Express,Rain,1227.3,1042.6,5.46,0.977,33.17,33.96,0.0,0,253.17,4.0
SH00142,2025-01-11,Mumbai,West,Mumbai → West,BlueLine,Road,Standard,Clear,322.4,114.0,3.88,0.96,15.03,19.08,0.0,0,43.04,4.0
SH00143,2025-01-12,Bengaluru,West,Bengaluru → West,SwiftMove,Road,Standard,Clear,76.8,917.2,2.81,0.989,26.75,35.45,0.0,0,132.36,5.0
SH00144,2025-01-12,Bengaluru,South,Bengaluru → South,SwiftMove,Road,Standard,Clear,269.9,302.5,5.2,0.996,14.33,20.72,0.0,0,78.09,
SH00145,2025-01-12,Delhi,West,Delhi → West,TransGo,Road,Standard,Fog,106.4,1543.4,6.38,0.98,49.5,51.03,0.0,0,182.03,5.0
SH00146,2025-01-12,Delhi,West,Delhi → West,TransGo,Road,Standard,Clear,6000.0,1290.2,4.51,0.973,52.71,44.96,7.75,1,442.21,3.0
SH00147,2025-01-12,Delhi,North,Delhi → North,SwiftMove,Road,Express,Clear,297.2,262.6,9.42,0.974,16.22,19.21,0.0,0,72.15,4.0
SH00148,2025-01-12,Mumbai,North,Mumbai → North,BlueLine,Road,Standard,Clear,790.7,1447.4,6.35,0.966,47.53,51.03,0.0,0,234.36,5.0
SH00149,2025-01-12,Delhi,West,Delhi → West,RapidFreight,Rail,Standard,Clear,83.0,1509.6,3.24,0.987,61.03,78.37,0.0,0,146.2,5.0
SH00150,2025-01-12,Mumbai,West,Mumbai → West,RapidFreight,Road,Standard,Clear,554.7,128.4,7.5,0.974,13.99,19.43,0.0,0,70.63,4.0
SH00151,2025-01-12,Bengaluru,North,Bengaluru → North,SwiftMove,Road,Express,Rain,243.5,2088.9,2.6,0.973,42.97,54.51,0.0,0,292.58,4.0
SH00152,2025-01-12,Bengaluru,West,Bengaluru → West,SwiftMove,Rail,Standard,Clear,363.1,904.0,4.34,1.001,48.47,58.45,0.0,0,119.49,
SH00153,2025-01-12,Mumbai,West,Mumbai → West,BlueLine,Road,Express,Clear,168.5,52.7,5.86,0.988,13.34,17.39,0.0,0,35.18,5.0
SH00154,2025-01-12,Bengaluru,North,Bengaluru → North,BlueLine,Road,Standard,Clear,418.8,2127.2,6.73,0.977,52.1,64.44,0.0,0,249.07,4.0
SH00155,2025-01-12,Nagpur,East,Nagpur → East,RapidFreight,Road,Standard,Clear,180.3,1189.7,3.1,0.986,28.36,40.83,0.0,0,194.84,5.0
SH00156,2025-01-12,Kolkata,West,Kolkata → West,SwiftMove,Rail,Standard,Clear,135.6,2290.0,5.43,0.973,92.35,104.45,0.0,0,209.8,5.0
SH00157,2025-01-12,Mumbai,East,Mumbai → East,TransGo,Road,Standard,Clear,142.0,2211.9,7.18,1.002,56.32,69.34,0.0,0,233.76,5.0
SH00158,2025-01-13,Mumbai,West,Mumbai → West,BlueLine,Road,Standard,Clear,94.7,114.4,7.38,0.984,15.86,19.09,0.0,0,30.83,5.0
SH00159,2025-01-13,Bengaluru,South,Bengaluru → South,BlueLine,Road,Standard,Fog,134.9,322.6,5.55,0.976,21.16,21.2,0.0,0,50.99,4.0
SH00160,2025-01-13,Bengaluru,Central,Bengaluru → Central,RapidFreight,Rail,Standard,Fog,495.7,1101.3,5.36,0.972,61.1,64.76,0.0,0,143.52,5.0
SH00161,2025-01-13,Kolkata,West,Kolkata → West,TransGo,Road,Standard,Rain,551.2,1892.2,3.97,0.981,59.94,60.53,0.0,0,267.96,5.0
SH00162,2025-01-13,Mumbai,East,Mumbai → East,SwiftMove,Road,Express,Rain,82.7,2026.7,6.86,0.993,53.19,56.17,0.0,0,347.35,5.0
SH00163,2025-01-13,Delhi,North,Delhi → North,BlueLine,Road,Standard,Clear,341.7,168.7,4.62,0.986,13.25,18.09,0.0,0,44.7,5.0
SH00164,2025-01-13,Kolkata,North,Kolkata → North,BlueLine,Road,Express,Clear,169.0,1681.3,5.29,0.98,42.14,48.23,0.0,0,227.97,5.0
SH00165,2025-01-13,Mumbai,South,Mumbai → South,BlueLine,Road,Standard,Clear,176.1,1029.2,4.11,0.973,36.66,41.01,0.0,0,122.53,4.0
SH00166,2025-01-13,Nagpur,Central,Nagpur → Central,SwiftMove,Road,Standard,Clear,300.6,122.6,2.85,0.967,6.78,15.26,0.0,0,41.21,5.0
SH00167,2025-01-13,Kolkata,West,Kolkata → West,TransGo,Rail,Standard,Clear,125.1,2166.0,3.71,0.982,95.55,100.49,0.0,0,182.38,5.0
SH00168,2025-01-13,Mumbai,Central,Mumbai → Central,BlueLine,Air,Express,Clear,425.1,805.8,5.15,0.985,23.89,31.58,0.0,0,631.69,3.0
SH00169,2025-01-14,Kolkata,South,Kolkata → South,SwiftMove,Road,Standard,Clear,,1985.2,5.93,0.963,57.13,62.76,0.0,0,269.31,5.0
SH00170,2025-01-14,Delhi,West,Delhi → West,TransGo,Rail,Standard,Clear,502.1,1570.3,4.66,0.97,70.07,80.31,0.0,0,150.21,5.0
SH00171,2025-01-14,Nagpur,West,Nagpur → West,SwiftMove,Road,Express,Clear,265.2,773.3,5.14,0.979,20.87,27.52,0.0,0,140.69,5.0
SH00172,2025-01-14,Delhi,Central,Delhi → Central,BlueLine,Air,Express,Fog,245.3,1055.6,6.69,0.974,26.77,29.72,0.0,0,406.44,5.0
SH00173,2025-01-14,Delhi,Central,Delhi → Central,SwiftMove,Road,Standard,Clear,120.2,981.4,1.81,0.977,24.34,37.56,0.0,0,110.74,4.0
SH00174,2025-01-14,Bengaluru,South,Bengaluru → South,RapidFreight,Road,Express,Clear,229.8,216.7,6.15,0.983,10.42,17.73,0.0,0,63.51,4.0
SH00175,2025-01-14,Mumbai,West,Mumbai → West,SwiftMove,Road,Express,Clear,1176.7,260.6,5.58,0.97,17.34,21.47,0.0,0,162.24,4.0
SH00176,2025-01-14,Kolkata,West,Kolkata → West,TransGo,Road,Standard,Clear,76.7,2138.7,6.25,0.999,67.78,66.44,1.34,1,250.86,5.0
SH00177,2025-01-14,Bengaluru,North,Bengaluru → North,TransGo,Rail,Standard,Fog,248.3,2377.0,3.77,0.991,96.39,105.51,0.0,0,143.47,
SH00178,2025-01-14,Kolkata,East,Kolkata → East,SwiftMove,Road,Standard,Clear,989.5,240.7,4.96,0.969,16.01,20.97,0.0,0,97.26,5.0
SH00179,2025-01-14,Mumbai,North,Mumbai → North,SwiftMove,Road,Standard,Clear,155.2,1392.5,5.69,0.99,35.41,49.71,0.0,0,184.0,
SH00180,2025-01-14,Mumbai,South,Mumbai → South,RapidFreight,Rail,Standard,Fog,395.6,1121.4,4.47,0.974,62.39,68.27,0.0,0,130.65,5.0
SH00181,2025-01-15,Nagpur,North,Nagpur → North,BlueLine,Road,Standard,Clear,87.6,1096.7,5.04,0.981,30.25,38.6,0.0,0,135.54,5.0
SH00182,2025-01-15,Kolkata,North,Kolkata → North,TransGo,Rail,Standard,Clear,37.9,1653.8,4.47,0.969,72.16,84.13,0.0,0,128.96,5.0
SH00183,2025-01-15,Mumbai,West,Mumbai → West,TransGo,Road,Express,Rain,127.1,241.7,6.66,0.989,28.12,21.1,7.02,1,51.78,4.0
SH00184,2025-01-15,Delhi,South,Delhi → South,TransGo,Rail,Standard,Clear,400.2,2201.9,6.61,0.985,97.76,100.49,0.0,0,144.7,5.0
SH00185,2025-01-15,Mumbai,West,Mumbai → West,BlueLine,Road,Standard,Clear,147.9,115.4,7.44,0.978,18.91,19.11,0.0,0,29.15,5.0
SH00186,2025-01-15,Delhi,South,Delhi → South,BlueLine,Rail,Standard,Clear,92.8,2434.8,4.97,0.99,96.42,107.93,0.0,0,177.29,4.0
SH00187,2025-01-15,Nagpur,North,Nagpur → North,SwiftMove,Road,Standard,Clear,465.6,1096.4,5.44,0.972,28.84,38.59,0.0,0,155.52,
SH00188,2025-01-15,Mumbai,West,Mumbai → West,SwiftMove,Road,Express,Clear,331.1,262.2,5.64,0.99,15.34,21.5,0.0,0,75.39,4.0
SH00189,2025-01-15,Nagpur,West,Nagpur → West,TransGo,Road,Standard,Clear,99.4,930.1,4.98,0.97,30.86,34.61,0.0,0,98.27,5.0
SH00190,2025-01-15,Delhi,South,Delhi → South,BlueLine,Road,Standard,Rain,211.0,2293.6,2.74,0.957,61.7,69.0,0.0,0,295.56,5.0
SH00191,2025-01-15,Bengaluru,South,Bengaluru → South,TransGo,Road,Standard,Clear,110.3,41.8,4.1,0.982,11.32,14.48,0.0,0,20.01,4.0
SH00192,2025-01-15,Bengaluru,West,Bengaluru → West,TransGo,Road,Standard,Clear,30.1,1057.3,4.92,0.983,37.8,38.81,0.0,0,126.01,4.0
SH00193,2025-01-15,Nagpur,East,Nagpur → East,SwiftMove,Road,Express,Clear,610.7,1189.9,4.25,0.994,25.69,35.7,0.0,0,230.68,5.0
SH00194,2025-01-15,Bengaluru,West,Bengaluru → West,SwiftMove,Road,Standard,Clear,80.5,1079.4,3.85,0.972,29.21,39.33,0.0,0,144.9,5.0
SH00195,2025-01-15,Bengaluru,West,Bengaluru → West,BlueLine,Road,Standard,Fog,337.3,977.4,5.21,0.971,35.71,36.89,0.0,0,147.76,5.0
SH00196,2025-01-15,Mumbai,North,Mumbai → North,TransGo,Road,Standard,Clear,33.1,1449.6,5.68,0.994,48.49,51.08,0.0,0,142.13,5.0
SH00197,2025-01-15,Delhi,South,Delhi → South,SwiftMove,Road,Standard,Clear,454.2,2103.1,5.2,0.973,53.5,64.44,0.0,0,323.03,5.0
SH00198,2025-01-15,Mumbai,East,Mumbai → East,BlueLine,Road,Standard,Clear,495.1,2229.8,8.79,0.975,65.05,69.77,0.0,0,274.49,5.0
SH00199,2025-01-16,Mumbai,North,Mumbai → North,BlueLine,Road,Express,Rain,320.7,1324.3,6.43,0.985,38.78,42.37,0.0,0,237.17,5.0
SH00200,2025-01-16,Kolkata,Central,Kolkata → Central,SwiftMove,Air,Express,Clear,83.8,1233.3,6.99,0.978,23.85,31.18,0.0,0,305.24,5.0
SH00201,2025-01-16,Delhi,East,Delhi → East,RapidFreight,Road,Express,Clear,356.8,1473.9,7.11,0.959,29.06,43.01,0.0,0,285.8,5.0
SH00202,2025-01-16,Bengaluru,Central,Bengaluru → Central,RapidFreight,Rail,Standard,Clear,756.2,1055.9,7.67,0.985,48.28,63.31,0.0,0,176.89,5.0
SH00203,2025-01-16,Kolkata,West,Kolkata → West,RapidFreight,Air,Express,Clear,367.9,2158.6,1.7,0.978,26.93,32.82,0.0,0,705.63,4.0
SH00204,2025-01-16,Mumbai,West,Mumbai → West,BlueLine,Road,Standard,Clear,106.5,119.1,6.41,0.985,18.4,19.2,0.0,0,31.76,4.0
SH00205,2025-01-16,Nagpur,South,Nagpur → South,BlueLine,Road,Standard,Clear,88.1,1129.5,5.02,0.996,29.94,39.38,0.0,0,154.46,5.0
SH00206,2025-01-16,Bengaluru,West,Bengaluru → West,SwiftMove,Rail,Standard,Clear,403.9,1056.5,3.7,0.953,51.61,63.32,0.0,0,116.06,4.0
SH00207,2025-01-16,Kolkata,West,Kolkata → West,SwiftMove,Road,Standard,Fog,319.2,2136.1,5.62,0.968,51.51,66.38,0.0,0,267.85,5.0
SH00208,2025-01-16,Kolkata,South,Kolkata → South,SwiftMove,Rail,Standard,Clear,191.7,1938.8,4.02,0.98,77.93,93.23,0.0,0,166.23,5.0
SH00209,2025-01-16,Bengaluru,East,Bengaluru → East,BlueLine,Road,Express,Clear,169.7,1971.4,5.62,0.977,45.0,52.2,0.0,0,282.85,5.0
SH00210,2025-01-16,Nagpur,North,Nagpur → North,RapidFreight,Rail,Standard,Clear,307.9,994.1,5.3,0.979,43.55,60.18,0.0,0,103.68,5.0
SH00211,2025-01-17,Kolkata,South,Kolkata → South,BlueLine,Road,Standard,Clear,498.5,1950.3,7.97,0.987,56.6,61.93,0.0,0,261.53,5.0
SH00212,2025-01-17,Delhi,South,Delhi → South,SwiftMove,Road,Standard,Clear,153.0,2376.3,5.04,1.003,70.53,70.98,0.0,0,324.73,5.0
SH00213,2025-01-17,Delhi,North,Delhi → North,TransGo,Road,Express,Clear,135.4,177.0,7.93,0.968,21.34,17.53,3.81,1,49.73,4.0
SH00214,2025-01-17,Nagpur,West,Nagpur → West,BlueLine,Rail,Standard,Fog,223.0,948.7,6.07,0.986,44.94,58.73,0.0,0,93.82,4.0
SH00215,2025-01-17,Nagpur,West,Nagpur → West,RapidFreight,Road,Standard,Fog,184.7,805.8,6.07,0.964,24.11,31.63,0.0,0,118.51,5.0
SH00216,2025-01-17,Delhi,East,Delhi → East,SwiftMove,Road,Standard,Fog,60.0,1453.2,7.14,0.991,51.77,48.87,2.91,1,182.99,4.0
SH00217,2025-01-17,Bengaluru,Central,Bengaluru → Central,BlueLine,Rail,Standard,Clear,,1008.0,6.71,0.977,54.29,61.78,0.0,0,99.4,5.0
SH00218,2025-01-17,Mumbai,Central,Mumbai → Central,SwiftMove,Road,Express,Clear,133.1,806.9,5.28,0.973,27.45,32.2,0.0,0,148.46,5.0
SH00219,2025-01-17,Delhi,South,Delhi → South,TransGo,Road,Standard,Clear,258.6,2176.7,4.65,0.986,63.88,66.2,0.0,0,242.27,5.0
SH00220,2025-01-17,Nagpur,South,Nagpur → South,RapidFreight,Road,Express,Clear,169.8,1020.0,4.89,0.995,22.02,32.36,0.0,0,183.39,5.0
SH00221,2025-01-17,Delhi,North,Delhi → North,SwiftMove,Road,Standard,Fog,278.5,342.3,5.9,1.001,26.98,22.25,4.73,1,78.39,4.0
SH00222,2025-01-17,Delhi,South,Delhi → South,RapidFreight,Road,Standard,Rain,172.1,2154.7,5.87,0.997,60.41,65.67,0.0,0,331.99,5.0
SH00223,2025-01-17,Kolkata,North,Kolkata → North,BlueLine,Road,Standard,Fog,580.1,1681.1,4.74,0.985,57.95,55.48,2.47,1,208.14,4.0
SH00224,2025-01-17,Kolkata,South,Kolkata → South,SwiftMove,Rail,Standard,Clear,369.0,1752.9,6.23,0.985,81.64,87.3,0.0,0,177.22,5.0
SH00225,2025-01-17,Bengaluru,Central,Bengaluru → Central,BlueLine,Road,Standard,Clear,1613.3,1106.8,1.0,0.965,33.79,39.99,0.0,0,227.42,5.0
SH00226,2025-01-18,Delhi,West,Delhi → West,BlueLine,Rail,Standard,Clear,148.6,1414.7,4.06,0.984,66.8,75.34,0.0,0,121.92,5.0
SH00227,2025-01-18,Bengaluru,South,Bengaluru → South,RapidFreight,Road,Standard,Clear,298.4,261.8,5.85,0.989,17.31,19.75,0.0,0,72.12,5.0
SH00228,2025-01-18,Bengaluru,Central,Bengaluru → Central,SwiftMove,Road,Standard,Fog,107.8,1034.2,5.49,0.985,48.62,38.25,10.37,1,131.85,5.0
SH00229,2025-01-18,Bengaluru,West,Bengaluru → West,SwiftMove,Road,Standard,Clear,278.3,1037.6,6.84,0.97,35.72,38.33,0.0,0,160.48,5.0
SH00230,2025-01-18,Bengaluru,South,Bengaluru → South,SwiftMove,Road,Standard,Fog,51.4,210.0,3.13,0.981,17.27,18.51,0.0,0,36.11,5.0
SH00231,2025-01-18,Bengaluru,West,Bengaluru → West,SwiftMove,Rail,Standard,Clear,196.9,903.6,5.27,0.995,52.81,58.44,0.0,0,106.73,4.0
SH00232,2025-01-18,Mumbai,Central,Mumbai → Central,RapidFreight,Rail,Standard,Clear,75.0,776.8,6.32,0.975,42.83,57.26,0.0,0,88.8,
SH00233,2025-01-18,Mumbai,South,Mumbai → South,SwiftMove,Road,Standard,Clear,,1020.7,5.31,0.97,34.07,40.8,0.0,0,229.64,5.0
SH00234,2025-01-18,Delhi,South,Delhi → South,TransGo,Road,Standard,Clear,249.0,2078.8,5.58,0.972,61.44,63.86,0.0,0,218.96,
SH00235,2025-01-18,Nagpur,West,Nagpur → West,TransGo,Air,Express,Clear,159.2,856.4,2.92,0.961,26.76,27.64,0.0,0,260.65,5.0
SH00236,2025-01-19,Kolkata,Central,Kolkata → Central,SwiftMove,Road,Standard,Clear,162.3,1154.1,3.75,0.991,30.49,42.85,0.0,0,145.24,5.0
SH00237,2025-01-19,Delhi,West,Delhi → West,RapidFreight,Road,Standard,Clear,69.5,1330.3,4.54,0.969,37.61,45.92,0.0,0,200.0,5.0
SH00238,2025-01-19,Bengaluru,East,Bengaluru → East,SwiftMove,Air,Express,Clear,567.7,1835.2,5.57,0.97,25.83,30.52,0.0,0,969.54,5.0
SH00239,2025-01-19,Mumbai,West,Mumbai → West,BlueLine,Road,Standard,Clear,197.1,294.7,4.95,0.974,18.89,23.41,0.0,0,55.07,5.0
SH00240,2025-01-19,Delhi,East,Delhi → East,SwiftMove,Rail,Standard,Fog,59.9,1694.6,3.63,0.979,69.78,84.28,0.0,0,139.14,5.0
SH00241,2025-01-19,Mumbai,West,Mumbai → West,BlueLine,Road,Standard,Clear,967.8,333.5,7.67,0.982,22.48,24.34,0.0,0,102.69,5.0
SH00242,2025-01-19,Bengaluru,South,Bengaluru → South,TransGo,Road,Standard,Rain,365.4,264.5,6.82,0.983,25.81,19.81,6.0,1,64.92,4.0
SH00243,2025-01-19,Mumbai,East,Mumbai → East,SwiftMove,Road,Standard,Clear,293.6,1974.7,6.4,0.981,65.9,63.66,2.23,1,275.77,5.0
SH00244,2025-01-19,Delhi,East,Delhi → East,TransGo,Road,Standard,Fog,90.4,1718.4,5.23,0.97,54.71,55.22,0.0,0,213.25,5.0
SH00245,2025-01-19,Nagpur,North,Nagpur → North,TransGo,Road,Standard,Clear,459.3,1074.6,6.37,0.969,33.54,38.07,0.0,0,171.92,5.0
SH00246,2025-01-19,Bengaluru,East,Bengaluru → East,SwiftMove,Road,Standard,Clear,144.2,2031.7,5.51,0.98,52.89,62.15,0.0,0,273.71,5.0
SH00247,2025-01-19,Delhi,North,Delhi → North,SwiftMove,Road,Standard,Fog,76.3,229.0,2.23,0.972,21.51,19.54,1.98,1,41.2,5.0
SH00248,2025-01-19,Delhi,East,Delhi → East,RapidFreight,Road,Standard,Clear,77.8,1658.8,6.52,0.981,41.69,53.79,0.0,0,272.78,4.0
SH00249,2025-01-19,Mumbai,North,Mumbai → North,SwiftMove,Rail,Standard,Rain,489.6,1441.2,4.88,1.006,75.1,78.49,0.0,0,148.27,4.0
SH00250,2025-01-20,Kolkata,North,Kolkata → North,SwiftMove,Road,Standard,Clear,75.8,1444.7,2.58,0.986,39.57,49.81,0.0,0,216.92,5.0
SH00251,2025-01-20,Delhi,Central,Delhi → Central,SwiftMove,Road,Express,Fog,95.3,1103.9,5.02,0.971,35.72,35.74,0.0,0,182.44,5.0
SH00252,2025-01-20,Bengaluru,South,Bengaluru → South,SwiftMove,Road,Standard,Clear,269.1,59.2,4.03,0.984,12.9,14.89,0.0,0,35.82,
SH00253,2025-01-20,Delhi,North,Delhi → North,RapidFreight,Road,Standard,Clear,63.0,89.6,6.74,0.978,13.69,16.2,0.0,0,32.57,4.0
SH00254,2025-01-20,Nagpur,North,Nagpur → North,RapidFreight,Road,Standard,Fog,189.6,1025.6,4.53,0.996,34.32,36.9,0.0,0,167.4,4.0
SH00255,2025-01-20,Nagpur,South,Nagpur → South,TransGo,Road,Express,Clear,222.6,978.8,6.63,0.97,31.8,31.55,0.24,1,142.27,5.0
SH00256,2025-01-20,Mumbai,North,Mumbai → North,RapidFreight,Rail,Standard,Clear,232.4,1394.4,6.42,0.985,60.08,76.99,0.0,0,154.91,5.0
SH00257,2025-01-20,Bengaluru,West,Bengaluru → West,TransGo,Road,Standard,Storm,128.5,1007.3,1.2,0.967,39.42,37.61,1.81,1,117.39,5.0
SH00258,2025-01-20,Nagpur,West,Nagpur → West,BlueLine,Rail,Standard,Clear,226.7,951.0,3.57,0.984,63.05,58.8,4.25,1,107.06,4.0
SH00259,2025-01-20,Delhi,East,Delhi → East,TransGo,Rail,Standard,Fog,312.4,1477.0,6.16,0.97,86.57,77.33,9.24,1,111.32,4.0
SH00260,2025-01-21,Kolkata,East,Kolkata → East,SwiftMove,Road,Express,Clear,384.9,223.6,4.04,0.981,11.84,19.59,0.0,0,73.62,5.0
SH00261,2025-01-21,Bengaluru,North,Bengaluru → North,RapidFreight,Air,Express,Fog,84.6,2258.5,6.64,0.993,26.47,31.27,0.0,0,429.1,5.0
SH00262,2025-01-21,Delhi,Central,Delhi → Central,TransGo,Road,Express,Clear,288.1,967.8,7.16,0.983,34.92,33.06,1.86,1,138.22,5.0
SH00263,2025-01-21,Delhi,Central,Delhi → Central,TransGo,Road,Standard,Fog,377.7,1078.5,4.07,0.987,47.56,39.89,7.68,1,117.37,4.0
SH00264,2025-01-21,Mumbai,Central,Mumbai → Central,SwiftMove,Road,Standard,Clear,577.3,793.7,5.65,0.959,26.87,35.37,0.0,0,121.05,4.0
SH00265,2025-01-21,Bengaluru,East,Bengaluru → East,RapidFreight,Road,Standard,Rain,280.5,1879.7,4.09,0.992,48.6,58.51,0.0,0,271.1,4.0
SH00266,2025-01-21,Mumbai,South,Mumbai → South,RapidFreight,Road,Standard,Clear,93.1,1063.6,4.11,1.001,31.14,41.83,0.0,0,153.16,4.0
SH00267,2025-01-21,Kolkata,North,Kolkata → North,TransGo,Air,Express,Clear,869.9,1581.6,6.36,0.959,31.34,31.8,0.0,0,917.98,4.0
SH00268,2025-01-21,Delhi,North,Delhi → North,TransGo,Road,Standard,Clear,217.0,283.0,5.82,1.002,19.12,20.83,0.0,0,52.53,5.0
SH00269,2025-01-21,Bengaluru,South,Bengaluru → South,RapidFreight,Road,Standard,Clear,139.2,192.8,4.67,0.982,9.75,18.09,0.0,0,47.34,4.0
SH00270,2025-01-21,Mumbai,West,Mumbai → West,RapidFreight,Road,Standard,Clear,78.4,52.2,7.29,0.972,12.91,17.6,0.0,0,24.61,5.0
SH00271,2025-01-21,Bengaluru,West,Bengaluru → West,BlueLine,Road,Standard,Clear,35.5,1039.5,3.69,0.98,30.91,38.38,0.0,0,135.91,5.0
SH00272,2025-01-22,Delhi,South,Delhi → South,RapidFreight,Road,Standard,Rain,185.4,2363.2,6.51,0.964,61.72,70.67,0.0,0,389.79,3.0
SH00273,2025-01-22,Bengaluru,South,Bengaluru → South,TransGo,Road,Standard,Clear,206.6,325.6,6.23,0.984,20.25,21.28,0.0,0,59.44,4.0
SH00274,2025-01-22,Kolkata,North,Kolkata → North,BlueLine,Air,Express,Clear,49.0,1639.0,6.15,0.982,26.36,31.9,0.0,0,259.42,4.0
SH00275,2025-01-22,Nagpur,South,Nagpur → South,RapidFreight,Rail,Standard,Clear,550.9,934.5,5.45,0.98,45.39,58.28,0.0,0,112.24,4.0
SH00276,2025-01-22,Kolkata,East,Kolkata → East,SwiftMove,Road,Standard,Clear,404.3,91.0,6.5,0.985,12.57,17.38,0.0,0,50.9,4.0
SH00277,2025-01-22,Delhi,West,Delhi → West,SwiftMove,Road,Standard,Clear,163.8,1557.7,5.26,0.97,32.9,51.37,0.0,0,194.5,5.0
SH00278,2025-01-22,Mumbai,South,Mumbai → South,TransGo,Road,Standard,Fog,228.9,927.0,6.17,0.979,48.56,38.56,10.0,1,144.59,
SH00279,2025-01-22,Bengaluru,North,Bengaluru → North,TransGo,Rail,Standard,Clear,258.8,2342.1,1.71,0.991,96.85,104.39,0.0,0,169.1,5.0
SH00280,2025-01-22,Delhi,East,Delhi → East,TransGo,Road,Standard,Clear,182.3,1460.8,4.37,0.969,44.5,49.05,0.0,0,162.31,5.0
SH00281,2025-01-22,Mumbai,North,Mumbai → North,RapidFreight,Road,Express,Clear,664.1,1501.0,6.61,0.994,35.94,45.84,0.0,0,337.78,4.0
SH00282,2025-01-22,Kolkata,West,Kolkata → West,SwiftMove,Rail,Standard,Clear,126.2,1951.8,6.17,0.972,75.32,93.65,0.0,0,144.63,5.0
SH00283,2025-01-22,Bengaluru,West,Bengaluru → West,BlueLine,Road,Standard,Clear,430.1,1115.8,3.83,0.969,28.07,40.21,0.0,0,161.3,5.0
SH00284,2025-01-22,Kolkata,West,Kolkata → West,SwiftMove,Road,Standard,Fog,47.7,2218.0,7.48,0.985,74.2,68.34,5.86,1,260.19,
SH00285,2025-01-23,Kolkata,Central,Kolkata → Central,SwiftMove,Road,Standard,Clear,200.1,1097.5,4.46,0.969,31.1,41.49,0.0,0,153.62,5.0
SH00286,2025-01-23,Mumbai,North,Mumbai → North,TransGo,Road,Standard,Clear,160.6,1433.0,3.19,0.978,44.98,50.68,0.0,0,148.36,5.0
SH00287,2025-01-23,Bengaluru,West,Bengaluru → West,TransGo,Road,Express,Clear,25.1,1042.3,3.81,0.988,28.66,33.95,0.0,0,148.1,5.0
SH00288,2025-01-23,Delhi,South,Delhi → South,TransGo,Rail,Standard,Clear,336.5,2014.7,6.84,0.993,82.27,94.51,0.0,0,155.25,5.0
SH00289,2025-01-23,Kolkata,West,Kolkata → West,BlueLine,Road,Standard,Clear,83.5,2036.2,5.02,0.976,47.9,63.98,0.0,0,234.51,5.0
SH00290,2025-01-23,Kolkata,West,Kolkata → West,RapidFreight,Rail,Standard,Clear,184.4,1994.1,5.58,1.017,79.45,95.0,0.0,0,190.96,
SH00291,2025-01-23,Delhi,East,Delhi → East,RapidFreight,Road,Express,Clear,919.8,1516.9,8.09,0.98,34.99,43.85,0.0,0,354.37,5.0
SH00292,2025-01-23,Mumbai,West,Mumbai → West,BlueLine,Road,Standard,Clear,649.2,324.2,7.45,0.988,21.31,24.12,0.0,0,91.72,5.0
SH00293,2025-01-23,Mumbai,West,Mumbai → West,SwiftMove,Road,Standard,Clear,1526.8,286.1,8.76,0.975,24.85,23.2,1.64,1,148.55,4.0
SH00294,2025-01-23,Bengaluru,West,Bengaluru → West,RapidFreight,Road,Standard,Clear,258.2,1086.2,3.21,0.98,31.56,39.5,0.0,0,184.52,5.0
SH00295,2025-01-23,Nagpur,East,Nagpur → East,TransGo,Road,Standard,Rain,125.0,1237.6,4.74,0.983,49.26,41.98,7.28,1,144.93,3.0
SH00296,2025-01-23,Mumbai,Central,Mumbai → Central,BlueLine,Road,Standard,Fog,23.0,912.3,5.81,0.98,41.77,38.21,3.56,1,103.94,4.0
SH00297,2025-01-23,Mumbai,Central,Mumbai → Central,RapidFreight,Road,Standard,Clear,298.7,818.7,7.23,0.976,27.62,35.96,0.0,0,161.39,4.0
SH00298,2025-01-23,Delhi,West,Delhi → West,SwiftMove,Rail,Standard,Clear,116.5,1298.6,6.21,0.993,55.93,71.63,0.0,0,135.05,5.0
SH00299,2025-01-23,Delhi,East,Delhi → East,RapidFreight,Road,Express,Clear,601.2,1448.3,4.68,0.999,31.38,42.5,0.0,0,325.91,5.0
SH00300,2025-01-23,Kolkata,North,Kolkata → North,TransGo,Road,Standard,Clear,161.3,1716.1,4.93,0.977,51.26,56.32,0.0,0,173.34,4.0
SH00301,2025-01-23,Nagpur,South,Nagpur → South,TransGo,Road,Standard,Clear,277.8,1038.5,2.97,0.971,32.82,37.21,0.0,0,116.63,5.0
SH00302,2025-01-23,Mumbai,Central,Mumbai → Central,TransGo,Road,Standard,Fog,380.5,877.0,5.07,0.969,37.38,37.36,0.01,1,152.03,5.0
SH00303,2025-01-23,Delhi,East,Delhi → East,TransGo,Road,Standard,Clear,112.4,1601.1,3.25,0.963,44.51,52.41,0.0,0,184.1,5.0
SH00304,2025-01-24,Mumbai,West,Mumbai → West,RapidFreight,Road,Express,Clear,114.4,75.1,5.89,0.991,11.66,17.82,0.0,0,41.36,4.0
SH00305,2025-01-24,Mumbai,South,Mumbai → South,SwiftMove,Road,Standard,Clear,164.1,1016.4,6.14,0.998,30.9,40.7,0.0,0,160.0,4.0
SH00306,2025-01-24,Nagpur,West,Nagpur → West,RapidFreight,Road,Standard,Fog,448.2,809.7,6.94,0.975,25.29,31.73,0.0,0,140.66,4.0
SH00307,2025-01-24,Bengaluru,West,Bengaluru → West,BlueLine,Road,Standard,Fog,468.5,1048.1,2.14,0.957,42.27,38.59,3.69,1,175.44,4.0
SH00308,2025-01-24,Bengaluru,West,Bengaluru → West,SwiftMove,Rail,Standard,Fog,160.4,982.9,3.02,0.972,53.45,60.97,0.0,0,100.83,5.0
SH00309,2025-01-24,Delhi,East,Delhi → East,TransGo,Road,Standard,Clear,441.5,1506.2,4.81,0.979,47.98,50.14,0.0,0,236.44,4.0
SH00310,2025-01-24,Delhi,West,Delhi → West,SwiftMove,Road,Standard,Clear,279.6,1329.0,6.11,0.971,39.32,45.89,0.0,0,183.64,5.0
SH00311,2025-01-24,Kolkata,North,Kolkata → North,TransGo,Rail,Standard,Clear,526.1,1404.2,3.15,0.968,69.44,76.16,0.0,0,128.59,4.0
SH00312,2025-01-24,Nagpur,South,Nagpur → South,BlueLine,Air,Express,Clear,583.9,965.5,5.63,0.989,21.19,27.83,0.0,0,702.99,5.0
SH00313,2025-01-24,Mumbai,North,Mumbai → North,BlueLine,Road,Standard,Clear,227.7,1573.4,5.72,0.992,39.96,54.05,0.0,0,184.65,4.0
SH00314,2025-01-24,Delhi,North,Delhi → North,RapidFreight,Road,Express,Fog,126.0,295.9,5.15,0.967,22.75,19.86,2.89,1,83.01,5.0
SH00315,2025-01-24,Mumbai,South,Mumbai → South,SwiftMove,Road,Express,Clear,147.5,993.8,6.23,0.998,30.23,35.87,0.0,0,146.09,4.0
SH00316,2025-01-25,Kolkata,East,Kolkata → East,SwiftMove,Road,Standard,Clear,248.7,292.1,7.21,0.989,17.68,22.2,0.0,0,72.73,
SH00317,2025-01-25,Mumbai,South,Mumbai → South,SwiftMove,Road,Express,Fog,538.4,1039.8,10.0,0.977,40.09,36.78,3.31,1,214.31,5.0
SH00318,2025-01-25,Delhi,East,Delhi → East,TransGo,Rail,Standard,Clear,754.6,1683.4,6.7,0.956,82.71,83.93,0.0,0,162.8,5.0
SH00319,2025-01-25,Bengaluru,East,Bengaluru → East,TransGo,Road,Express,Clear,282.1,1807.4,4.53,0.981,43.3,48.98,0.0,0,271.53,4.0
SH00320,2025-01-25,Bengaluru,North,Bengaluru → North,SwiftMove,Rail,Standard,Clear,721.2,2314.5,4.43,0.993,92.87,103.51,0.0,0,214.88,4.0
SH00321,2025-01-25,Kolkata,East,Kolkata → East,SwiftMove,Road,Standard,Fog,344.9,140.6,5.47,0.982,24.08,18.57,5.51,1,49.05,5.0
SH00322,2025-01-25,Delhi,North,Delhi → North,TransGo,Road,Standard,Clear,1202.2,58.8,6.95,0.989,15.93,15.46,0.47,1,84.02,
SH00323,2025-01-25,Kolkata,North,Kolkata → North,TransGo,Road,Standard,Clear,75.4,1527.9,3.23,0.962,40.79,51.81,0.0,0,178.47,5.0
SH00324,2025-01-25,Mumbai,Central,Mumbai → Central,SwiftMove,Air,Express,Clear,725.2,931.9,6.88,0.977,24.67,31.8,0.0,0,859.86,4.0
SH00325,2025-01-25,Kolkata,North,Kolkata → North,BlueLine,Road,Standard,Clear,92.4,1651.5,4.28,0.99,45.02,54.77,0.0,0,168.35,5.0
SH00326,2025-01-25,Bengaluru,East,Bengaluru → East,SwiftMove,Air,Express,Fog,59.6,1754.7,4.43,0.966,28.91,30.38,0.0,0,374.64,5.0
SH00327,2025-01-25,Bengaluru,North,Bengaluru → North,TransGo,Road,Standard,Clear,56.9,2308.4,5.36,0.992,62.13,68.78,0.0,0,264.77,4.0
SH00328,2025-01-25,Delhi,Central,Delhi → Central,BlueLine,Road,Standard,Clear,383.7,1156.7,6.93,0.994,35.97,41.76,0.0,0,149.79,5.0
SH00329,2025-01-25,Bengaluru,South,Bengaluru → South,BlueLine,Road,Express,Clear,82.5,325.9,3.53,0.993,13.02,19.88,0.0,0,58.32,4.0
SH00330,2025-01-25,Mumbai,West,Mumbai → West,RapidFreight,Road,Standard,Clear,212.1,165.4,5.36,0.976,14.2,20.31,0.0,0,49.54,5.0
SH00331,2025-01-25,Delhi,North,Delhi → North,TransGo,Road,Standard,Clear,132.1,171.8,7.91,0.982,19.91,18.17,1.74,1,33.41,4.0
SH00332,2025-01-26,Bengaluru,South,Bengaluru → South,BlueLine,Road,Standard,Clear,681.2,331.5,7.0,0.971,18.89,21.42,0.0,0,108.61,5.0
SH00333,2025-01-26,Delhi,South,Delhi → South,BlueLine,Road,Standard,Fog,185.3,2125.0,5.44,0.988,63.65,64.96,0.0,0,300.16,4.0
SH00334,2025-01-26,Delhi,North,Delhi → North,TransGo,Road,Standard,Storm,164.3,314.2,2.67,0.957,38.1,21.58,16.53,1,51.51,4.0
SH00335,2025-01-26,Mumbai,Central,Mumbai → Central,SwiftMove,Road,Standard,Clear,229.4,765.3,7.68,0.993,30.57,34.69,0.0,0,123.13,5.0
SH00336,2025-01-26,Bengaluru,Central,Bengaluru → Central,SwiftMove,Road,Standard,Clear,21.5,1075.9,4.07,0.983,33.01,39.25,0.0,0,137.32,5.0
SH00337,2025-01-26,Delhi,North,Delhi → North,BlueLine,Road,Standard,Clear,227.1,205.3,7.18,0.99,14.79,18.97,0.0,0,47.45,5.0
SH00338,2025-01-26,Mumbai,South,Mumbai → South,TransGo,Road,Standard,Clear,265.0,1059.5,8.17,0.975,41.3,41.73,0.0,0,143.15,5.0
SH00339,2025-01-26,Bengaluru,North,Bengaluru → North,RapidFreight,Road,Standard,Clear,50.6,2183.4,7.09,0.989,46.13,65.79,0.0,0,308.39,
SH00340,2025-01-26,Kolkata,East,Kolkata → East,BlueLine,Road,Express,Clear,427.6,276.8,6.29,0.986,19.85,20.64,0.0,0,77.69,5.0
SH00341,2025-01-26,Mumbai,Central,Mumbai → Central,TransGo,Air,Express,Clear,361.1,811.9,9.18,0.987,29.56,31.59,0.0,0,420.94,5.0
SH00342,2025-01-26,Mumbai,East,Mumbai → East,TransGo,Road,Standard,Clear,93.7,2200.0,6.17,0.99,60.17,69.06,0.0,0,260.87,4.0
SH00343,2025-01-26,Mumbai,North,Mumbai → North,BlueLine,Road,Standard,Clear,145.3,1483.8,3.9,0.982,41.65,51.9,0.0,0,224.93,5.0
SH00344,2025-01-26,Bengaluru,South,Bengaluru → South,SwiftMove,Road,Standard,Clear,479.1,75.7,5.81,0.986,9.94,15.29,0.0,0,47.4,4.0
SH00345,2025-01-26,Nagpur,South,Nagpur → South,SwiftMove,Road,Standard,Clear,2373.7,1003.8,5.42,0.975,32.49,36.37,0.0,0,256.46,5.0
SH00346,2025-01-26,Mumbai,South,Mumbai → South,SwiftMove,Road,Standard,Clear,139.9,908.2,6.48,0.989,30.41,38.11,0.0,0,108.75,5.0
SH00347,2025-01-27,Mumbai,North,Mumbai → North,RapidFreight,Road,Standard,Clear,393.7,1565.2,6.68,0.976,40.68,53.85,0.0,0,233.39,
SH00348,2025-01-27,Nagpur,East,Nagpur → East,BlueLine,Rail,Standard,Clear,320.7,1015.6,4.93,0.983,48.36,60.87,0.0,0,107.68,5.0
SH00349,2025-01-27,Mumbai,West,Mumbai → West,BlueLine,Road,Standard,Fog,182.4,90.2,6.85,0.999,24.7,18.51,6.18,1,30.53,4.0
SH00350,2025-01-27,Kolkata,East,Kolkata → East,BlueLine,Road,Standard,Clear,112.3,175.9,3.19,0.958,14.48,19.41,0.0,0,39.82,4.0
SH00351,2025-01-27,Bengaluru,South,Bengaluru → South,TransGo,Road,Standard,Clear,39.7,167.5,3.75,0.995,20.13,17.49,2.64,1,27.95,5.0
SH00352,2025-01-27,Nagpur,West,Nagpur → West,SwiftMove,Road,Express,Clear,654.9,841.3,4.53,0.976,20.75,28.85,0.0,0,163.27,4.0
SH00353,2025-01-27,Delhi,East,Delhi → East,SwiftMove,Rail,Standard,Clear,352.4,1445.7,3.65,0.983,64.21,76.33,0.0,0,151.89,4.0
SH00354,2025-01-27,Delhi,South,Delhi → South,BlueLine,Rail,Standard,Clear,140.5,2320.0,5.23,0.97,82.33,104.26,0.0,0,188.81,5.0
SH00355,2025-01-28,Mumbai,North,Mumbai → North,SwiftMove,Road,Standard,Clear,200.8,1521.6,7.16,0.964,47.18,52.81,0.0,0,200.42,5.0
SH00356,2025-01-28,Bengaluru,East,Bengaluru → East,TransGo,Road,Standard,Fog,450.6,1948.6,5.46,0.991,60.87,60.16,0.71,1,227.13,
SH00357,2025-01-28,Delhi,Central,Delhi → Central,SwiftMove,Road,Express,Clear,228.0,1153.2,6.48,0.986,27.71,36.71,0.0,0,218.68,4.0
SH00358,2025-01-28,Delhi,West,Delhi → West,SwiftMove,Road,Standard,Clear,48.1,1372.5,6.86,0.982,37.41,46.93,0.0,0,194.85,
SH00359,2025-01-28,Kolkata,East,Kolkata → East,SwiftMove,Road,Standard,Clear,884.4,271.9,6.43,0.983,19.28,21.71,0.0,0,94.46,4.0
SH00360,2025-01-28,Kolkata,East,Kolkata → East,SwiftMove,Road,Standard,Clear,541.6,140.3,3.61,0.974,11.88,18.56,0.0,0,57.35,5.0
SH00361,2025-01-28,Nagpur,South,Nagpur → South,TransGo,Road,Standard,Clear,91.6,966.8,5.04,0.978,30.36,35.49,0.0,0,111.85,5.0
SH00362,2025-01-28,Bengaluru,North,Bengaluru → North,BlueLine,Road,Standard,Clear,736.2,2221.5,5.33,0.977,53.41,66.7,0.0,0,265.85,4.0
SH00363,2025-01-28,Delhi,South,Delhi → South,BlueLine,Rail,Standard,Fog,888.7,2122.9,8.52,0.984,103.5,97.97,5.53,1,230.01,4.0
SH00364,2025-01-28,Mumbai,Central,Mumbai → Central,SwiftMove,Road,Standard,Clear,281.6,949.6,5.16,0.962,31.43,39.1,0.0,0,161.04,5.0
SH00365,2025-01-28,Bengaluru,West,Bengaluru → West,RapidFreight,Rail,Standard,Clear,61.0,1109.0,5.66,0.979,54.71,65.0,0.0,0,123.62,4.0
SH00366,2025-01-28,Delhi,North,Delhi → North,SwiftMove,Road,Standard,Clear,74.5,48.4,5.88,0.989,9.29,15.21,0.0,0,22.58,5.0
SH00367,2025-01-28,Delhi,North,Delhi → North,SwiftMove,Road,Standard,Clear,636.4,153.7,3.48,0.965,10.22,17.73,0.0,0,79.02,5.0
SH00368,2025-01-28,Bengaluru,Central,Bengaluru → Central,BlueLine,Road,Standard,Clear,57.6,1109.5,3.97,0.99,36.33,40.06,0.0,0,127.46,4.0
SH00369,2025-01-28,Bengaluru,West,Bengaluru → West,SwiftMove,Road,Standard,Storm,242.5,937.5,5.3,0.98,51.82,35.93,15.88,1,142.48,4.0
SH00370,2025-02-01,Delhi,West,Delhi → West,BlueLine,Air,Express,Clear,108.1,1332.6,5.47,0.991,21.96,30.21,0.0,0,279.2,5.0
SH00371,2025-02-01,Mumbai,West,Mumbai → West,SwiftMove,Road,Express,Clear,156.9,224.6,5.12,0.981,17.05,20.76,0.0,0,60.2,5.0
SH00372,2025-02-01,Mumbai,South,Mumbai → South,SwiftMove,Road,Express,Clear,157.7,914.8,6.21,0.992,29.21,34.32,0.0,0,167.37,5.0
SH00373,2025-02-01,Kolkata,West,Kolkata → West,TransGo,Rail,Standard,Clear,459.5,2173.8,3.72,0.986,87.07,100.74,0.0,0,169.16,5.0
SH00374,2025-02-01,Kolkata,Central,Kolkata → Central,SwiftMove,Rail,Standard,Clear,108.9,1218.7,5.05,1.005,55.68,70.23,0.0,0,109.82,5.0
SH00375,2025-02-01,Bengaluru,Central,Bengaluru → Central,SwiftMove,Road,Express,Clear,574.4,945.2,6.11,0.991,23.67,32.04,0.0,0,188.72,5.0
SH00376,2025-02-01,Kolkata,South,Kolkata → South,TransGo,Road,Standard,Clear,206.9,2057.4,3.48,0.992,51.68,64.49,0.0,0,252.59,5.0
SH00377,2025-02-01,Delhi,Central,Delhi → Central,SwiftMove,Rail,Standard,Clear,712.4,1136.1,3.14,0.991,54.15,66.44,0.0,0,161.48,
SH00378,2025-02-01,Nagpur,Central,Nagpur → Central,BlueLine,Road,Standard,Clear,365.0,252.7,5.53,0.977,15.94,18.38,0.0,0,58.0,5.0
SH00379,2025-02-01,Mumbai,Central,Mumbai → Central,SwiftMove,Road,Standard,Clear,103.0,890.1,5.62,0.973,28.09,37.68,0.0,0,117.9,5.0
SH00380,2025-02-01,Delhi,North,Delhi → North,TransGo,Road,Standard,Clear,372.6,86.2,5.23,0.975,15.19,16.11,0.0,0,41.01,5.0
SH00381,2025-02-01,Mumbai,East,Mumbai → East,BlueLine,Road,Express,Clear,139.2,1843.8,8.22,0.98,41.96,52.57,0.0,0,273.15,5.0
SH00382,2025-02-01,Bengaluru,North,Bengaluru → North,SwiftMove,Rail,Standard,Clear,366.2,2131.6,5.71,0.986,83.19,97.67,0.0,0,182.48,5.0
SH00383,2025-02-01,Kolkata,East,Kolkata → East,TransGo,Road,Standard,Clear,382.6,153.6,6.69,0.969,21.3,18.88,2.42,1,43.15,4.0
SH00384,2025-02-01,Nagpur,Central,Nagpur → Central,TransGo,Road,Standard,Clear,471.2,255.3,5.85,0.986,17.72,18.44,0.0,0,64.35,5.0
SH00385,2025-02-01,Mumbai,West,Mumbai → West,BlueLine,Road,Standard,Clear,162.8,311.3,4.88,0.968,18.37,23.81,0.0,0,55.22,5.0
SH00386,2025-02-01,Nagpur,West,Nagpur → West,SwiftMove,Rail,Standard,Clear,760.4,949.8,5.03,0.987,50.67,58.77,0.0,0,124.12,3.0
SH00387,2025-02-01,Bengaluru,West,Bengaluru → West,SwiftMove,Rail,Standard,Clear,113.8,950.5,2.35,0.984,45.4,59.94,0.0,0,85.76,5.0
SH00388,2025-02-02,Delhi,West,Delhi → West,SwiftMove,Road,Express,Clear,136.8,1443.5,6.19,0.991,32.7,42.41,0.0,0,240.24,3.0
SH00389,2025-02-02,Bengaluru,South,Bengaluru → South,TransGo,Road,Standard,Clear,751.3,58.9,6.14,0.978,20.81,14.89,5.92,1,55.23,5.0
SH00390,2025-02-02,Delhi,North,Delhi → North,SwiftMove,Road,Standard,Clear,1054.2,325.0,5.71,0.982,18.07,21.84,0.0,0,119.41,4.0
SH00391,2025-02-02,Delhi,West,Delhi → West,BlueLine,Road,Standard,Clear,63.1,1491.1,6.17,0.974,43.47,49.77,0.0,0,166.83,4.0
SH00392,2025-02-02,Mumbai,Central,Mumbai → Central,RapidFreight,Road,Standard,Clear,477.1,877.1,4.29,0.97,22.83,37.36,0.0,0,163.25,5.0
SH00393,2025-02-02,Mumbai,South,Mumbai → South,TransGo,Rail,Standard,Clear,306.7,910.9,5.76,0.987,67.63,61.55,6.08,1,87.32,4.0
SH00394,2025-02-02,Mumbai,South,Mumbai → South,BlueLine,Rail,Standard,Fog,497.3,1086.2,7.48,0.988,73.43,67.15,6.28,1,99.68,5.0
SH00395,2025-02-02,Kolkata,Central,Kolkata → Central,RapidFreight,Road,Standard,Clear,67.6,1152.5,5.29,0.997,30.85,42.81,0.0,0,168.63,5.0
SH00396,2025-02-02,Kolkata,East,Kolkata → East,RapidFreight,Road,Express,Storm,109.5,124.7,7.03,0.99,23.74,17.65,6.09,1,42.62,4.0
SH00397,2025-02-03,Delhi,North,Delhi → North,RapidFreight,Road,Express,Clear,206.4,91.2,3.79,1.001,7.28,15.84,0.0,0,53.41,5.0
SH00398,2025-02-03,Bengaluru,South,Bengaluru → South,SwiftMove,Road,Standard,Clear,3136.0,133.4,6.29,0.985,15.97,16.67,0.0,0,217.76,
SH00399,2025-02-03,Kolkata,South,Kolkata → South,SwiftMove,Road,Express,Clear,303.7,1942.6,3.92,1.005,42.18,53.36,0.0,0,330.35,5.0
SH00400,2025-02-03,Mumbai,West,Mumbai → West,TransGo,Road,Express,Clear,42.4,339.9,6.35,1.004,23.97,23.03,0.94,1,58.28,3.0
SH00401,2025-02-03,Mumbai,South,Mumbai → South,SwiftMove,Rail,Standard,Clear,337.0,1111.7,7.47,0.979,55.35,67.96,0.0,0,113.79,5.0
SH00402,2025-02-03,Nagpur,East,Nagpur → East,RapidFreight,Rail,Standard,Clear,541.7,1061.2,6.72,0.986,57.03,62.32,0.0,0,140.09,4.0
SH00403,2025-02-03,Mumbai,East,Mumbai → East,RapidFreight,Road,Standard,Clear,454.6,2122.4,6.17,1.002,55.06,67.2,0.0,0,393.55,5.0
SH00404,2025-02-03,Bengaluru,North,Bengaluru → North,RapidFreight,Road,Standard,Clear,53.6,2031.1,4.69,0.982,47.99,62.14,0.0,0,324.04,3.0
SH00405,2025-02-03,Bengaluru,West,Bengaluru → West,BlueLine,Road,Standard,Clear,89.8,1072.6,6.68,0.981,36.91,39.17,0.0,0,152.86,4.0
SH00406,2025-02-03,Bengaluru,West,Bengaluru → West,SwiftMove,Road,Standard,Clear,561.2,1037.0,3.68,0.984,29.9,38.32,0.0,0,184.12,5.0
SH00407,2025-02-03,Bengaluru,East,Bengaluru → East,SwiftMove,Road,Standard,Clear,161.1,2004.9,4.84,0.99,50.16,61.51,0.0,0,262.18,4.0
SH00408,2025-02-03,Bengaluru,North,Bengaluru → North,SwiftMove,Rail,Standard,Clear,733.3,2341.1,2.16,0.993,79.07,104.36,0.0,0,206.81,4.0
SH00409,2025-02-03,Kolkata,West,Kolkata → West,SwiftMove,Road,Express,Clear,42.6,1902.7,3.84,0.997,48.12,52.58,0.0,0,282.34,5.0
SH00410,2025-02-03,Delhi,East,Delhi → East,SwiftMove,Road,Standard,Clear,17.5,1435.9,4.0,0.987,33.16,48.45,0.0,0,192.31,4.0
SH00411,2025-02-04,Mumbai,West,Mumbai → West,BlueLine,Road,Standard,Rain,174.1,295.6,4.4,0.998,25.26,23.43,1.83,1,52.79,4.0
SH00412,2025-02-04,Delhi,East,Delhi → East,SwiftMove,Road,Standard,Clear,266.0,1620.9,6.12,0.988,45.24,52.88,0.0,0,230.96,4.0
SH00413,2025-02-04,Nagpur,North,Nagpur → North,TransGo,Road,Standard,Clear,119.4,1173.9,7.8,0.998,42.42,40.45,1.98,1,155.17,5.0
SH00414,2025-02-04,Delhi,South,Delhi → South,TransGo,Rail,Standard,Rain,194.9,2307.0,6.88,0.988,88.67,103.85,0.0,0,174.85,4.0
SH00415,2025-02-04,Kolkata,North,Kolkata → North,BlueLine,Road,Express,Clear,369.5,1703.8,3.49,1.01,40.4,48.67,0.0,0,262.67,5.0
SH00416,2025-02-04,Nagpur,East,Nagpur → East,RapidFreight,Rail,Standard,Clear,503.7,1054.3,4.2,0.999,45.21,62.1,0.0,0,138.53,5.0
SH00417,2025-02-04,Delhi,Central,Delhi → Central,BlueLine,Road,Express,Clear,402.1,1120.7,5.38,0.997,28.71,36.07,0.0,0,188.34,5.0
SH00418,2025-02-04,Delhi,South,Delhi → South,SwiftMove,Road,Standard,Clear,55.5,2349.5,4.62,0.999,59.7,70.34,0.0,0,276.38,5.0
SH00419,2025-02-04,Mumbai,East,Mumbai → East,RapidFreight,Rail,Standard,Clear,293.4,2178.0,7.24,0.986,78.98,102.03,0.0,0,231.71,5.0
SH00420,2025-02-04,Bengaluru,Central,Bengaluru → Central,RapidFreight,Road,Standard,Clear,79.5,1107.0,6.04,1.0,28.13,40.0,0.0,0,151.1,5.0
SH00421,2025-02-04,Delhi,South,Delhi → South,SwiftMove,Road,Standard,Clear,860.6,2370.5,5.04,0.996,62.29,70.84,0.0,0,305.66,5.0
SH00422,2025-02-04,Mumbai,South,Mumbai → South,SwiftMove,Road,Express,Clear,694.4,932.4,6.43,0.991,29.48,34.67,0.0,0,169.33,5.0
SH00423,2025-02-04,Bengaluru,East,Bengaluru → East,TransGo,Road,Standard,Clear,50.4,1752.6,2.16,1.005,46.84,55.46,0.0,0,202.84,5.0
SH00424,2025-02-04,Bengaluru,West,Bengaluru → West,RapidFreight,Road,Standard,Clear,224.4,945.8,8.5,0.989,34.95,36.14,0.0,0,139.85,5.0
SH00425,2025-02-04,Nagpur,West,Nagpur → West,SwiftMove,Rail,Standard,Clear,132.1,815.2,2.31,0.988,39.88,54.47,0.0,0,79.05,5.0
SH00426,2025-02-04,Mumbai,North,Mumbai → North,SwiftMove,Road,Standard,Rain,629.5,1478.5,6.73,0.978,46.78,51.77,0.0,0,210.59,4.0
SH00427,2025-02-04,Mumbai,Central,Mumbai → Central,TransGo,Rail,Standard,Clear,65.8,870.3,6.96,0.972,51.71,60.25,0.0,0,88.78,5.0
SH00428,2025-02-05,Bengaluru,Central,Bengaluru → Central,BlueLine,Road,Standard,Clear,549.8,1104.6,5.8,0.971,37.81,39.94,0.0,0,149.4,4.0
SH00429,2025-02-05,Bengaluru,West,Bengaluru → West,SwiftMove,Road,Standard,Clear,1783.1,1109.4,6.27,0.991,36.82,40.06,0.0,0,245.32,5.0
SH00430,2025-02-05,Nagpur,South,Nagpur → South,TransGo,Road,Standard,Clear,213.9,1128.3,4.39,0.98,33.46,39.36,0.0,0,136.79,5.0
SH00431,2025-02-05,Delhi,Central,Delhi → Central,SwiftMove,Road,Express,Clear,1561.5,1149.4,4.75,0.987,31.14,36.63,0.0,0,313.15,
SH00432,2025-02-05,Nagpur,West,Nagpur → West,BlueLine,Road,Standard,Clear,414.1,854.5,3.5,0.981,25.58,32.8,0.0,0,119.64,4.0
SH00433,2025-02-05,Bengaluru,South,Bengaluru → South,BlueLine,Road,Standard,Clear,93.8,180.8,5.11,1.001,16.29,17.81,0.0,0,36.52,
SH00434,2025-02-05,Kolkata,South,Kolkata → South,TransGo,Road,Standard,Clear,231.2,1929.8,3.63,0.981,62.39,61.44,0.95,1,232.41,5.0
SH00435,2025-02-05,Kolkata,Central,Kolkata → Central,SwiftMove,Road,Standard,Rain,140.6,1130.6,5.55,0.987,40.66,42.29,0.0,0,153.3,5.0
SH00436,2025-02-05,Nagpur,North,Nagpur → North,RapidFreight,Road,Express,Clear,126.3,1186.8,4.82,0.989,23.9,35.64,0.0,0,225.17,5.0
SH00437,2025-02-05,Delhi,West,Delhi → West,SwiftMove,Road,Standard,Clear,190.7,1495.2,4.44,0.978,42.43,49.87,0.0,0,198.6,4.0
SH00438,2025-02-05,Nagpur,West,Nagpur → West,SwiftMove,Air,Express,Clear,58.1,838.0,4.85,0.996,20.36,27.61,0.0,0,216.07,5.0
SH00439,2025-02-05,Nagpur,West,Nagpur → West,RapidFreight,Rail,Standard,Storm,773.8,814.7,4.06,0.981,59.54,54.45,5.09,1,130.03,4.0
SH00440,2025-02-05,Delhi,North,Delhi → North,BlueLine,Road,Standard,Fog,309.1,227.3,5.62,0.981,21.74,19.5,2.24,1,57.26,4.0
SH00441,2025-02-05,Bengaluru,South,Bengaluru → South,BlueLine,Road,Standard,Clear,361.4,203.8,3.26,0.99,12.38,18.36,0.0,0,57.91,5.0
SH00442,2025-02-05,Delhi,North,Delhi → North,BlueLine,Road,Standard,Clear,202.7,53.2,3.38,0.985,9.84,15.32,0.0,0,30.76,5.0
SH00443,2025-02-05,Mumbai,East,Mumbai → East,TransGo,Air,Express,Fog,432.8,2067.7,8.43,0.998,41.08,33.81,7.27,1,714.48,3.0
SH00444,2025-02-06,Nagpur,Central,Nagpur → Central,BlueLine,Road,Express,Clear,20.9,299.4,4.62,0.992,12.01,18.21,0.0,0,49.62,5.0
SH00445,2025-02-06,Mumbai,South,Mumbai → South,RapidFreight,Road,Express,Clear,96.4,919.9,9.56,0.995,28.86,34.42,0.0,0,168.15,5.0
SH00446,2025-02-06,Kolkata,West,Kolkata → West,TransGo,Road,Standard,Clear,91.0,2088.7,7.35,0.994,61.34,65.24,0.0,0,247.96,5.0
SH00447,2025-02-06,Bengaluru,South,Bengaluru → South,SwiftMove,Road,Standard,Clear,71.9,109.7,6.6,0.982,12.97,16.1,0.0,0,28.84,4.0
SH00448,2025-02-06,Mumbai,West,Mumbai → West,BlueLine,Road,Standard,Fog,143.7,208.5,7.24,1.006,28.85,21.35,7.51,1,39.22,5.0
SH00449,2025-02-06,Delhi,East,Delhi → East,RapidFreight,Road,Express,Clear,58.9,1423.4,5.07,0.995,37.69,42.01,0.0,0,243.46,4.0
SH00450,2025-02-06,Nagpur,South,Nagpur → South,RapidFreight,Road,Standard,Clear,186.4,989.0,3.82,0.988,23.18,36.02,0.0,0,179.67,5.0
SH00451,2025-02-06,Bengaluru,North,Bengaluru → North,BlueLine,Rail,Standard,Clear,152.2,2461.3,4.89,1.01,102.17,108.2,0.0,0,187.63,5.0
SH00452,2025-02-06,Delhi,West,Delhi → West,BlueLine,Road,Express,Clear,69.8,1428.7,5.26,0.992,33.86,42.12,0.0,0,203.67,5.0
SH00453,2025-02-06,Mumbai,North,Mumbai → North,RapidFreight,Air,Express,Clear,346.0,1390.5,6.0,0.993,22.81,32.61,0.0,0,700.73,4.0
SH00454,2025-02-07,Kolkata,North,Kolkata → North,TransGo,Road,Standard,Rain,183.7,1541.8,5.71,0.992,60.05,52.14,7.91,1,190.57,4.0
SH00455,2025-02-07,Delhi,North,Delhi → North,BlueLine,Road,Standard,Clear,306.4,203.1,6.08,0.979,17.42,18.92,0.0,0,58.47,5.0
SH00456,2025-02-07,Mumbai,Central,Mumbai → Central,BlueLine,Road,Standard,Clear,405.4,936.2,6.22,0.978,32.6,38.78,0.0,0,154.47,5.0
SH00457,2025-02-07,Kolkata,North,Kolkata → North,BlueLine,Road,Express,Clear,216.2,1476.8,5.3,0.991,38.29,44.21,0.0,0,230.03,5.0
SH00458,2025-02-07,Mumbai,South,Mumbai → South,TransGo,Road,Standard,Clear,440.6,1059.2,7.21,0.988,42.28,41.73,0.55,1,170.96,5.0
SH00459,2025-02-07,Bengaluru,West,Bengaluru → West,TransGo,Road,Standard,Clear,267.9,1110.5,6.35,0.992,38.66,40.08,0.0,0,132.67,5.0
SH00460,2025-02-07,Nagpur,South,Nagpur → South,BlueLine,Road,Standard,Clear,148.8,1139.0,5.04,1.007,31.41,39.61,0.0,0,139.48,5.0
SH00461,2025-02-08,Bengaluru,East,Bengaluru → East,TransGo,Rail,Standard,Clear,176.0,2088.1,4.63,0.986,82.35,96.28,0.0,0,152.7,
SH00462,2025-02-08,Kolkata,North,Kolkata → North,SwiftMove,Road,Standard,Clear,289.4,1529.6,5.42,0.991,44.23,51.85,0.0,0,200.24,5.0
SH00463,2025-02-08,Nagpur,Central,Nagpur → Central,BlueLine,Road,Standard,Rain,27.7,80.6,5.81,0.995,18.64,14.26,4.38,1,23.68,4.0
SH00464,2025-02-08,Mumbai,North,Mumbai → North,TransGo,Road,Standard,Rain,300.2,1323.0,7.35,0.985,52.58,48.05,4.54,1,189.77,4.0
SH00465,2025-02-08,Bengaluru,West,Bengaluru → West,SwiftMove,Rail,Standard,Clear,365.1,1001.7,4.04,0.987,46.21,61.57,0.0,0,94.45,5.0
SH00466,2025-02-08,Bengaluru,Central,Bengaluru → Central,BlueLine,Road,Standard,Clear,463.4,960.0,3.71,0.981,29.41,36.47,0.0,0,150.61,5.0
SH00467,2025-02-08,Nagpur,Central,Nagpur → Central,TransGo,Road,Standard,Clear,329.1,268.1,4.2,0.997,14.94,18.75,0.0,0,57.02,5.0
SH00468,2025-02-08,Delhi,Central,Delhi → Central,SwiftMove,Road,Standard,Clear,62.8,1128.0,7.43,0.994,39.87,41.08,0.0,0,150.26,5.0
SH00469,2025-02-08,Delhi,Central,Delhi → Central,RapidFreight,Road,Standard,Clear,124.5,1172.0,4.38,0.993,29.53,42.13,0.0,0,170.41,5.0
SH00470,2025-02-08,Bengaluru,South,Bengaluru → South,BlueLine,Road,Standard,Clear,977.5,145.8,5.22,1.015,12.97,16.97,0.0,0,82.86,5.0
SH00471,2025-02-08,Bengaluru,East,Bengaluru → East,RapidFreight,Road,Standard,Clear,258.3,1849.5,6.37,0.982,51.95,57.79,0.0,0,269.39,5.0
SH00472,2025-02-09,Bengaluru,South,Bengaluru → South,BlueLine,Road,Standard,Clear,791.2,45.4,2.94,0.999,10.33,14.56,0.0,0,59.52,5.0
SH00473,2025-02-09,Delhi,South,Delhi → South,TransGo,Road,Express,Clear,111.7,2058.6,7.09,0.977,54.48,54.49,0.0,0,263.23,5.0
SH00474,2025-02-09,Bengaluru,West,Bengaluru → West,RapidFreight,Road,Express,Rain,122.7,1118.3,2.6,0.987,21.39,35.45,0.0,0,195.14,5.0
SH00475,2025-02-09,Delhi,North,Delhi → North,RapidFreight,Road,Express,Clear,206.8,145.4,5.18,0.972,9.35,16.91,0.0,0,62.07,5.0
SH00476,2025-02-09,Bengaluru,East,Bengaluru → East,TransGo,Air,Express,Rain,286.3,2110.3,8.63,0.986,37.15,31.01,6.14,1,468.6,5.0
SH00477,2025-02-09,Kolkata,West,Kolkata → West,BlueLine,Rail,Standard,Clear,578.4,2146.7,3.58,0.996,80.94,99.87,0.0,0,182.48,5.0
SH00478,2025-02-09,Mumbai,West,Mumbai → West,TransGo,Road,Standard,Fog,142.6,92.3,4.64,0.99,27.73,18.56,9.17,1,29.05,4.0
SH00479,2025-02-09,Mumbai,West,Mumbai → West,TransGo,Road,Standard,Clear,484.0,349.3,6.25,0.982,28.14,24.72,3.42,1,80.93,5.0
SH00480,2025-02-09,Kolkata,North,Kolkata → North,TransGo,Rail,Standard,Clear,167.3,1486.2,4.91,0.993,71.49,78.78,0.0,0,124.81,5.0
SH00481,2025-02-09,Mumbai,West,Mumbai → West,SwiftMove,Road,Standard,Clear,2134.3,294.2,6.27,0.996,21.78,23.4,0.0,0,177.93,4.0
SH00482,2025-02-09,Kolkata,West,Kolkata → West,BlueLine,Road,Standard,Clear,224.8,2063.8,4.97,0.983,47.71,64.64,0.0,0,276.28,3.0
SH00483,2025-02-09,Bengaluru,Central,Bengaluru → Central,BlueLine,Rail,Standard,Clear,66.6,1017.1,5.17,0.976,51.95,62.07,0.0,0,85.36,5.0
SH00484,2025-02-10,Bengaluru,South,Bengaluru → South,SwiftMove,Road,Standard,Rain,166.1,324.3,6.14,0.98,19.7,21.24,0.0,0,63.01,5.0
SH00485,2025-02-10,Delhi,West,Delhi → West,SwiftMove,Road,Standard,Clear,232.2,1481.9,5.77,0.973,37.57,49.55,0.0,0,202.93,5.0
SH00486,2025-02-10,Mumbai,West,Mumbai → West,SwiftMove,Road,Standard,Fog,107.9,287.5,5.35,0.996,19.6,23.24,0.0,0,55.3,5.0
SH00487,2025-02-10,Delhi,West,Delhi → West,BlueLine,Road,Standard,Clear,78.8,1398.3,6.27,0.986,45.93,47.55,0.0,0,173.8,4.0
SH00488,2025-02-10,Kolkata,West,Kolkata → West,BlueLine,Road,Standard,Clear,397.0,1881.5,4.17,1.007,54.0,60.28,0.0,0,215.55,5.0
SH00489,2025-02-10,Mumbai,Central,Mumbai → Central,TransGo,Rail,Standard,Clear,102.0,949.4,6.91,0.986,64.8,62.78,2.02,1,82.84,4.0
SH00490,2025-02-10,Bengaluru,North,Bengaluru → North,SwiftMove,Road,Express,Rain,916.9,2110.4,4.97,0.989,53.89,54.94,0.0,0,368.64,5.0
SH00491,2025-02-10,Mumbai,South,Mumbai → South,SwiftMove,Road,Standard,Fog,132.4,972.0,6.93,0.976,40.99,39.64,1.36,1,150.87,5.0
SH00492,2025-02-10,Bengaluru,North,Bengaluru → North,RapidFreight,Road,Standard,Clear,324.9,2273.0,5.61,0.985,50.09,67.93,0.0,0,376.72,4.0
SH00493,2025-02-10,Kolkata,Central,Kolkata → Central,SwiftMove,Road,Standard,Clear,325.9,1243.4,8.08,0.979,32.8,44.99,0.0,0,181.29,5.0
SH00494,2025-02-10,Delhi,West,Delhi → West,RapidFreight,Rail,Standard,Clear,495.0,1560.0,4.96,0.973,65.68,79.98,0.0,0,180.31,4.0
SH00495,2025-02-11,Delhi,North,Delhi → North,BlueLine,Road,Express,Clear,386.3,269.2,7.18,0.974,16.15,19.34,0.0,0,79.95,5.0
SH00496,2025-02-11,Delhi,North,Delhi → North,BlueLine,Road,Standard,Clear,338.9,288.3,5.95,0.974,16.24,20.96,0.0,0,59.23,4.0
SH00497,2025-02-11,Nagpur,South,Nagpur → South,SwiftMove,Road,Standard,Clear,173.0,1025.2,5.1,0.969,32.09,36.89,0.0,0,137.99,4.0
SH00498,2025-02-11,Kolkata,West,Kolkata → West,RapidFreight,Road,Standard,Clear,260.6,1867.4,2.7,0.98,43.44,59.94,0.0,0,304.62,
SH00499,2025-02-11,Delhi,West,Delhi → West,TransGo,Road,Standard,Rain,222.4,1371.6,6.09,0.982,51.13,46.91,4.22,1,159.1,5.0
SH00500,2025-02-11,Mumbai,West,Mumbai → West,BlueLine,Road,Express,Fog,111.2,283.4,6.22,0.988,23.36,21.92,1.44,1,54.34,4.0
SH00501,2025-02-11,Nagpur,South,Nagpur → South,BlueLine,Air,Express,Rain,215.2,1002.0,5.84,0.997,24.31,27.9,0.0,0,407.04,4.0
SH00502,2025-02-11,Bengaluru,West,Bengaluru → West,TransGo,Road,Standard,Clear,247.7,1113.0,2.93,0.985,38.27,40.14,0.0,0,139.41,5.0
SH00503,2025-02-11,Bengaluru,South,Bengaluru → South,TransGo,Road,Standard,Clear,543.7,90.8,5.11,0.992,16.48,15.65,0.82,1,45.87,4.0
SH00504,2025-02-11,Nagpur,South,Nagpur → South,SwiftMove,Rail,Standard,Clear,192.5,1019.0,3.49,0.98,43.11,60.98,0.0,0,96.78,5.0
SH00505,2025-02-11,Mumbai,West,Mumbai → West,SwiftMove,Road,Standard,Clear,51.1,273.6,5.41,0.97,16.22,22.91,0.0,0,46.25,5.0
SH00506,2025-02-11,Mumbai,South,Mumbai → South,SwiftMove,Air,Express,Clear,170.0,1106.0,8.8,0.982,22.08,32.11,0.0,0,415.79,5.0
SH00507,2025-02-11,Mumbai,North,Mumbai → North,BlueLine,Rail,Standard,Storm,1051.0,1297.5,5.8,0.985,71.13,73.9,0.0,0,166.78,5.0
SH00508,2025-02-11,Bengaluru,South,Bengaluru → South,TransGo,Road,Standard,Clear,1748.7,53.0,5.48,0.99,16.48,14.75,1.73,1,99.85,4.0
SH00509,2025-02-12,Nagpur,Central,Nagpur → Central,TransGo,Road,Standard,Storm,216.8,207.3,4.56,0.984,34.41,17.29,17.12,1,58.59,4.0
SH00510,2025-02-12,Bengaluru,South,Bengaluru → South,TransGo,Road,Standard,Clear,344.0,329.8,6.34,0.975,22.92,21.38,1.54,1,61.58,5.0
SH00511,2025-02-12,Mumbai,West,Mumbai → West,SwiftMove,Road,Standard,Clear,534.4,185.1,5.42,0.986,14.7,20.78,0.0,0,57.51,5.0
SH00512,2025-02-12,Mumbai,East,Mumbai → East,BlueLine,Road,Standard,Storm,155.9,2181.9,5.77,0.986,88.24,68.62,19.62,1,298.48,4.0
SH00513,2025-02-12,Nagpur,South,Nagpur → South,SwiftMove,Road,Standard,Clear,289.3,939.0,4.89,0.993,27.16,34.82,0.0,0,134.63,4.0
SH00514,2025-02-12,Bengaluru,West,Bengaluru → West,RapidFreight,Air,Express,Clear,115.5,975.7,6.07,0.973,19.94,29.0,0.0,0,315.61,5.0
SH00515,2025-02-12,Bengaluru,East,Bengaluru → East,SwiftMove,Road,Standard,Clear,662.0,1947.3,5.81,0.985,48.73,60.13,0.0,0,283.16,4.0
SH00516,2025-02-12,Nagpur,South,Nagpur → South,SwiftMove,Rail,Standard,Clear,138.2,1001.9,4.47,0.996,53.31,60.43,0.0,0,101.26,4.0
SH00517,2025-02-12,Bengaluru,North,Bengaluru → North,RapidFreight,Road,Standard,Clear,216.7,1985.7,8.09,0.973,49.32,61.05,0.0,0,290.42,5.0
SH00518,2025-02-12,Mumbai,North,Mumbai → North,RapidFreight,Road,Standard,Clear,360.4,1343.5,5.44,0.997,35.49,48.54,0.0,0,239.12,4.0
SH00519,2025-02-12,Delhi,South,Delhi → South,RapidFreight,Rail,Standard,Clear,148.9,2410.5,5.36,1.001,97.67,107.15,0.0,0,305.38,4.0
SH00520,2025-02-12,Mumbai,North,Mumbai → North,BlueLine,Road,Standard,Clear,87.8,1407.9,7.81,0.983,51.57,50.08,1.49,1,162.87,4.0
SH00521,2025-02-12,Bengaluru,North,Bengaluru → North,TransGo,Road,Express,Clear,445.6,2312.2,2.45,0.983,52.7,58.9,0.0,0,300.51,5.0
SH00522,2025-02-12,Mumbai,North,Mumbai → North,SwiftMove,Road,Standard,Clear,51.5,1433.1,8.42,0.988,44.79,50.69,0.0,0,169.86,5.0
SH00523,2025-02-13,Bengaluru,East,Bengaluru → East,BlueLine,Road,Standard,Clear,217.6,2081.7,5.93,0.97,51.15,63.35,0.0,0,242.61,4.0
SH00524,2025-02-13,Mumbai,Central,Mumbai → Central,RapidFreight,Road,Standard,Clear,331.2,806.9,6.74,0.987,27.68,35.68,0.0,0,155.73,4.0
SH00525,2025-02-13,Delhi,East,Delhi → East,BlueLine,Road,Express,Clear,736.9,1414.4,5.59,0.987,40.82,41.84,0.0,0,271.55,5.0
SH00526,2025-02-13,Bengaluru,South,Bengaluru → South,RapidFreight,Road,Standard,Clear,601.5,299.4,4.14,0.972,13.49,20.65,0.0,0,110.14,4.0
SH00527,2025-02-13,Nagpur,Central,Nagpur → Central,RapidFreight,Road,Standard,Clear,257.8,331.3,4.87,1.005,14.22,20.26,0.0,0,81.65,4.0
SH00528,2025-02-13,Bengaluru,South,Bengaluru → South,RapidFreight,Road,Express,Clear,,215.4,6.14,0.993,13.28,17.71,0.0,0,128.93,5.0
SH00529,2025-02-13,Delhi,South,Delhi → South,SwiftMove,Road,Express,Clear,247.7,2308.0,3.97,1.007,49.11,59.39,0.0,0,413.85,5.0
SH00530,2025-02-13,Bengaluru,West,Bengaluru → West,SwiftMove,Road,Standard,Clear,420.0,1083.8,5.23,0.987,30.66,39.44,0.0,0,162.01,5.0
SH00531,2025-02-13,Delhi,West,Delhi → West,RapidFreight,Rail,Standard,Clear,46.0,1401.4,6.54,1.02,56.25,74.92,0.0,0,159.62,4.0
SH00532,2025-02-13,Nagpur,West,Nagpur → West,TransGo,Road,Standard,Clear,89.9,945.3,6.4,0.988,31.61,34.97,0.0,0,120.55,5.0
SH00533,2025-02-13,Delhi,West,Delhi → West,RapidFreight,Road,Standard,Storm,37.7,1371.6,6.12,0.999,48.9,46.91,1.99,1,213.76,3.0
SH00534,2025-02-13,Bengaluru,West,Bengaluru → West,BlueLine,Rail,Standard,Clear,552.3,988.2,7.2,0.978,50.18,61.14,0.0,0,118.73,5.0
SH00535,2025-02-13,Bengaluru,Central,Bengaluru → Central,SwiftMove,Road,Standard,Clear,579.7,1019.0,6.63,0.973,32.57,37.89,0.0,0,179.57,5.0
SH00536,2025-02-13,Mumbai,South,Mumbai → South,SwiftMove,Road,Standard,Clear,128.4,1098.0,8.32,1.0,40.36,42.66,0.0,0,166.62,4.0
SH00537,2025-02-14,Bengaluru,South,Bengaluru → South,RapidFreight,Road,Standard,Clear,546.2,263.6,5.02,0.995,12.13,19.79,0.0,0,89.1,4.0
SH00538,2025-02-14,Mumbai,West,Mumbai → West,TransGo,Road,Standard,Clear,337.5,261.5,5.13,0.998,23.37,22.61,0.75,1,50.24,5.0
SH00539,2025-02-14,Delhi,Central,Delhi → Central,RapidFreight,Road,Standard,Clear,710.6,1122.2,7.7,0.996,32.46,40.94,0.0,0,219.45,4.0
SH00540,2025-02-14,Bengaluru,West,Bengaluru → West,TransGo,Road,Standard,Clear,170.5,1017.4,3.97,0.981,35.74,37.85,0.0,0,133.62,4.0
SH00541,2025-02-14,Delhi,South,Delhi → South,SwiftMove,Road,Standard,Storm,131.0,2460.2,5.4,0.991,64.89,72.99,0.0,0,320.28,5.0
SH00542,2025-02-14,Bengaluru,West,Bengaluru → West,SwiftMove,Rail,Standard,Rain,68.1,1031.9,4.96,0.995,54.54,62.54,0.0,0,90.59,4.0
SH00543,2025-02-14,Mumbai,West,Mumbai → West,RapidFreight,Road,Express,Clear,189.9,63.1,7.5,0.997,13.29,17.59,0.0,0,45.06,4.0
SH00544,2025-02-14,Mumbai,South,Mumbai → South,TransGo,Road,Standard,Clear,114.5,965.4,7.43,0.979,41.01,39.48,1.53,1,114.65,4.0
SH00545,2025-02-14,Delhi,West,Delhi → West,TransGo,Road,Standard,Fog,149.4,1554.0,5.31,1.007,43.33,51.28,0.0,0,175.51,4.0
SH00546,2025-02-14,Nagpur,North,Nagpur → North,SwiftMove,Road,Standard,Clear,735.9,992.8,6.58,0.991,33.5,36.11,0.0,0,169.47,5.0
SH00547,2025-02-14,Mumbai,Central,Mumbai → Central,TransGo,Rail,Standard,Clear,202.3,866.8,6.25,0.991,51.83,60.14,0.0,0,73.35,5.0
SH00548,2025-02-15,Kolkata,West,Kolkata → West,SwiftMove,Road,Standard,Fog,301.9,2033.9,5.65,1.0,56.35,63.93,0.0,0,302.68,5.0
SH00549,2025-02-15,Kolkata,East,Kolkata → East,BlueLine,Road,Standard,Clear,160.2,214.5,3.79,0.989,13.32,20.34,0.0,0,40.72,4.0
SH00550,2025-02-15,Delhi,East,Delhi → East,SwiftMove,Road,Standard,Clear,99.1,1627.7,4.91,1.004,37.8,53.05,0.0,0,211.79,5.0
SH00551,2025-02-15,Delhi,West,Delhi → West,BlueLine,Air,Express,Clear,404.0,1502.6,5.4,0.995,28.76,30.51,0.0,0,512.68,5.0
SH00552,2025-02-15,Kolkata,South,Kolkata → South,TransGo,Rail,Standard,Rain,157.8,1889.7,4.52,0.979,93.53,91.67,1.86,1,149.04,5.0
SH00553,2025-02-15,Delhi,West,Delhi → West,TransGo,Rail,Standard,Clear,312.7,1527.8,6.88,0.988,71.98,78.95,0.0,0,124.06,5.0
SH00554,2025-02-15,Mumbai,South,Mumbai → South,BlueLine,Rail,Standard,Clear,466.1,1059.1,6.96,0.993,57.46,66.28,0.0,0,111.18,
SH00555,2025-02-15,Nagpur,West,Nagpur → West,BlueLine,Road,Standard,Clear,750.4,817.7,6.77,0.989,28.45,31.92,0.0,0,147.86,4.0
SH00556,2025-02-15,Delhi,South,Delhi → South,SwiftMove,Rail,Standard,Clear,503.5,1981.4,3.37,0.987,79.35,93.45,0.0,0,202.98,5.0
SH00557,2025-02-15,Mumbai,East,Mumbai → East,SwiftMove,Road,Standard,Clear,43.5,1966.3,7.32,0.99,49.03,63.46,0.0,0,245.34,5.0
SH00558,2025-02-15,Mumbai,South,Mumbai → South,SwiftMove,Road,Standard,Clear,447.2,1086.0,8.4,0.994,37.32,42.37,0.0,0,178.43,5.0
SH00559,2025-02-15,Delhi,Central,Delhi → Central,SwiftMove,Road,Standard,Clear,77.5,1029.0,3.69,1.008,29.36,38.7,0.0,0,148.91,5.0
SH00560,2025-02-15,Mumbai,West,Mumbai → West,SwiftMove,Road,Standard,Fog,87.1,46.6,6.97,1.002,20.35,17.47,2.89,1,21.99,5.0
SH00561,2025-02-15,Kolkata,West,Kolkata → West,BlueLine,Road,Express,Clear,564.2,2002.7,4.7,0.983,47.68,54.54,0.0,0,272.75,5.0
SH00562,2025-02-16,Mumbai,Central,Mumbai → Central,SwiftMove,Road,Standard,Clear,246.0,788.3,6.9,0.993,27.66,35.24,0.0,0,106.73,5.0
SH00563,2025-02-16,Mumbai,East,Mumbai → East,BlueLine,Road,Express,Rain,59.2,2156.1,4.88,0.994,56.03,58.71,0.0,0,318.52,5.0
SH00564,2025-02-16,Delhi,South,Delhi → South,RapidFreight,Road,Standard,Clear,109.7,2341.7,5.46,0.982,69.86,70.15,0.0,0,345.86,4.0
SH00565,2025-02-16,Bengaluru,South,Bengaluru → South,SwiftMove,Road,Standard,Rain,712.2,208.3,5.13,0.979,21.73,18.47,3.26,1,68.98,4.0
SH00566,2025-02-16,Mumbai,South,Mumbai → South,RapidFreight,Road,Standard,Clear,215.7,979.3,5.98,0.986,31.07,39.81,0.0,0,172.24,5.0
SH00567,2025-02-16,Bengaluru,West,Bengaluru → West,TransGo,Road,Standard,Clear,758.6,994.6,4.25,0.994,32.49,37.3,0.0,0,170.89,4.0
SH00568,2025-02-16,Delhi,West,Delhi → West,BlueLine,Road,Standard,Clear,138.0,1563.9,4.06,1.006,41.75,51.52,0.0,0,228.59,5.0
SH00569,2025-02-16,Kolkata,West,Kolkata → West,BlueLine,Rail,Standard,Clear,98.4,1864.6,6.55,0.982,79.76,90.86,0.0,0,143.68,5.0
SH00570,2025-02-16,Mumbai,Central,Mumbai → Central,TransGo,Road,Standard,Clear,117.2,902.8,7.2,0.995,34.95,37.98,0.0,0,109.06,5.0
SH00571,2025-02-16,Mumbai,West,Mumbai → West,SwiftMove,Road,Standard,Rain,409.3,257.2,6.69,0.976,25.94,22.51,3.43,1,70.92,4.0
SH00572,2025-02-17,Bengaluru,West,Bengaluru → West,SwiftMove,Road,Standard,Clear,395.5,949.7,3.09,0.995,22.19,36.23,0.0,0,141.42,5.0
SH00573,2025-02-17,Bengaluru,South,Bengaluru → South,BlueLine,Road,Standard,Clear,755.8,328.6,5.6,0.993,17.23,21.35,0.0,0,87.68,4.0
SH00574,2025-02-17,Nagpur,Central,Nagpur → Central,BlueLine,Road,Standard,Rain,88.0,318.6,6.02,0.982,22.32,19.96,2.36,1,39.5,4.0
SH00575,2025-02-17,Bengaluru,South,Bengaluru → South,RapidFreight,Road,Express,Clear,152.2,191.8,5.3,0.978,12.03,17.24,0.0,0,62.03,5.0
SH00576,2025-02-17,Mumbai,North,Mumbai → North,RapidFreight,Road,Express,Clear,672.3,1576.8,5.54,0.993,39.56,47.33,0.0,0,354.46,
SH00577,2025-02-17,Delhi,West,Delhi → West,RapidFreight,Road,Standard,Rain,1125.7,1304.1,5.74,0.98,46.56,45.29,1.27,1,259.43,5.0
SH00578,2025-02-17,Bengaluru,South,Bengaluru → South,BlueLine,Road,Standard,Clear,643.4,337.7,3.55,0.997,14.52,21.57,0.0,0,80.11,5.0
SH00579,2025-02-17,Nagpur,East,Nagpur → East,RapidFreight,Road,Standard,Clear,174.1,1143.1,4.4,1.003,30.58,39.71,0.0,0,202.45,5.0
SH00580,2025-02-17,Bengaluru,Central,Bengaluru → Central,SwiftMove,Road,Express,Clear,366.1,1033.3,5.36,0.985,24.7,33.78,0.0,0,188.46,5.0
SH00581,2025-02-17,Delhi,South,Delhi → South,BlueLine,Road,Standard,Clear,567.0,2463.0,6.14,0.994,67.04,73.06,0.0,0,309.29,5.0
SH00582,2025-02-17,Kolkata,West,Kolkata → West,BlueLine,Road,Standard,Clear,88.8,1840.5,5.14,0.989,50.26,59.3,0.0,0,207.14,
SH00583,2025-02-17,Mumbai,East,Mumbai → East,BlueLine,Road,Express,Clear,298.2,1875.0,5.34,0.99,48.82,53.19,0.0,0,307.78,5.0
SH00584,2025-02-17,Kolkata,North,Kolkata → North,RapidFreight,Road,Express,Clear,260.5,1655.8,5.19,0.993,36.44,47.73,0.0,0,336.11,4.0
SH00585,2025-02-18,Mumbai,South,Mumbai → South,BlueLine,Road,Standard,Clear,1594.1,1101.3,4.15,0.983,37.4,42.74,0.0,0,233.45,5.0
SH00586,2025-02-18,Bengaluru,South,Bengaluru → South,TransGo,Road,Standard,Clear,126.9,120.4,4.66,1.001,15.46,16.36,0.0,0,28.95,5.0
SH00587,2025-02-18,Delhi,South,Delhi → South,SwiftMove,Road,Standard,Clear,669.5,1980.9,4.49,1.013,49.59,61.51,0.0,0,279.29,5.0
SH00588,2025-02-18,Delhi,West,Delhi → West,SwiftMove,Road,Express,Storm,98.4,1477.6,6.95,1.004,59.34,43.08,16.26,1,260.31,4.0
SH00589,2025-02-18,Mumbai,South,Mumbai → South,BlueLine,Road,Standard,Clear,131.3,1027.0,6.59,0.98,32.74,40.96,0.0,0,128.43,3.0
SH00590,2025-02-18,Delhi,North,Delhi → North,SwiftMove,Road,Standard,Clear,104.9,284.2,6.75,0.985,18.37,20.86,0.0,0,51.84,4.0
SH00591,2025-02-18,Delhi,Central,Delhi → Central,SwiftMove,Road,Standard,Clear,99.0,1205.9,7.05,1.004,31.3,42.94,0.0,0,173.09,5.0
SH00592,2025-02-18,Kolkata,East,Kolkata → East,BlueLine,Road,Express,Clear,72.8,191.6,5.47,0.986,14.6,18.96,0.0,0,48.06,4.0
SH00593,2025-02-18,Mumbai,West,Mumbai → West,RapidFreight,Road,Standard,Clear,,306.1,6.91,0.989,16.24,23.68,0.0,0,72.47,5.0
SH00594,2025-02-18,Kolkata,North,Kolkata → North,RapidFreight,Road,Express,Clear,120.7,1566.7,3.57,1.0,35.41,45.98,0.0,0,273.28,4.0
SH00595,2025-02-18,Delhi,Central,Delhi → Central,BlueLine,Road,Standard,Clear,291.7,1056.9,3.1,0.986,27.13,39.37,0.0,0,145.58,4.0
SH00596,2025-02-18,Delhi,North,Delhi → North,SwiftMove,Road,Standard,Clear,1065.7,262.9,5.46,0.985,16.39,20.35,0.0,0,113.05,4.0
SH00597,2025-02-18,Mumbai,South,Mumbai → South,SwiftMove,Road,Express,Rain,79.2,1079.1,7.36,0.968,40.44,37.55,2.89,1,178.76,5.0
SH00598,2025-02-18,Mumbai,East,Mumbai → East,RapidFreight,Rail,Standard,Clear,65.8,2282.3,4.77,0.982,91.86,105.36,0.0,0,220.0,5.0
SH00599,2025-02-18,Kolkata,Central,Kolkata → Central,SwiftMove,Rail,Standard,Clear,432.6,1029.0,4.67,1.008,50.03,64.17,0.0,0,132.43,4.0
SH00600,2025-02-18,Kolkata,South,Kolkata → South,BlueLine,Road,Standard,Clear,146.1,1823.3,4.78,0.98,41.57,58.88,0.0,0,244.34,5.0
SH00601,2025-02-18,Delhi,West,Delhi → West,SwiftMove,Road,Standard,Clear,122.1,1501.6,7.66,0.982,44.16,50.02,0.0,0,216.71,5.0
SH00602,2025-02-18,Mumbai,West,Mumbai → West,BlueLine,Road,Standard,Clear,171.9,324.4,6.95,0.986,19.34,24.12,0.0,0,59.93,4.0
SH00603,2025-02-18,Kolkata,South,Kolkata → South,SwiftMove,Road,Standard,Clear,70.9,1788.0,6.93,0.982,43.82,58.04,0.0,0,253.56,4.0
SH00604,2025-02-18,Delhi,West,Delhi → West,BlueLine,Road,Express,Clear,60.6,1400.0,8.85,0.983,40.78,41.55,0.0,0,240.87,5.0
SH00605,2025-02-18,Mumbai,South,Mumbai → South,BlueLine,Road,Standard,Clear,125.5,944.4,7.78,0.986,31.75,38.98,0.0,0,118.0,5.0
SH00606,2025-02-19,Mumbai,East,Mumbai → East,BlueLine,Road,Standard,Clear,802.3,2179.9,5.95,0.987,56.52,68.58,0.0,0,303.57,5.0
SH00607,2025-02-19,Delhi,North,Delhi → North,RapidFreight,Road,Standard,Clear,814.6,337.3,6.52,0.977,19.51,22.13,0.0,0,105.45,5.0
SH00608,2025-02-19,Delhi,East,Delhi → East,BlueLine,Air,Express,Clear,895.3,1707.5,2.85,0.993,29.83,30.87,0.0,0,1124.95,4.0
SH00609,2025-02-19,Delhi,West,Delhi → West,TransGo,Rail,Standard,Clear,481.1,1493.3,4.26,0.999,81.76,77.85,3.91,1,119.43,4.0
SH00610,2025-02-19,Kolkata,South,Kolkata → South,RapidFreight,Road,Express,Storm,449.1,1782.8,4.83,0.986,55.45,50.23,5.23,1,363.71,4.0
SH00611,2025-02-19,Delhi,East,Delhi → East,SwiftMove,Road,Standard,Clear,221.8,1441.9,6.93,1.0,36.47,48.6,0.0,0,186.83,5.0
SH00612,2025-02-19,Kolkata,South,Kolkata → South,RapidFreight,Air,Express,Clear,482.4,2015.0,6.98,1.003,23.53,32.56,0.0,0,915.16,
SH00613,2025-02-20,Mumbai,Central,Mumbai → Central,SwiftMove,Rail,Standard,Clear,1045.2,793.6,4.75,0.99,51.45,57.8,0.0,0,134.88,5.0
SH00614,2025-02-20,Nagpur,West,Nagpur → West,SwiftMove,Road,Standard,Clear,76.0,829.1,2.57,0.986,20.95,32.19,0.0,0,109.78,5.0
SH00615,2025-02-20,Bengaluru,South,Bengaluru → South,SwiftMove,Road,Standard,Clear,23.2,82.6,5.94,0.984,9.52,15.45,0.0,0,22.2,5.0
SH00616,2025-02-20,Bengaluru,North,Bengaluru → North,BlueLine,Road,Standard,Clear,132.8,2100.9,4.2,0.999,52.2,63.81,0.0,0,243.06,5.0
SH00617,2025-02-20,Nagpur,North,Nagpur → North,TransGo,Road,Standard,Clear,107.4,1203.1,5.23,0.984,41.25,41.15,0.1,1,129.57,5.0
SH00618,2025-02-20,Delhi,South,Delhi → South,RapidFreight,Rail,Standard,Clear,240.3,2436.8,3.15,0.991,80.5,107.99,0.0,0,243.41,4.0
SH00619,2025-02-20,Bengaluru,North,Bengaluru → North,SwiftMove,Road,Express,Clear,516.4,2336.5,4.65,0.998,55.68,59.38,0.0,0,389.74,5.0
SH00620,2025-02-20,Nagpur,North,Nagpur → North,BlueLine,Road,Standard,Clear,264.5,1169.8,5.66,0.985,28.27,40.35,0.0,0,150.59,5.0
SH00621,2025-02-20,Nagpur,West,Nagpur → West,BlueLine,Road,Standard,Clear,1470.4,935.9,5.95,0.992,26.99,34.75,0.0,0,230.94,5.0
SH00622,2025-02-21,Bengaluru,East,Bengaluru → East,BlueLine,Road,Standard,Clear,354.8,1784.9,6.84,0.996,44.52,56.24,0.0,0,223.72,5.0
SH00623,2025-02-21,Delhi,North,Delhi → North,TransGo,Road,Express,Clear,341.6,279.8,5.42,0.977,20.48,19.55,0.93,1,62.3,5.0
SH00624,2025-02-21,Mumbai,Central,Mumbai → Central,BlueLine,Road,Express,Clear,176.6,906.1,6.33,1.009,25.66,34.15,0.0,0,142.2,5.0
SH00625,2025-02-21,Delhi,East,Delhi → East,TransGo,Rail,Standard,Rain,100.0,1427.3,4.14,0.996,78.98,75.74,3.24,1,117.71,5.0
SH00626,2025-02-21,Delhi,West,Delhi → West,BlueLine,Road,Standard,Clear,51.3,1315.1,5.35,0.987,35.96,45.56,0.0,0,183.0,4.0
SH00627,2025-02-21,Mumbai,West,Mumbai → West,RapidFreight,Road,Standard,Clear,527.4,301.0,6.5,1.008,18.1,23.56,0.0,0,100.62,4.0
SH00628,2025-02-21,Delhi,East,Delhi → East,SwiftMove,Road,Standard,Clear,46.1,1711.4,7.29,0.997,44.23,55.05,0.0,0,183.19,5.0
SH00629,2025-02-21,Delhi,South,Delhi → South,BlueLine,Road,Standard,Clear,159.3,2352.5,5.32,0.974,64.94,70.41,0.0,0,256.96,5.0
SH00630,2025-02-21,Kolkata,North,Kolkata → North,RapidFreight,Road,Standard,Clear,740.7,1695.9,2.48,0.979,38.37,55.83,0.0,0,311.21,5.0
SH00631,2025-02-21,Mumbai,North,Mumbai → North,SwiftMove,Rail,Standard,Clear,,1328.8,6.03,0.986,57.95,74.9,0.0,0,232.76,5.0
SH00632,2025-02-21,Bengaluru,East,Bengaluru → East,BlueLine,Road,Express,Clear,,1998.7,5.51,0.995,43.4,52.74,0.0,0,306.5,4.0
SH00633,2025-02-21,Bengaluru,East,Bengaluru → East,SwiftMove,Road,Standard,Clear,292.3,1858.8,6.42,0.983,55.33,58.01,0.0,0,224.19,5.0
SH00634,2025-02-21,Bengaluru,North,Bengaluru → North,BlueLine,Road,Standard,Clear,1084.5,2395.5,4.99,0.982,64.24,70.87,0.0,0,304.45,5.0
SH00635,2025-02-21,Nagpur,East,Nagpur → East,TransGo,Road,Standard,Clear,224.6,1088.0,5.59,1.008,34.74,38.39,0.0,0,165.3,5.0
SH00636,2025-02-21,Nagpur,North,Nagpur → North,TransGo,Road,Standard,Clear,162.1,1060.4,4.69,0.972,37.44,37.73,0.0,0,106.76,5.0
SH00637,2025-02-21,Nagpur,North,Nagpur → North,TransGo,Road,Standard,Clear,1081.2,1106.2,5.83,1.001,31.4,38.83,0.0,0,193.4,4.0
SH00638,2025-02-22,Kolkata,North,Kolkata → North,SwiftMove,Air,Express,Clear,218.3,1384.5,5.81,0.993,24.71,31.45,0.0,0,429.58,5.0
SH00639,2025-02-22,Kolkata,North,Kolkata → North,RapidFreight,Road,Standard,Clear,277.2,1653.6,5.47,0.999,43.95,54.82,0.0,0,268.1,5.0
SH00640,2025-02-22,Delhi,East,Delhi → East,TransGo,Road,Standard,Rain,3015.5,1592.4,4.6,1.014,56.82,52.2,4.61,1,345.18,5.0
SH00641,2025-02-22,Kolkata,North,Kolkata → North,BlueLine,Road,Standard,Rain,1313.0,1708.8,5.42,0.986,53.04,56.14,0.0,0,282.77,4.0
SH00642,2025-02-22,Mumbai,West,Mumbai → West,SwiftMove,Road,Standard,Fog,186.0,266.9,5.2,0.961,25.82,22.74,3.07,1,59.22,4.0
SH00643,2025-02-22,Mumbai,North,Mumbai → North,SwiftMove,Road,Standard,Clear,206.2,1390.5,5.1,1.009,41.06,49.66,0.0,0,189.33,5.0
SH00644,2025-02-22,Mumbai,South,Mumbai → South,BlueLine,Road,Standard,Rain,216.9,994.9,5.96,0.984,34.0,40.19,0.0,0,140.61,4.0
SH00645,2025-02-22,Bengaluru,West,Bengaluru → West,SwiftMove,Rail,Standard,Clear,37.8,977.4,5.87,0.985,45.91,60.8,0.0,0,87.63,4.0
SH00646,2025-02-22,Bengaluru,West,Bengaluru → West,SwiftMove,Rail,Standard,Rain,86.2,989.6,3.87,0.997,61.57,61.19,0.38,1,95.58,5.0
SH00647,2025-02-22,Bengaluru,West,Bengaluru → West,BlueLine,Rail,Standard,Rain,221.3,1108.8,4.47,0.997,61.31,65.0,0.0,0,107.02,5.0
SH00648,2025-02-22,Mumbai,West,Mumbai → West,BlueLine,Road,Standard,Clear,361.7,262.3,3.85,0.986,16.71,22.63,0.0,0,57.32,5.0
SH00649,2025-02-22,Mumbai,North,Mumbai → North,RapidFreight,Road,Standard,Clear,716.4,1607.2,5.14,0.999,42.09,54.86,0.0,0,257.12,5.0
SH00650,2025-02-22,Delhi,North,Delhi → North,RapidFreight,Road,Standard,Clear,191.3,84.2,4.81,0.98,12.71,16.07,0.0,0,37.92,4.0
SH00651,2025-02-22,Kolkata,West,Kolkata → West,RapidFreight,Road,Standard,Clear,423.8,2224.5,5.44,0.994,49.64,68.49,0.0,0,332.48,5.0
SH00652,2025-02-22,Mumbai,West,Mumbai → West,RapidFreight,Road,Standard,Clear,288.4,179.6,6.65,0.981,13.9,20.65,0.0,0,56.46,4.0
SH00653,2025-02-22,Mumbai,East,Mumbai → East,BlueLine,Road,Express,Clear,523.7,2247.5,7.29,0.979,49.44,60.5,0.0,0,336.37,5.0
SH00654,2025-02-23,Delhi,West,Delhi → West,TransGo,Road,Standard,Rain,332.1,1538.2,3.06,0.986,47.43,50.9,0.0,0,192.94,4.0
SH00655,2025-02-23,Bengaluru,West,Bengaluru → West,RapidFreight,Road,Express,Clear,216.1,1074.8,7.19,0.98,26.72,34.59,0.0,0,208.56,5.0
SH00656,2025-02-23,Delhi,North,Delhi → North,SwiftMove,Road,Express,Clear,117.1,205.0,5.92,0.992,15.2,18.08,0.0,0,59.09,5.0
SH00657,2025-02-23,Bengaluru,East,Bengaluru → East,SwiftMove,Road,Standard,Clear,52.2,1804.6,6.32,0.98,44.26,56.71,0.0,0,240.2,5.0
SH00658,2025-02-23,Mumbai,North,Mumbai → North,SwiftMove,Road,Express,Clear,79.8,1609.3,7.52,0.993,37.9,47.97,0.0,0,243.05,5.0
SH00659,2025-02-23,Kolkata,East,Kolkata → East,TransGo,Road,Standard,Rain,284.9,289.1,5.51,0.978,29.02,22.13,6.9,1,59.96,4.0
SH00660,2025-02-23,Delhi,South,Delhi → South,SwiftMove,Road,Standard,Clear,1261.5,2250.7,8.12,0.992,60.23,67.97,0.0,0,353.19,5.0
SH00661,2025-02-23,Bengaluru,East,Bengaluru → East,BlueLine,Road,Standard,Clear,334.1,1762.5,3.58,0.981,49.67,55.7,0.0,0,220.45,5.0
SH00662,2025-02-23,Bengaluru,West,Bengaluru → West,RapidFreight,Rail,Standard,Rain,245.1,1067.0,3.94,1.002,57.46,63.66,0.0,0,119.56,4.0
SH00663,2025-02-23,Mumbai,South,Mumbai → South,SwiftMove,Road,Standard,Clear,136.2,1122.2,8.98,0.988,40.26,43.24,0.0,0,151.72,4.0
SH00664,2025-02-24,Mumbai,South,Mumbai → South,BlueLine,Road,Express,Clear,433.7,910.4,7.6,0.992,31.39,34.24,0.0,0,162.46,
SH00665,2025-02-24,Mumbai,East,Mumbai → East,TransGo,Air,Express,Clear,263.5,2158.5,6.03,1.01,30.34,33.97,0.0,0,484.01,5.0
SH00666,2025-02-24,Bengaluru,West,Bengaluru → West,BlueLine,Rail,Standard,Clear,526.3,1019.3,6.52,0.989,51.56,62.14,0.0,0,108.06,
SH00667,2025-02-24,Kolkata,North,Kolkata → North,BlueLine,Rail,Standard,Clear,418.0,1512.7,4.09,0.97,70.83,79.62,0.0,0,127.13,4.0
SH00668,2025-02-24,Delhi,South,Delhi → South,BlueLine,Road,Standard,Clear,226.8,2245.5,4.73,0.984,58.83,67.85,0.0,0,294.36,5.0
SH00669,2025-02-24,Delhi,South,Delhi → South,BlueLine,Air,Express,Clear,62.1,2314.9,3.97,0.992,22.93,31.95,0.0,0,375.71,4.0
SH00670,2025-02-24,Bengaluru,North,Bengaluru → North,SwiftMove,Rail,Standard,Clear,35.4,1988.0,6.53,0.962,80.56,93.08,0.0,0,158.36,5.0
SH00671,2025-02-24,Nagpur,East,Nagpur → East,BlueLine,Rail,Standard,Storm,250.8,1166.8,4.99,0.978,63.45,65.7,0.0,0,126.68,5.0
SH00672,2025-02-24,Bengaluru,West,Bengaluru → West,SwiftMove,Rail,Standard,Clear,40.7,971.5,3.7,0.972,48.38,60.61,0.0,0,104.02,4.0
SH00673,2025-02-24,Mumbai,Central,Mumbai → Central,SwiftMove,Air,Express,Clear,147.4,899.9,6.74,0.993,28.51,31.74,0.0,0,275.41,5.0
SH00674,2025-02-24,Mumbai,East,Mumbai → East,BlueLine,Road,Standard,Clear,70.4,2255.4,5.45,1.004,67.74,70.39,0.0,0,297.95,5.0
SH00675,2025-02-24,Delhi,South,Delhi → South,TransGo,Rail,Standard,Clear,449.0,2353.0,6.41,0.978,92.48,105.32,0.0,0,169.81,5.0
SH00676,2025-02-25,Mumbai,North,Mumbai → North,SwiftMove,Road,Standard,Clear,1425.0,1339.8,8.42,0.983,48.23,48.45,0.0,0,219.83,5.0
SH00677,2025-02-25,Delhi,South,Delhi → South,TransGo,Road,Standard,Rain,973.3,2073.7,7.4,0.992,69.35,63.73,5.62,1,273.84,4.0
SH00678,2025-02-25,Kolkata,South,Kolkata → South,BlueLine,Road,Express,Clear,238.0,1723.2,5.79,0.994,39.16,49.05,0.0,0,244.52,5.0
SH00679,2025-02-25,Bengaluru,North,Bengaluru → North,TransGo,Rail,Standard,Fog,105.1,2312.6,6.54,0.987,116.9,103.45,13.45,1,183.15,4.0
SH00680,2025-02-25,Delhi,South,Delhi → South,RapidFreight,Rail,Standard,Clear,83.3,2031.5,5.61,0.978,86.57,95.04,0.0,0,209.92,5.0
SH00681,2025-02-25,Delhi,East,Delhi → East,SwiftMove,Road,Standard,Clear,199.8,1673.8,4.47,0.987,45.98,54.15,0.0,0,208.18,5.0
SH00682,2025-02-25,Bengaluru,East,Bengaluru → East,SwiftMove,Road,Standard,Clear,282.5,1756.3,5.81,0.977,48.67,55.55,0.0,0,273.44,4.0
SH00683,2025-02-25,Bengaluru,Central,Bengaluru → Central,SwiftMove,Air,Express,Clear,160.4,1029.3,6.03,0.985,21.84,29.1,0.0,0,332.19,4.0
SH00684,2025-02-25,Mumbai,Central,Mumbai → Central,SwiftMove,Road,Standard,Clear,209.2,931.4,8.28,0.968,31.84,38.66,0.0,0,128.44,5.0
SH00685,2025-02-25,Delhi,East,Delhi → East,TransGo,Road,Express,Rain,966.5,1576.9,7.37,0.992,43.65,45.03,0.0,0,261.83,4.0
SH00686,2025-02-25,Nagpur,West,Nagpur → West,SwiftMove,Road,Standard,Clear,160.7,918.7,3.42,0.981,22.41,34.34,0.0,0,142.69,5.0
SH00687,2025-02-25,Delhi,West,Delhi → West,BlueLine,Rail,Standard,Fog,462.9,1469.0,4.24,0.999,75.15,77.08,0.0,0,151.44,5.0
SH00688,2025-02-25,Nagpur,South,Nagpur → South,SwiftMove,Road,Standard,Rain,131.4,1008.6,3.46,0.992,26.8,36.49,0.0,0,157.81,4.0
SH00689,2025-02-25,Bengaluru,South,Bengaluru → South,BlueLine,Road,Standard,Rain,2171.2,144.5,6.34,0.992,25.9,16.94,8.96,1,144.01,4.0
SH00690,2025-02-25,Mumbai,South,Mumbai → South,TransGo,Rail,Standard,Clear,177.8,1089.0,4.47,0.979,55.15,67.24,0.0,0,84.69,4.0
SH00691,2025-02-25,Delhi,South,Delhi → South,BlueLine,Road,Express,Clear,11.9,2430.8,6.33,0.985,61.01,61.81,0.0,0,342.99,5.0
SH00692,2025-02-26,Delhi,North,Delhi → North,SwiftMove,Road,Express,Clear,175.7,300.6,5.63,0.988,15.06,19.96,0.0,0,64.04,4.0
SH00693,2025-02-26,Delhi,West,Delhi → West,TransGo,Road,Express,Clear,231.9,1569.9,6.3,0.993,38.36,44.89,0.0,0,209.02,4.0
SH00694,2025-02-26,Bengaluru,East,Bengaluru → East,RapidFreight,Road,Standard,Clear,136.6,2101.1,5.26,0.992,48.71,63.81,0.0,0,408.89,4.0
SH00695,2025-02-26,Delhi,East,Delhi → East,BlueLine,Road,Standard,Clear,30.2,1700.5,6.15,0.98,48.14,54.79,0.0,0,217.36,4.0
SH00696,2025-02-26,Delhi,West,Delhi → West,BlueLine,Road,Standard,Clear,165.1,1480.5,2.99,0.997,38.99,49.52,0.0,0,184.5,4.0
SH00697,2025-02-26,Kolkata,South,Kolkata → South,SwiftMove,Road,Standard,Clear,228.6,1787.5,3.44,0.986,49.4,58.03,0.0,0,270.89,4.0
SH00698,2025-02-26,Mumbai,Central,Mumbai → Central,RapidFreight,Road,Standard,Clear,278.7,830.6,6.74,0.995,29.19,36.25,0.0,0,175.92,4.0
SH00699,2025-02-26,Delhi,West,Delhi → West,RapidFreight,Road,Standard,Clear,36.8,1586.1,5.37,1.009,41.69,52.05,0.0,0,263.47,5.0
SH00700,2025-02-26,Mumbai,North,Mumbai → North,SwiftMove,Rail,Standard,Storm,312.6,1439.3,6.04,0.969,92.38,78.43,13.96,1,149.49,4.0
SH00701,2025-02-26,Nagpur,West,Nagpur → West,BlueLine,Road,Standard,Clear,167.0,868.1,6.13,0.978,27.89,33.12,0.0,0,109.53,5.0
SH00702,2025-02-26,Nagpur,South,Nagpur → South,BlueLine,Road,Standard,Clear,164.3,1128.3,4.35,0.988,32.97,39.36,0.0,0,153.87,5.0
SH00703,2025-02-26,Kolkata,North,Kolkata → North,TransGo,Road,Express,Clear,39.1,1588.6,4.81,0.988,40.19,46.41,0.0,0,235.19,5.0
SH00704,2025-02-27,Bengaluru,South,Bengaluru → South,SwiftMove,Road,Standard,Clear,227.1,292.8,4.57,1.001,18.64,20.49,0.0,0,63.97,4.0
SH00705,2025-02-27,Delhi,North,Delhi → North,BlueLine,Road,Standard,Clear,272.5,342.0,5.6,0.979,18.91,22.24,0.0,0,57.44,4.0
SH00706,2025-02-27,Delhi,East,Delhi → East,TransGo,Air,Express,Clear,124.4,1559.5,7.02,0.975,30.17,30.61,0.0,0,318.52,5.0
SH00707,2025-02-27,Mumbai,North,Mumbai → North,TransGo,Rail,Standard,Fog,116.7,1507.8,4.54,0.982,77.34,80.61,0.0,0,100.69,4.0
SH00708,2025-02-27,Delhi,South,Delhi → South,BlueLine,Rail,Standard,Clear,585.7,2373.3,5.88,0.992,86.5,105.96,0.0,0,212.59,5.0
SH00709,2025-02-27,Bengaluru,East,Bengaluru → East,BlueLine,Road,Standard,Clear,161.5,2038.5,2.04,0.981,53.72,62.31,0.0,0,244.24,5.0
SH00710,2025-02-27,Bengaluru,East,Bengaluru → East,BlueLine,Rail,Standard,Clear,588.8,1922.5,6.68,0.985,81.63,90.99,0.0,0,175.96,5.0
SH00711,2025-02-27,Nagpur,South,Nagpur → South,TransGo,Road,Express,Clear,410.6,991.7,5.72,0.99,29.68,31.81,0.0,0,159.32,5.0
SH00712,2025-02-27,Bengaluru,East,Bengaluru → East,BlueLine,Road,Express,Clear,44.1,1924.2,4.93,0.989,43.24,51.28,0.0,0,277.83,4.0
SH00713,2025-02-27,Mumbai,South,Mumbai → South,TransGo,Road,Standard,Clear,242.2,983.4,6.54,0.992,35.88,39.91,0.0,0,125.25,5.0
SH00714,2025-02-27,Kolkata,West,Kolkata → West,SwiftMove,Air,Express,Clear,107.5,2198.7,5.77,0.992,24.68,32.89,0.0,0,419.82,5.0
SH00715,2025-02-27,Nagpur,Central,Nagpur → Central,RapidFreight,Road,Express,Clear,106.1,181.0,3.35,0.959,6.69,15.88,0.0,0,50.34,5.0
SH00716,2025-02-28,Nagpur,East,Nagpur → East,BlueLine,Air,Express,Clear,387.1,1038.5,6.57,0.988,23.86,27.96,0.0,0,551.53,
SH00717,2025-02-28,Kolkata,West,Kolkata → West,BlueLine,Road,Standard,Clear,151.8,1872.6,3.2,0.99,55.26,60.06,0.0,0,246.89,5.0
SH00718,2025-02-28,Delhi,Central,Delhi → Central,SwiftMove,Road,Express,Clear,397.7,1164.6,6.44,0.985,33.52,36.93,0.0,0,184.89,4.0
SH00719,2025-02-28,Mumbai,West,Mumbai → West,BlueLine,Road,Standard,Clear,1139.5,232.8,8.8,0.994,24.01,21.93,2.08,1,99.44,5.0
SH00720,2025-02-28,Kolkata,Central,Kolkata → Central,TransGo,Rail,Standard,Clear,864.3,1213.5,5.19,0.999,61.0,70.06,0.0,0,131.4,4.0
SH00721,2025-02-28,Mumbai,Central,Mumbai → Central,SwiftMove,Rail,Standard,Clear,325.2,859.6,6.85,0.996,55.69,59.91,0.0,0,101.05,5.0
SH00722,2025-02-28,Bengaluru,North,Bengaluru → North,SwiftMove,Road,Standard,Clear,35.9,2252.2,1.91,0.983,49.25,67.43,0.0,0,328.04,5.0
SH00723,2025-02-28,Mumbai,Central,Mumbai → Central,BlueLine,Road,Standard,Clear,132.6,862.9,7.33,0.995,33.07,37.02,0.0,0,120.37,5.0
SH00724,2025-02-28,Nagpur,East,Nagpur → East,SwiftMove,Road,Standard,Clear,69.5,1141.7,5.51,0.986,38.92,39.68,0.0,0,143.67,5.0
SH00725,2025-02-28,Bengaluru,Central,Bengaluru → Central,RapidFreight,Road,Standard,Clear,156.4,925.1,5.22,0.995,23.93,35.64,0.0,0,129.66,4.0
SH00726,2025-02-28,Bengaluru,North,Bengaluru → North,SwiftMove,Rail,Standard,Clear,483.0,2211.6,4.69,0.991,77.29,100.22,0.0,0,168.59,
SH00727,2025-02-28,Delhi,East,Delhi → East,RapidFreight,Road,Standard,Clear,502.3,1681.2,6.04,0.974,46.5,54.33,0.0,0,276.62,5.0
SH00728,2025-02-28,Mumbai,North,Mumbai → North,SwiftMove,Road,Standard,Clear,157.6,1464.2,4.59,0.979,40.96,51.43,0.0,0,191.95,5.0
SH00729,2025-02-28,Delhi,West,Delhi → West,RapidFreight,Road,Standard,Clear,475.2,1363.3,4.25,0.991,34.16,46.71,0.0,0,208.79,5.0
SH00730,2025-02-28,Mumbai,West,Mumbai → West,RapidFreight,Road,Express,Clear,95.6,118.7,6.83,0.994,12.07,18.68,0.0,0,41.38,4.0
SH00731,2025-02-28,Delhi,North,Delhi → North,BlueLine,Road,Standard,Clear,,252.6,5.64,0.991,17.63,20.1,0.0,0,53.98,4.0
SH00732,2025-02-28,Bengaluru,West,Bengaluru → West,TransGo,Air,Express,Clear,242.6,971.2,6.49,0.99,25.96,28.99,0.0,0,324.54,5.0
SH00733,2025-03-01,Mumbai,Central,Mumbai → Central,TransGo,Air,Express,Clear,161.3,794.4,3.19,1.004,25.49,31.56,0.0,0,259.99,5.0
SH00734,2025-03-01,Mumbai,West,Mumbai → West,SwiftMove,Road,Standard,Clear,257.7,292.6,6.77,0.995,17.82,23.36,0.0,0,56.9,
SH00735,2025-03-01,Kolkata,South,Kolkata → South,SwiftMove,Road,Standard,Clear,110.1,2058.1,2.74,0.994,56.89,64.51,0.0,0,250.87,4.0
SH00736,2025-03-01,Kolkata,South,Kolkata → South,RapidFreight,Road,Express,Storm,85.5,2031.6,6.54,1.001,45.74,55.11,0.0,0,410.91,5.0
SH00737,2025-03-01,Bengaluru,West,Bengaluru → West,TransGo,Road,Standard,Clear,123.7,959.6,2.2,1.013,30.67,36.47,0.0,0,116.8,4.0
SH00738,2025-03-01,Bengaluru,West,Bengaluru → West,BlueLine,Road,Standard,Clear,960.2,1035.8,5.36,1.006,33.01,38.29,0.0,0,170.94,5.0
SH00739,2025-03-01,Kolkata,South,Kolkata → South,BlueLine,Road,Express,Clear,275.8,1985.7,5.58,1.015,48.15,54.21,0.0,0,292.18,4.0
SH00740,2025-03-01,Mumbai,West,Mumbai → West,BlueLine,Road,Standard,Clear,229.9,84.5,6.97,1.02,15.49,18.37,0.0,0,33.99,5.0
SH00741,2025-03-01,Mumbai,East,Mumbai → East,TransGo,Road,Standard,Clear,458.7,2061.4,2.78,1.013,53.18,65.74,0.0,0,237.89,5.0
SH00742,2025-03-01,Bengaluru,East,Bengaluru → East,BlueLine,Road,Standard,Clear,131.9,1742.4,7.54,1.013,40.95,55.22,0.0,0,220.71,5.0
SH00743,2025-03-01,Bengaluru,West,Bengaluru → West,TransGo,Road,Standard,Clear,191.7,1069.0,5.54,0.999,34.24,39.09,0.0,0,133.0,4.0
SH00744,2025-03-01,Mumbai,East,Mumbai → East,SwiftMove,Road,Express,Clear,117.6,2119.7,6.03,1.01,49.57,57.99,0.0,0,303.99,4.0
SH00745,2025-03-02,Kolkata,East,Kolkata → East,RapidFreight,Road,Standard,Clear,319.9,109.0,3.93,1.014,8.77,17.81,0.0,0,53.71,4.0
SH00746,2025-03-02,Delhi,East,Delhi → East,RapidFreight,Air,Express,Clear,503.1,1553.4,6.41,0.989,21.01,30.6,0.0,0,828.9,5.0
SH00747,2025-03-02,Mumbai,West,Mumbai → West,BlueLine,Road,Standard,Clear,172.5,193.2,7.67,1.007,20.88,20.98,0.0,0,36.85,5.0
SH00748,2025-03-02,Nagpur,North,Nagpur → North,SwiftMove,Road,Express,Clear,933.3,1165.0,3.89,1.018,25.52,35.21,0.0,0,264.02,4.0
SH00749,2025-03-02,Kolkata,Central,Kolkata → Central,RapidFreight,Rail,Standard,Storm,72.7,1130.1,3.14,1.01,59.34,67.4,0.0,0,164.35,4.0
SH00750,2025-03-02,Mumbai,North,Mumbai → North,BlueLine,Road,Standard,Clear,121.4,1459.8,4.83,0.995,43.47,51.32,0.0,0,158.67,5.0
SH00751,2025-03-02,Kolkata,South,Kolkata → South,RapidFreight,Rail,Standard,Rain,314.0,1848.6,3.89,1.024,74.09,90.35,0.0,0,213.65,4.0
SH00752,2025-03-02,Mumbai,West,Mumbai → West,BlueLine,Road,Standard,Clear,197.4,286.0,5.61,1.007,20.19,23.2,0.0,0,56.76,5.0
SH00753,2025-03-02,Mumbai,West,Mumbai → West,TransGo,Road,Standard,Clear,139.5,246.9,8.45,1.011,23.48,22.27,1.22,1,48.11,4.0
SH00754,2025-03-02,Nagpur,North,Nagpur → North,TransGo,Road,Express,Clear,580.2,1052.0,4.66,1.008,34.39,32.99,1.4,1,183.17,5.0
SH00755,2025-03-02,Mumbai,North,Mumbai → North,TransGo,Rail,Standard,Clear,594.8,1408.2,7.74,1.029,73.41,77.44,0.0,0,133.79,5.0
SH00756,2025-03-02,Delhi,South,Delhi → South,RapidFreight,Road,Standard,Clear,338.3,2253.5,4.88,1.024,55.71,68.04,0.0,0,332.98,5.0
SH00757,2025-03-03,Delhi,North,Delhi → North,RapidFreight,Road,Standard,Clear,82.0,207.4,6.46,0.999,13.02,19.02,0.0,0,44.84,4.0
SH00758,2025-03-03,Kolkata,West,Kolkata → West,SwiftMove,Rail,Standard,Clear,25.6,2031.9,6.97,1.009,75.74,96.21,0.0,0,190.18,5.0
SH00759,2025-03-03,Delhi,North,Delhi → North,SwiftMove,Road,Express,Clear,624.4,334.0,6.19,1.014,19.84,20.61,0.0,0,113.95,
SH00760,2025-03-03,Bengaluru,South,Bengaluru → South,SwiftMove,Road,Standard,Clear,189.7,302.3,4.75,1.024,12.92,20.72,0.0,0,63.0,4.0
SH00761,2025-03-03,Bengaluru,South,Bengaluru → South,TransGo,Road,Standard,Clear,153.1,250.6,5.92,1.007,18.23,19.48,0.0,0,44.55,4.0
SH00762,2025-03-03,Bengaluru,North,Bengaluru → North,SwiftMove,Road,Standard,Clear,210.7,2006.7,4.63,1.029,58.49,61.55,0.0,0,271.56,4.0
SH00763,2025-03-03,Kolkata,South,Kolkata → South,BlueLine,Road,Standard,Clear,917.7,2048.9,2.88,1.0,45.65,64.29,0.0,0,294.04,5.0
SH00764,2025-03-03,Delhi,Central,Delhi → Central,SwiftMove,Road,Standard,Clear,602.3,1072.4,5.66,1.003,27.85,39.74,0.0,0,167.9,5.0
SH00765,2025-03-03,Mumbai,West,Mumbai → West,BlueLine,Road,Express,Rain,521.0,80.1,7.4,0.996,24.93,17.92,7.01,1,56.55,5.0
SH00766,2025-03-03,Kolkata,North,Kolkata → North,SwiftMove,Road,Standard,Clear,723.5,1653.2,6.52,0.986,45.62,54.81,0.0,0,226.89,4.0
SH00767,2025-03-03,Delhi,East,Delhi → East,SwiftMove,Rail,Standard,Clear,46.4,1700.7,6.5,1.015,74.51,84.48,0.0,0,135.97,4.0
SH00768,2025-03-03,Nagpur,North,Nagpur → North,SwiftMove,Road,Express,Clear,64.6,1039.8,5.38,0.999,28.05,32.75,0.0,0,174.47,5.0
SH00769,2025-03-03,Mumbai,North,Mumbai → North,RapidFreight,Air,Express,Clear,645.2,1428.6,4.91,1.026,23.83,32.68,0.0,0,1021.21,5.0
SH00770,2025-03-03,Kolkata,East,Kolkata → East,TransGo,Road,Standard,Clear,101.9,326.3,4.06,1.015,21.77,23.02,0.0,0,59.72,4.0
SH00771,2025-03-04,Mumbai,North,Mumbai → North,TransGo,Rail,Standard,Clear,274.6,1465.8,4.52,0.998,72.06,79.27,0.0,0,120.57,5.0
SH00772,2025-03-04,Delhi,East,Delhi → East,TransGo,Road,Standard,Clear,39.0,1528.3,5.95,1.004,52.92,50.67,2.25,1,179.85,4.0
SH00773,2025-03-04,Bengaluru,South,Bengaluru → South,SwiftMove,Road,Express,Clear,158.4,154.7,2.65,1.018,9.26,16.51,0.0,0,53.35,5.0
SH00774,2025-03-04,Delhi,East,Delhi → East,SwiftMove,Air,Express,Clear,389.2,1618.9,7.42,1.011,23.61,30.71,0.0,0,571.45,5.0
SH00775,2025-03-04,Bengaluru,South,Bengaluru → South,SwiftMove,Road,Standard,Fog,131.7,113.5,4.51,1.005,20.44,16.19,4.24,1,33.46,
SH00776,2025-03-04,Bengaluru,North,Bengaluru → North,SwiftMove,Air,Express,Clear,667.4,2360.2,4.63,0.992,24.6,31.45,0.0,0,1003.41,4.0
SH00777,2025-03-04,Mumbai,East,Mumbai → East,BlueLine,Road,Standard,Clear,46.2,2077.8,7.0,1.013,59.05,66.13,0.0,0,236.79,5.0
SH00778,2025-03-04,Mumbai,West,Mumbai → West,SwiftMove,Road,Standard,Rain,165.8,223.2,5.11,1.019,21.26,21.7,0.0,0,43.29,
SH00779,2025-03-04,Nagpur,East,Nagpur → East,SwiftMove,Road,Standard,Clear,899.4,1186.6,4.76,1.014,33.26,40.75,0.0,0,198.11,4.0
SH00780,2025-03-04,Nagpur,North,Nagpur → North,SwiftMove,Road,Standard,Clear,207.7,1015.4,5.86,1.002,27.14,36.65,0.0,0,146.41,5.0
SH00781,2025-03-04,Delhi,South,Delhi → South,SwiftMove,Rail,Standard,Clear,67.6,2413.1,5.7,1.015,88.44,107.23,0.0,0,191.85,4.0
SH00782,2025-03-04,Bengaluru,South,Bengaluru → South,SwiftMove,Road,Standard,Clear,171.0,48.3,4.65,1.006,7.47,14.63,0.0,0,26.58,5.0
SH00783,2025-03-04,Nagpur,South,Nagpur → South,BlueLine,Road,Express,Clear,376.6,966.6,2.68,1.005,22.04,31.32,0.0,0,174.97,5.0
SH00784,2025-03-04,Mumbai,Central,Mumbai → Central,RapidFreight,Road,Standard,Clear,68.0,764.2,7.66,0.997,32.25,34.66,0.0,0,119.77,4.0
SH00785,2025-03-04,Mumbai,East,Mumbai → East,BlueLine,Road,Standard,Clear,388.6,2207.3,5.3,1.006,61.49,69.23,0.0,0,288.59,5.0
SH00786,2025-03-04,Kolkata,South,Kolkata → South,BlueLine,Road,Standard,Rain,95.4,1776.7,5.2,0.995,54.13,57.77,0.0,0,229.89,5.0
SH00787,2025-03-04,Delhi,South,Delhi → South,BlueLine,Road,Express,Clear,159.4,2136.9,4.11,1.02,41.58,56.03,0.0,0,341.47,5.0
SH00788,2025-03-04,Nagpur,North,Nagpur → North,SwiftMove,Rail,Standard,Clear,167.2,1129.1,2.28,1.019,60.39,64.49,0.0,0,111.72,4.0
SH00789,2025-03-04,Bengaluru,South,Bengaluru → South,TransGo,Road,Standard,Clear,75.1,280.7,2.8,1.007,18.52,20.2,0.0,0,37.92,5.0
SH00790,2025-03-04,Nagpur,West,Nagpur → West,RapidFreight,Air,Express,Clear,89.4,803.5,4.6,1.004,18.3,27.55,0.0,0,259.32,4.0
SH00791,2025-03-04,Delhi,North,Delhi → North,RapidFreight,Road,Standard,Rain,251.3,309.5,8.92,1.009,19.56,21.47,0.0,0,72.1,5.0
SH00792,2025-03-04,Bengaluru,West,Bengaluru → West,BlueLine,Road,Standard,Clear,94.8,936.7,7.81,1.019,30.85,35.92,0.0,0,120.29,4.0
SH00793,2025-03-05,Delhi,Central,Delhi → Central,SwiftMove,Road,Express,Clear,188.2,1137.5,9.2,1.006,31.49,36.4,0.0,0,212.87,5.0
SH00794,2025-03-05,Kolkata,East,Kolkata → East,TransGo,Road,Express,Clear,188.8,143.9,4.5,1.015,20.61,18.03,2.59,1,42.46,4.0
SH00795,2025-03-05,Bengaluru,East,Bengaluru → East,SwiftMove,Rail,Standard,Clear,48.8,1787.8,4.77,1.009,57.53,86.68,0.0,0,169.92,5.0
SH00796,2025-03-05,Bengaluru,North,Bengaluru → North,TransGo,Rail,Standard,Clear,183.4,2265.8,2.77,1.004,79.96,101.95,0.0,0,164.15,5.0
SH00797,2025-03-05,Kolkata,South,Kolkata → South,RapidFreight,Rail,Standard,Rain,453.8,1892.5,5.78,1.012,84.73,91.75,0.0,0,204.56,5.0
SH00798,2025-03-05,Bengaluru,South,Bengaluru → South,BlueLine,Road,Standard,Clear,342.0,187.0,4.08,1.014,13.11,17.96,0.0,0,54.18,5.0
SH00799,2025-03-05,Bengaluru,South,Bengaluru → South,SwiftMove,Road,Standard,Clear,38.5,322.6,4.59,1.006,13.78,21.2,0.0,0,51.32,5.0
SH00800,2025-03-05,Mumbai,South,Mumbai → South,SwiftMove,Road,Standard,Clear,3161.1,919.8,5.28,1.005,33.77,38.39,0.0,0,340.07,5.0
SH00801,2025-03-05,Bengaluru,North,Bengaluru → North,SwiftMove,Rail,Standard,Clear,858.8,2275.7,5.96,1.013,89.77,102.27,0.0,0,217.56,4.0
SH00802,2025-03-05,Delhi,North,Delhi → North,TransGo,Road,Standard,Clear,79.9,87.3,6.05,1.002,20.41,16.14,4.27,1,22.26,5.0
SH00803,2025-03-05,Mumbai,South,Mumbai → South,BlueLine,Rail,Standard,Clear,37.2,1015.5,7.56,1.013,53.0,64.89,0.0,0,81.04,4.0
SH00804,2025-03-05,Bengaluru,East,Bengaluru → East,SwiftMove,Rail,Standard,Clear,587.6,1822.0,6.68,1.016,68.75,87.78,0.0,0,184.68,5.0
SH00805,2025-03-05,Mumbai,West,Mumbai → West,BlueLine,Road,Standard,Clear,212.0,316.6,5.94,0.997,19.16,23.93,0.0,0,61.59,4.0
SH00806,2025-03-05,Delhi,South,Delhi → South,RapidFreight,Road,Standard,Fog,110.3,2444.8,6.51,1.009,65.7,72.62,0.0,0,367.64,
SH00807,2025-03-05,Bengaluru,North,Bengaluru → North,TransGo,Air,Express,Clear,392.7,2088.0,6.5,1.0,31.81,30.97,0.84,1,722.35,5.0
SH00808,2025-03-06,Bengaluru,Central,Bengaluru → Central,SwiftMove,Rail,Standard,Storm,72.4,985.0,4.35,1.025,72.6,61.04,11.56,1,103.88,4.0
SH00809,2025-03-06,Nagpur,North,Nagpur → North,SwiftMove,Road,Standard,Clear,516.6,977.3,6.04,1.006,31.6,35.74,0.0,0,158.06,5.0
SH00810,2025-03-06,Mumbai,East,Mumbai → East,BlueLine,Road,Standard,Clear,196.6,2172.2,5.5,1.011,66.18,68.39,0.0,0,296.19,4.0
SH00811,2025-03-06,Nagpur,South,Nagpur → South,TransGo,Rail,Standard,Clear,597.6,1104.6,6.95,1.026,54.52,63.71,0.0,0,122.0,5.0
SH00812,2025-03-06,Delhi,East,Delhi → East,TransGo,Road,Standard,Clear,24.5,1516.1,4.79,1.015,36.66,50.37,0.0,0,199.1,
SH00813,2025-03-06,Mumbai,East,Mumbai → East,TransGo,Air,Express,Clear,135.8,1953.4,6.79,1.014,30.0,33.61,0.0,0,378.82,5.0
SH00814,2025-03-06,Bengaluru,West,Bengaluru → West,SwiftMove,Road,Standard,Rain,209.2,1114.4,7.28,1.02,38.49,40.17,0.0,0,143.13,4.0
SH00815,2025-03-06,Mumbai,South,Mumbai → South,TransGo,Road,Standard,Clear,902.9,956.4,6.15,1.028,38.37,39.26,0.0,0,144.43,4.0
SH00816,2025-03-06,Nagpur,South,Nagpur → South,BlueLine,Road,Standard,Clear,263.2,1101.9,1.81,1.011,27.55,38.72,0.0,0,142.79,4.0
SH00817,2025-03-06,Delhi,West,Delhi → West,BlueLine,Rail,Standard,Clear,267.6,1598.2,4.3,1.006,74.81,81.2,0.0,0,124.68,5.0
SH00818,2025-03-06,Delhi,North,Delhi → North,BlueLine,Road,Standard,Clear,1637.4,126.3,6.84,1.008,16.46,17.08,0.0,0,118.03,4.0
SH00819,2025-03-06,Delhi,North,Delhi → North,RapidFreight,Road,Standard,Clear,1869.5,165.0,5.44,1.031,13.38,18.0,0.0,0,167.97,5.0
SH00820,2025-03-06,Nagpur,East,Nagpur → East,TransGo,Road,Standard,Clear,415.4,1060.2,6.83,1.017,37.47,37.73,0.0,0,156.58,4.0
SH00821,2025-03-06,Mumbai,North,Mumbai → North,TransGo,Road,Standard,Clear,835.4,1555.4,3.55,1.009,46.33,53.62,0.0,0,214.29,
SH00822,2025-03-06,Bengaluru,West,Bengaluru → West,SwiftMove,Road,Standard,Clear,264.0,1122.0,6.43,1.005,30.05,40.36,0.0,0,160.8,5.0
SH00823,2025-03-06,Mumbai,East,Mumbai → East,SwiftMove,Road,Standard,Clear,531.3,2184.8,5.81,0.995,55.15,68.69,0.0,0,307.73,4.0
SH00824,2025-03-06,Mumbai,East,Mumbai → East,RapidFreight,Road,Standard,Clear,412.8,2209.3,7.27,1.012,61.32,69.28,0.0,0,349.89,4.0
SH00825,2025-03-07,Kolkata,Central,Kolkata → Central,TransGo,Rail,Standard,Clear,177.4,1190.7,4.61,1.003,55.97,69.34,0.0,0,115.3,4.0
SH00826,2025-03-07,Bengaluru,West,Bengaluru → West,BlueLine,Road,Standard,Clear,97.8,1079.4,7.38,1.016,32.95,39.34,0.0,0,142.76,
SH00827,2025-03-07,Bengaluru,North,Bengaluru → North,SwiftMove,Rail,Standard,Rain,123.7,2130.2,3.05,1.015,85.16,97.62,0.0,0,176.48,4.0
SH00828,2025-03-07,Mumbai,South,Mumbai → South,SwiftMove,Road,Standard,Rain,233.6,916.6,5.74,1.013,32.9,38.31,0.0,0,128.47,5.0
SH00829,2025-03-07,Kolkata,East,Kolkata → East,TransGo,Road,Standard,Clear,249.6,279.8,8.92,1.004,27.37,21.9,5.47,1,54.22,5.0
SH00830,2025-03-07,Kolkata,North,Kolkata → North,SwiftMove,Road,Standard,Clear,19.1,1431.1,4.5,1.011,37.97,49.49,0.0,0,173.27,5.0
SH00831,2025-03-07,Delhi,North,Delhi → North,TransGo,Road,Standard,Storm,409.9,275.9,5.17,1.014,33.8,20.66,13.14,1,64.41,4.0
SH00832,2025-03-07,Mumbai,West,Mumbai → West,SwiftMove,Road,Standard,Storm,263.4,218.8,6.61,1.016,40.01,21.59,18.42,1,56.52,4.0
SH00833,2025-03-07,Mumbai,West,Mumbai → West,TransGo,Road,Express,Rain,305.7,111.7,7.86,1.005,33.95,18.54,15.4,1,41.01,5.0
SH00834,2025-03-07,Bengaluru,North,Bengaluru → North,RapidFreight,Rail,Standard,Clear,163.3,2295.8,3.25,1.021,91.93,102.91,0.0,0,208.07,5.0
SH00835,2025-03-07,Delhi,North,Delhi → North,SwiftMove,Road,Standard,Clear,178.3,142.2,4.14,1.031,9.97,17.46,0.0,0,41.62,5.0
SH00836,2025-03-07,Bengaluru,West,Bengaluru → West,BlueLine,Road,Express,Rain,79.6,1067.4,3.48,1.011,30.99,34.45,0.0,0,167.84,4.0
SH00837,2025-03-07,Delhi,North,Delhi → North,BlueLine,Road,Standard,Clear,134.0,134.5,5.51,0.997,11.61,17.27,0.0,0,36.8,4.0
SH00838,2025-03-07,Bengaluru,South,Bengaluru → South,SwiftMove,Road,Standard,Clear,617.0,185.7,5.46,1.008,13.65,17.92,0.0,0,63.63,5.0
SH00839,2025-03-07,Bengaluru,East,Bengaluru → East,BlueLine,Air,Express,Clear,355.9,1777.4,1.0,1.013,25.0,30.42,0.0,0,681.9,4.0
SH00840,2025-03-07,Bengaluru,North,Bengaluru → North,TransGo,Road,Standard,Clear,123.2,2361.8,5.77,1.007,64.23,70.06,0.0,0,261.44,5.0
SH00841,2025-03-08,Delhi,Central,Delhi → Central,TransGo,Air,Express,Clear,326.9,1095.1,3.58,1.013,23.19,29.79,0.0,0,444.51,5.0
SH00842,2025-03-08,Nagpur,South,Nagpur → South,TransGo,Road,Standard,Clear,93.6,1113.4,4.07,0.982,40.9,39.0,1.9,1,121.48,4.0
SH00843,2025-03-08,Mumbai,West,Mumbai → West,BlueLine,Road,Standard,Clear,599.4,212.6,7.5,1.01,19.08,21.44,0.0,0,67.91,5.0
SH00844,2025-03-08,Mumbai,North,Mumbai → North,BlueLine,Road,Express,Fog,116.7,1510.3,4.92,1.013,49.32,46.02,3.3,1,232.12,4.0
SH00845,2025-03-08,Delhi,North,Delhi → North,SwiftMove,Road,Express,Clear,39.9,71.4,4.88,1.008,8.4,15.45,0.0,0,30.43,5.0
SH00846,2025-03-08,Mumbai,West,Mumbai → West,SwiftMove,Road,Express,Clear,155.2,320.1,6.65,1.012,17.5,22.64,0.0,0,70.72,5.0
SH00847,2025-03-08,Nagpur,South,Nagpur → South,SwiftMove,Road,Standard,Clear,142.5,1089.9,4.5,1.013,26.65,38.44,0.0,0,171.9,
SH00848,2025-03-08,Kolkata,North,Kolkata → North,TransGo,Road,Express,Clear,108.0,1619.5,5.16,1.013,43.11,47.02,0.0,0,198.73,5.0
SH00849,2025-03-08,Bengaluru,South,Bengaluru → South,BlueLine,Road,Standard,Clear,186.2,101.1,3.87,1.019,13.16,15.9,0.0,0,34.34,4.0
SH00850,2025-03-08,Delhi,East,Delhi → East,SwiftMove,Road,Express,Clear,88.1,1546.7,4.19,1.014,39.43,44.44,0.0,0,248.74,5.0
SH00851,2025-03-08,Delhi,Central,Delhi → Central,TransGo,Rail,Standard,Clear,109.3,1190.3,5.75,0.998,59.42,68.17,0.0,0,97.28,
SH00852,2025-03-08,Bengaluru,South,Bengaluru → South,BlueLine,Road,Standard,Clear,128.1,291.8,3.03,1.01,16.26,20.47,0.0,0,53.4,5.0
SH00853,2025-03-08,Kolkata,North,Kolkata → North,SwiftMove,Road,Standard,Clear,447.8,1411.2,6.17,1.016,39.25,49.01,0.0,0,217.45,4.0
SH00854,2025-03-08,Mumbai,South,Mumbai → South,RapidFreight,Road,Standard,Clear,75.4,1102.4,6.55,1.03,34.61,42.76,0.0,0,170.44,5.0
SH00855,2025-03-08,Mumbai,East,Mumbai → East,RapidFreight,Rail,Standard,Clear,223.5,2193.7,6.13,1.009,78.62,102.53,0.0,0,241.56,
SH00856,2025-03-08,Delhi,South,Delhi → South,TransGo,Road,Standard,Clear,321.9,2153.9,5.38,1.002,56.13,65.65,0.0,0,248.02,4.0
SH00857,2025-03-08,Mumbai,South,Mumbai → South,BlueLine,Road,Standard,Clear,44.7,929.5,5.26,1.011,31.15,38.62,0.0,0,128.56,4.0
SH00858,2025-03-08,Delhi,East,Delhi → East,SwiftMove,Air,Express,Clear,72.4,1521.7,8.49,1.016,28.83,30.54,0.0,0,326.71,5.0
SH00859,2025-03-08,Mumbai,South,Mumbai → South,RapidFreight,Road,Standard,Clear,164.4,997.1,3.42,1.02,27.45,40.24,0.0,0,167.62,4.0
SH00860,2025-03-08,Delhi,North,Delhi → North,BlueLine,Road,Standard,Clear,1225.6,67.2,5.6,1.004,13.35,15.66,0.0,0,100.98,4.0
SH00861,2025-03-09,Delhi,South,Delhi → South,SwiftMove,Road,Standard,Clear,126.8,2394.5,5.48,1.013,61.89,71.42,0.0,0,303.63,4.0
SH00862,2025-03-09,Bengaluru,North,Bengaluru → North,TransGo,Road,Standard,Clear,739.2,2173.9,5.5,1.014,60.75,65.56,0.0,0,277.79,4.0
SH00863,2025-03-09,Mumbai,North,Mumbai → North,SwiftMove,Rail,Standard,Clear,283.3,1402.7,5.48,1.009,68.52,77.26,0.0,0,134.57,5.0
SH00864,2025-03-09,Bengaluru,Central,Bengaluru → Central,SwiftMove,Road,Standard,Clear,192.0,946.2,6.01,1.024,29.13,36.14,0.0,0,133.8,5.0
SH00865,2025-03-09,Kolkata,West,Kolkata → West,SwiftMove,Road,Standard,Clear,38.5,2063.3,5.57,1.016,52.59,64.63,0.0,0,306.39,
SH00866,2025-03-09,Bengaluru,South,Bengaluru → South,SwiftMove,Road,Standard,Clear,396.6,73.0,6.71,1.014,12.42,15.22,0.0,0,45.89,5.0
SH00867,2025-03-09,Bengaluru,East,Bengaluru → East,TransGo,Road,Express,Clear,330.8,2075.9,3.95,1.01,50.03,54.26,0.0,0,288.83,4.0
SH00868,2025-03-09,Kolkata,North,Kolkata → North,SwiftMove,Rail,Standard,Clear,264.1,1573.6,6.54,0.995,63.03,81.57,0.0,0,138.74,5.0
SH00869,2025-03-09,Kolkata,Central,Kolkata → Central,RapidFreight,Air,Express,Clear,132.4,1160.0,7.52,1.026,21.76,31.05,0.0,0,419.22,4.0
SH00870,2025-03-09,Bengaluru,South,Bengaluru → South,SwiftMove,Road,Standard,Rain,57.8,223.9,7.2,1.011,15.82,18.84,0.0,0,40.19,5.0
SH00871,2025-03-10,Nagpur,West,Nagpur → West,SwiftMove,Road,Standard,Clear,23.2,821.7,2.48,1.024,22.91,32.01,0.0,0,103.07,4.0
SH00872,2025-03-10,Kolkata,North,Kolkata → North,SwiftMove,Air,Express,Clear,115.4,1559.3,4.6,1.013,21.56,31.76,0.0,0,334.97,4.0
SH00873,2025-03-10,Delhi,South,Delhi → South,SwiftMove,Road,Standard,Clear,244.0,1989.5,5.23,1.005,50.61,61.71,0.0,0,294.59,5.0
SH00874,2025-03-10,Mumbai,North,Mumbai → North,TransGo,Road,Standard,Clear,226.1,1518.5,4.05,1.002,49.38,52.73,0.0,0,170.74,5.0
SH00875,2025-03-10,Bengaluru,East,Bengaluru → East,SwiftMove,Rail,Standard,Rain,198.9,1901.6,5.41,1.021,79.39,90.32,0.0,0,184.63,5.0
SH00876,2025-03-10,Nagpur,South,Nagpur → South,SwiftMove,Road,Express,Clear,215.1,1094.4,5.48,1.026,26.6,33.83,0.0,0,187.39,5.0
SH00877,2025-03-10,Nagpur,South,Nagpur → South,RapidFreight,Road,Standard,Storm,1202.4,1082.5,5.18,1.001,43.18,38.26,4.92,1,241.37,
SH00878,2025-03-10,Mumbai,South,Mumbai → South,SwiftMove,Air,Express,Clear,10.1,1009.3,7.25,1.011,25.49,31.94,0.0,0,195.63,5.0
SH00879,2025-03-10,Delhi,West,Delhi → West,SwiftMove,Rail,Standard,Rain,139.9,1569.5,3.42,1.004,76.02,80.29,0.0,0,148.68,5.0
SH00880,2025-03-10,Mumbai,East,Mumbai → East,SwiftMove,Road,Express,Storm,334.3,2178.2,5.8,1.017,67.22,59.14,8.08,1,343.48,3.0
SH00881,2025-03-10,Delhi,East,Delhi → East,SwiftMove,Road,Standard,Clear,236.3,1648.6,5.14,1.01,45.14,53.55,0.0,0,212.1,5.0
SH00882,2025-03-10,Mumbai,South,Mumbai → South,SwiftMove,Road,Standard,Rain,295.5,1009.5,4.8,1.026,37.17,40.54,0.0,0,146.22,5.0
SH00883,2025-03-10,Mumbai,North,Mumbai → North,SwiftMove,Rail,Standard,Clear,330.3,1529.6,6.57,1.005,71.55,81.31,0.0,0,146.1,5.0
SH00884,2025-03-10,Kolkata,Central,Kolkata → Central,TransGo,Rail,Standard,Storm,298.0,1070.0,4.55,1.002,75.89,65.48,10.41,1,106.83,4.0
SH00885,2025-03-11,Nagpur,East,Nagpur → East,TransGo,Rail,Standard,Clear,110.1,1148.6,4.64,1.01,64.51,65.12,0.0,0,100.4,4.0
SH00886,2025-03-11,Bengaluru,Central,Bengaluru → Central,SwiftMove,Road,Express,Clear,1010.4,1037.6,4.71,1.007,28.32,33.86,0.0,0,236.96,5.0
SH00887,2025-03-11,Delhi,East,Delhi → East,TransGo,Road,Express,Clear,74.4,1722.0,3.63,1.0,41.8,47.88,0.0,0,210.06,5.0
SH00888,2025-03-11,Mumbai,East,Mumbai → East,SwiftMove,Road,Standard,Rain,515.0,2240.4,8.49,1.003,66.08,70.03,0.0,0,302.7,
SH00889,2025-03-11,Kolkata,South,Kolkata → South,SwiftMove,Rail,Standard,Clear,570.3,2035.4,7.13,1.015,101.89,96.32,5.57,1,178.14,4.0
SH00890,2025-03-11,Bengaluru,Central,Bengaluru → Central,BlueLine,Road,Standard,Clear,85.5,1127.2,5.01,1.005,30.32,40.48,0.0,0,138.49,4.0
SH00891,2025-03-11,Bengaluru,West,Bengaluru → West,TransGo,Rail,Standard,Clear,337.6,1121.4,5.52,1.007,58.61,65.4,0.0,0,115.12,4.0
SH00892,2025-03-11,Nagpur,West,Nagpur → West,RapidFreight,Road,Express,Clear,40.4,846.0,4.83,1.019,19.34,28.95,0.0,0,153.12,4.0
SH00893,2025-03-11,Bengaluru,West,Bengaluru → West,SwiftMove,Road,Express,Clear,60.6,1064.1,6.0,0.998,25.62,34.38,0.0,0,200.82,4.0
SH00894,2025-03-11,Mumbai,South,Mumbai → South,TransGo,Road,Standard,Clear,312.5,1009.8,4.89,1.008,35.11,40.54,0.0,0,124.72,5.0
SH00895,2025-03-11,Mumbai,West,Mumbai → West,SwiftMove,Road,Standard,Clear,50.9,216.6,7.08,1.011,15.99,21.54,0.0,0,41.73,5.0
SH00896,2025-03-11,Mumbai,South,Mumbai → South,BlueLine,Road,Standard,Fog,758.4,963.0,5.9,1.017,37.81,39.42,0.0,0,155.33,5.0
SH00897,2025-03-11,Nagpur,South,Nagpur → South,BlueLine,Rail,Standard,Clear,232.0,929.1,6.21,1.015,42.55,58.11,0.0,0,91.43,5.0
SH00898,2025-03-11,Kolkata,Central,Kolkata → Central,BlueLine,Air,Express,Clear,252.9,1070.5,5.19,1.006,24.39,30.89,0.0,0,432.46,
SH00899,2025-03-12,Kolkata,East,Kolkata → East,BlueLine,Road,Standard,Clear,113.4,71.4,6.25,1.019,13.38,16.91,0.0,0,25.94,5.0
SH00900,2025-03-12,Delhi,North,Delhi → North,SwiftMove,Road,Standard,Clear,149.3,311.2,4.97,1.009,14.52,21.51,0.0,0,57.37,5.0
SH00901,2025-03-12,Mumbai,Central,Mumbai → Central,BlueLine,Air,Express,Storm,1237.7,802.8,7.39,1.011,44.45,31.57,12.88,1,1408.65,5.0
SH00902,2025-03-12,Mumbai,South,Mumbai → South,SwiftMove,Air,Express,Clear,284.1,935.2,7.41,1.037,20.43,31.8,0.0,0,478.28,
SH00903,2025-03-12,Nagpur,West,Nagpur → West,RapidFreight,Rail,Standard,Clear,691.8,940.4,5.03,1.016,47.62,58.47,0.0,0,119.87,
SH00904,2025-03-12,Bengaluru,East,Bengaluru → East,SwiftMove,Road,Express,Rain,792.6,1720.5,7.48,1.002,42.64,47.28,0.0,0,320.18,4.0
SH00905,2025-03-12,Mumbai,West,Mumbai → West,TransGo,Road,Standard,Clear,236.6,111.2,7.5,0.996,22.29,19.02,3.28,1,35.64,5.0
SH00906,2025-03-12,Mumbai,South,Mumbai → South,RapidFreight,Road,Standard,Clear,360.3,981.4,5.52,1.017,28.61,39.86,0.0,0,177.69,5.0
SH00907,2025-03-12,Mumbai,Central,Mumbai → Central,RapidFreight,Air,Express,Clear,92.7,816.1,6.04,1.004,22.84,31.59,0.0,0,288.03,
SH00908,2025-03-12,Nagpur,South,Nagpur → South,RapidFreight,Rail,Standard,Clear,2310.1,1063.6,7.04,1.0,56.95,62.4,0.0,0,216.49,4.0
SH00909,2025-03-12,Bengaluru,South,Bengaluru → South,RapidFreight,Road,Standard,Clear,1393.3,215.4,3.79,1.012,25.56,18.64,6.93,1,126.05,5.0
SH00910,2025-03-12,Nagpur,South,Nagpur → South,BlueLine,Rail,Standard,Clear,109.5,1019.2,6.77,1.017,55.48,60.98,0.0,0,95.25,5.0
SH00911,2025-03-12,Mumbai,North,Mumbai → North,BlueLine,Road,Standard,Rain,539.4,1445.7,7.75,1.02,55.23,50.99,4.25,1,190.46,
SH00912,2025-03-12,Mumbai,West,Mumbai → West,SwiftMove,Road,Standard,Rain,353.5,290.0,4.46,1.006,26.71,23.3,3.41,1,67.47,4.0
SH00913,2025-03-13,Mumbai,South,Mumbai → South,RapidFreight,Road,Standard,Clear,129.4,1000.5,5.94,1.0,26.01,40.32,0.0,0,149.69,4.0
SH00914,2025-03-13,Kolkata,Central,Kolkata → Central,BlueLine,Road,Standard,Fog,138.5,1047.0,6.67,1.0,51.4,40.28,11.12,1,121.81,4.0
SH00915,2025-03-13,Delhi,North,Delhi → North,TransGo,Road,Standard,Clear,164.6,47.1,7.07,1.005,14.86,15.18,0.0,0,24.74,3.0
SH00916,2025-03-13,Nagpur,North,Nagpur → North,BlueLine,Road,Standard,Rain,47.9,1084.6,5.12,1.017,39.78,38.31,1.47,1,142.91,5.0
SH00917,2025-03-13,Bengaluru,West,Bengaluru → West,RapidFreight,Rail,Standard,Clear,667.1,1027.8,4.98,1.0,54.73,62.41,0.0,0,132.47,5.0
SH00918,2025-03-13,Delhi,North,Delhi → North,SwiftMove,Road,Standard,Clear,235.0,67.3,3.74,1.021,8.83,15.66,0.0,0,34.03,5.0
SH00919,2025-03-13,Kolkata,North,Kolkata → North,RapidFreight,Rail,Standard,Clear,243.9,1702.6,6.0,1.015,71.34,85.69,0.0,0,193.43,4.0
SH00920,2025-03-13,Delhi,West,Delhi → West,BlueLine,Road,Standard,Clear,264.0,1330.8,8.28,1.013,35.06,45.93,0.0,0,165.8,5.0
SH00921,2025-03-13,Delhi,Central,Delhi → Central,BlueLine,Road,Express,Clear,106.0,1093.3,4.19,1.0,31.67,35.53,0.0,0,157.21,5.0
SH00922,2025-03-13,Kolkata,Central,Kolkata → Central,SwiftMove,Road,Standard,Clear,303.3,1200.4,7.44,1.008,36.89,43.96,0.0,0,166.46,5.0
SH00923,2025-03-13,Mumbai,South,Mumbai → South,RapidFreight,Road,Standard,Clear,136.1,953.9,6.92,1.01,28.71,39.2,0.0,0,156.23,5.0
SH00924,2025-03-13,Mumbai,East,Mumbai → East,BlueLine,Air,Express,Clear,87.2,2167.6,3.66,1.013,27.68,33.98,0.0,0,360.85,4.0
SH00925,2025-03-14,Mumbai,West,Mumbai → West,SwiftMove,Road,Express,Clear,430.6,119.4,7.44,0.986,16.72,18.7,0.0,0,58.91,5.0
SH00926,2025-03-14,Nagpur,Central,Nagpur → Central,BlueLine,Road,Standard,Clear,483.3,275.8,6.36,1.001,15.59,18.93,0.0,0,74.29,4.0
SH00927,2025-03-14,Bengaluru,West,Bengaluru → West,SwiftMove,Road,Standard,Clear,94.6,1030.3,5.21,1.015,28.39,38.16,0.0,0,137.11,5.0
SH00928,2025-03-14,Kolkata,West,Kolkata → West,RapidFreight,Road,Standard,Clear,272.9,2126.8,1.31,1.008,45.68,66.16,0.0,0,312.07,5.0
SH00929,2025-03-14,Delhi,North,Delhi → North,BlueLine,Road,Standard,Clear,116.6,58.5,6.42,1.021,11.99,15.45,0.0,0,24.35,5.0
SH00930,2025-03-14,Delhi,Central,Delhi → Central,SwiftMove,Air,Express,Clear,615.3,1158.7,3.04,1.017,24.63,29.9,0.0,0,856.83,5.0
SH00931,2025-03-14,Mumbai,West,Mumbai → West,SwiftMove,Road,Standard,Clear,279.9,85.1,4.75,1.018,12.22,18.39,0.0,0,37.75,5.0
SH00932,2025-03-14,Delhi,South,Delhi → South,TransGo,Road,Standard,Clear,155.1,2206.0,6.71,1.015,60.79,66.9,0.0,0,251.26,5.0
SH00933,2025-03-14,Bengaluru,West,Bengaluru → West,BlueLine,Road,Standard,Clear,296.9,1116.0,4.43,1.01,38.64,40.21,0.0,0,160.04,5.0
SH00934,2025-03-14,Delhi,South,Delhi → South,RapidFreight,Rail,Standard,Clear,478.6,2180.4,4.35,1.014,82.8,99.8,0.0,0,237.35,4.0
SH00935,2025-03-14,Bengaluru,West,Bengaluru → West,BlueLine,Road,Standard,Rain,676.9,970.6,5.74,1.017,38.57,36.73,1.84,1,152.11,5.0
SH00936,2025-03-14,Bengaluru,South,Bengaluru → South,SwiftMove,Road,Express,Clear,861.3,121.6,5.71,1.029,10.87,15.86,0.0,0,97.19,5.0
SH00937,2025-03-14,Bengaluru,West,Bengaluru → West,RapidFreight,Road,Standard,Clear,163.8,1070.4,5.05,1.003,28.85,39.12,0.0,0,182.66,5.0
SH00938,2025-03-14,Bengaluru,East,Bengaluru → East,RapidFreight,Rail,Standard,Clear,295.7,2071.4,3.86,1.021,68.42,95.75,0.0,0,209.32,4.0
SH00939,2025-03-14,Mumbai,Central,Mumbai → Central,BlueLine,Road,Express,Clear,133.6,805.8,6.48,1.018,25.38,32.18,0.0,0,127.76,4.0
SH00940,2025-03-14,Mumbai,South,Mumbai → South,TransGo,Road,Standard,Clear,443.7,1007.6,7.06,0.995,40.24,40.49,0.0,0,137.03,5.0
SH00941,2025-03-14,Mumbai,West,Mumbai → West,TransGo,Road,Standard,Clear,,220.8,8.66,1.016,28.03,21.64,6.39,1,129.18,4.0
SH00942,2025-03-15,Kolkata,South,Kolkata → South,TransGo,Rail,Standard,Rain,186.9,1926.0,7.38,1.021,82.86,92.82,0.0,0,156.49,5.0
SH00943,2025-03-15,Kolkata,West,Kolkata → West,SwiftMove,Road,Standard,Clear,1979.6,2041.1,4.32,1.027,56.51,64.1,0.0,0,336.57,4.0
SH00944,2025-03-15,Delhi,East,Delhi → East,BlueLine,Air,Express,Rain,375.1,1699.2,4.87,1.001,28.9,30.86,0.0,0,498.1,4.0
SH00945,2025-03-15,Delhi,North,Delhi → North,SwiftMove,Road,Standard,Clear,204.3,235.4,5.22,1.013,13.69,19.69,0.0,0,56.48,5.0
SH00946,2025-03-15,Bengaluru,North,Bengaluru → North,BlueLine,Rail,Standard,Clear,126.8,2194.3,4.01,1.008,88.73,99.67,0.0,0,174.89,5.0
SH00947,2025-03-15,Delhi,West,Delhi → West,RapidFreight,Rail,Standard,Clear,411.2,1550.0,5.77,1.019,56.56,79.66,0.0,0,174.43,5.0
SH00948,2025-03-15,Delhi,West,Delhi → West,BlueLine,Road,Standard,Clear,438.4,1316.2,6.77,0.992,36.01,45.58,0.0,0,156.59,4.0
SH00949,2025-03-15,Mumbai,West,Mumbai → West,BlueLine,Road,Express,Clear,257.9,239.5,6.11,1.022,16.32,21.06,0.0,0,64.47,5.0
SH00950,2025-03-15,Bengaluru,South,Bengaluru → South,RapidFreight,Road,Standard,Rain,217.5,103.0,7.38,1.01,14.36,15.94,0.0,0,42.36,4.0
SH00951,2025-03-15,Mumbai,East,Mumbai → East,BlueLine,Road,Standard,Rain,31.0,2248.8,6.81,1.013,65.83,70.23,0.0,0,284.47,5.0
SH00952,2025-03-15,Bengaluru,West,Bengaluru → West,SwiftMove,Rail,Standard,Clear,67.2,988.4,7.19,0.989,51.17,61.15,0.0,0,94.12,4.0
SH00953,2025-03-15,Kolkata,West,Kolkata → West,TransGo,Road,Express,Rain,313.0,2118.2,3.67,0.993,59.43,56.81,2.62,1,318.58,
SH00954,2025-03-15,Kolkata,East,Kolkata → East,TransGo,Road,Express,Storm,885.2,238.8,7.43,1.006,38.76,19.89,18.87,1,113.3,4.0
SH00955,2025-03-15,Nagpur,West,Nagpur → West,SwiftMove,Road,Standard,Clear,104.3,835.2,4.94,1.001,25.05,32.33,0.0,0,117.45,4.0
SH00956,2025-03-15,Delhi,West,Delhi → West,TransGo,Road,Standard,Clear,411.9,1515.2,6.63,1.025,49.42,50.35,0.0,0,190.73,5.0
SH00957,2025-03-15,Bengaluru,South,Bengaluru → South,RapidFreight,Road,Standard,Clear,161.1,123.8,4.57,1.004,10.65,16.44,0.0,0,42.47,4.0
SH00958,2025-03-16,Kolkata,West,Kolkata → West,BlueLine,Road,Standard,Rain,49.9,2125.3,3.08,1.029,56.44,66.12,0.0,0,236.94,5.0
SH00959,2025-03-16,Delhi,North,Delhi → North,TransGo,Road,Express,Clear,210.5,342.5,5.55,0.999,22.48,20.78,1.71,1,61.41,4.0
SH00960,2025-03-16,Delhi,West,Delhi → West,BlueLine,Rail,Standard,Rain,153.5,1298.9,3.25,1.022,66.96,71.64,0.0,0,119.77,4.0
SH00961,2025-03-16,Mumbai,North,Mumbai → North,SwiftMove,Road,Standard,Clear,369.2,1375.8,5.49,1.009,39.8,49.31,0.0,0,182.98,4.0
SH00962,2025-03-16,Mumbai,East,Mumbai → East,TransGo,Road,Standard,Clear,422.0,2102.3,7.8,1.022,79.0,66.72,12.28,1,252.84,3.0
SH00963,2025-03-16,Kolkata,North,Kolkata → North,SwiftMove,Rail,Standard,Clear,80.9,1458.4,4.65,1.004,52.57,77.89,0.0,0,109.5,5.0
SH00964,2025-03-16,Mumbai,West,Mumbai → West,RapidFreight,Road,Standard,Clear,27.4,67.8,7.52,1.022,12.64,17.97,0.0,0,25.6,
SH00965,2025-03-16,Mumbai,East,Mumbai → East,SwiftMove,Rail,Standard,Clear,265.0,1942.4,7.19,1.001,77.05,94.5,0.0,0,183.81,5.0
SH00966,2025-03-16,Mumbai,Central,Mumbai → Central,RapidFreight,Road,Standard,Clear,403.0,803.7,6.26,1.011,32.26,35.61,0.0,0,151.39,4.0
SH00967,2025-03-16,Mumbai,East,Mumbai → East,TransGo,Road,Standard,Clear,106.0,2177.4,7.39,1.015,64.8,68.52,0.0,0,243.35,4.0
SH00968,2025-03-17,Nagpur,North,Nagpur → North,SwiftMove,Road,Standard,Rain,392.8,986.3,6.66,1.006,31.45,35.95,0.0,0,166.54,5.0
SH00969,2025-03-17,Delhi,North,Delhi → North,BlueLine,Road,Standard,Clear,818.9,263.3,7.0,0.999,20.35,20.36,0.0,0,92.85,3.0
SH00970,2025-03-17,Mumbai,East,Mumbai → East,RapidFreight,Road,Standard,Storm,301.0,1888.1,4.23,1.03,59.83,61.59,0.0,0,295.11,5.0
SH00971,2025-03-17,Delhi,South,Delhi → South,RapidFreight,Road,Standard,Clear,63.5,2070.2,4.9,1.022,47.22,63.65,0.0,0,324.41,5.0
SH00972,2025-03-17,Delhi,Central,Delhi → Central,TransGo,Rail,Standard,Clear,48.6,1054.7,6.69,1.03,51.27,63.84,0.0,0,73.36,
SH00973,2025-03-17,Mumbai,North,Mumbai → North,SwiftMove,Road,Express,Clear,253.1,1342.5,5.4,1.024,36.98,42.72,0.0,0,245.15,4.0
SH00974,2025-03-17,Bengaluru,South,Bengaluru → South,RapidFreight,Road,Express,Clear,88.4,273.0,4.17,1.01,9.4,18.84,0.0,0,71.49,4.0
SH00975,2025-03-17,Mumbai,Central,Mumbai → Central,SwiftMove,Road,Express,Clear,21.1,826.6,5.48,1.016,23.79,32.59,0.0,0,147.3,5.0
SH00976,2025-03-17,Bengaluru,East,Bengaluru → East,TransGo,Road,Standard,Clear,1700.4,1997.8,6.01,1.005,64.81,61.34,3.47,1,316.13,5.0
SH00977,2025-03-17,Delhi,East,Delhi → East,RapidFreight,Road,Standard,Storm,2608.9,1391.9,6.1,1.013,70.16,47.4,22.77,1,422.67,4.0
SH00978,2025-03-17,Mumbai,North,Mumbai → North,BlueLine,Road,Standard,Fog,68.8,1365.0,7.31,1.019,45.99,49.05,0.0,0,216.22,5.0
SH00979,2025-03-17,Mumbai,West,Mumbai → West,TransGo,Road,Express,Clear,397.7,49.1,5.96,1.005,19.01,17.31,1.7,1,44.52,3.0
SH00980,2025-03-17,Delhi,West,Delhi → West,SwiftMove,Road,Standard,Clear,157.2,1549.2,7.18,1.002,45.22,51.17,0.0,0,231.33,5.0
SH00981,2025-03-17,Nagpur,South,Nagpur → South,SwiftMove,Rail,Standard,Clear,186.2,1088.8,6.33,1.014,60.04,63.21,0.0,0,111.18,5.0
SH00982,2025-03-17,Mumbai,East,Mumbai → East,SwiftMove,Road,Express,Rain,39.5,2252.9,4.54,1.015,59.52,60.61,0.0,0,336.37,4.0
SH00983,2025-03-17,Nagpur,West,Nagpur → West,TransGo,Road,Standard,Rain,118.8,891.5,3.55,1.01,37.18,33.68,3.5,1,125.52,5.0
SH00984,2025-03-17,Bengaluru,East,Bengaluru → East,SwiftMove,Road,Standard,Clear,546.5,2081.5,4.74,1.015,48.15,63.34,0.0,0,337.86,
SH00985,2025-03-18,Mumbai,East,Mumbai → East,RapidFreight,Road,Standard,Clear,383.1,1842.7,6.38,0.985,49.41,60.5,0.0,0,335.1,5.0
SH00986,2025-03-18,Bengaluru,South,Bengaluru → South,SwiftMove,Road,Standard,Clear,156.9,246.4,7.07,1.004,14.97,19.38,0.0,0,48.44,5.0
SH00987,2025-03-18,Bengaluru,West,Bengaluru → West,BlueLine,Road,Standard,Storm,327.6,976.4,7.49,1.023,39.71,36.87,2.84,1,145.06,4.0
SH00988,2025-03-18,Nagpur,South,Nagpur → South,RapidFreight,Road,Standard,Clear,407.6,1034.2,2.66,1.008,22.41,37.1,0.0,0,215.02,5.0
SH00989,2025-03-18,Kolkata,East,Kolkata → East,RapidFreight,Road,Standard,Clear,1609.4,190.4,5.09,1.02,14.97,19.76,0.0,0,146.6,4.0
SH00990,2025-03-18,Mumbai,North,Mumbai → North,BlueLine,Road,Express,Clear,238.9,1412.2,5.81,1.01,38.44,44.09,0.0,0,236.29,5.0
SH00991,2025-03-18,Kolkata,West,Kolkata → West,TransGo,Road,Standard,Clear,148.9,1878.0,4.8,1.012,60.43,60.19,0.24,1,205.92,5.0
SH00992,2025-03-18,Bengaluru,North,Bengaluru → North,BlueLine,Road,Standard,Clear,74.3,2080.9,4.69,1.016,60.46,63.33,0.0,0,249.54,4.0
SH00993,2025-03-18,Delhi,North,Delhi → North,BlueLine,Road,Standard,Clear,799.0,302.6,7.3,1.009,19.34,21.3,0.0,0,88.03,4.0
SH00994,2025-03-18,Delhi,Central,Delhi → Central,BlueLine,Air,Express,Clear,318.9,1096.1,4.57,1.005,22.86,29.79,0.0,0,523.47,5.0
SH00995,2025-03-18,Bengaluru,West,Bengaluru → West,BlueLine,Road,Standard,Clear,117.4,982.5,4.83,1.018,29.46,37.01,0.0,0,125.3,5.0
SH00996,2025-03-19,Bengaluru,West,Bengaluru → West,SwiftMove,Road,Standard,Rain,134.3,1002.0,7.28,1.015,38.22,37.48,0.73,1,135.47,5.0
SH00997,2025-03-19,Bengaluru,West,Bengaluru → West,BlueLine,Air,Express,Clear,405.3,991.2,4.77,1.018,23.5,29.03,0.0,0,597.87,5.0
SH00998,2025-03-19,Delhi,South,Delhi → South,RapidFreight,Road,Standard,Clear,259.7,2244.5,6.12,1.0,52.57,67.82,0.0,0,436.22,3.0
SH00999,2025-03-19,Mumbai,West,Mumbai → West,TransGo,Road,Standard,Clear,135.7,71.0,4.12,1.006,16.94,18.05,0.0,0,24.13,4.0
SH01000,2025-03-19,Nagpur,Central,Nagpur → Central,SwiftMove,Road,Standard,Clear,798.7,280.5,3.74,1.003,14.48,19.05,0.0,0,98.73,5.0
SH01001,2025-03-19,Mumbai,North,Mumbai → North,BlueLine,Road,Standard,Clear,513.1,1554.0,6.22,0.979,47.98,53.58,0.0,0,215.36,5.0
SH01002,2025-03-19,Nagpur,South,Nagpur → South,SwiftMove,Road,Standard,Clear,156.5,1007.7,6.22,1.02,32.08,36.47,0.0,0,144.17,4.0
SH01003,2025-03-19,Bengaluru,West,Bengaluru → West,SwiftMove,Rail,Standard,Rain,1287.7,1031.3,5.35,1.012,50.92,62.52,0.0,0,148.82,5.0
SH01004,2025-03-19,Delhi,West,Delhi → West,BlueLine,Rail,Standard,Clear,129.0,1534.0,3.19,0.998,62.94,79.15,0.0,0,135.78,5.0
SH01005,2025-03-19,Bengaluru,East,Bengaluru → East,BlueLine,Rail,Standard,Fog,63.1,1935.3,7.26,1.007,78.51,91.4,0.0,0,132.67,4.0
SH01006,2025-03-19,Nagpur,North,Nagpur → North,SwiftMove,Road,Standard,Clear,118.1,1195.0,4.33,0.99,27.96,40.96,0.0,0,151.07,4.0
SH01007,2025-03-19,Kolkata,South,Kolkata → South,RapidFreight,Road,Standard,Storm,237.9,1754.4,6.93,1.01,59.79,57.23,2.55,1,301.9,4.0
SH01008,2025-03-19,Bengaluru,North,Bengaluru → North,RapidFreight,Air,Express,Clear,43.2,2241.9,5.98,1.003,23.68,31.24,0.0,0,391.84,5.0
SH01009,2025-03-19,Kolkata,Central,Kolkata → Central,SwiftMove,Rail,Standard,Clear,89.3,1046.7,4.95,1.016,51.7,64.74,0.0,0,102.73,5.0
SH01010,2025-03-19,Bengaluru,North,Bengaluru → North,BlueLine,Rail,Standard,Clear,25.8,2212.2,3.65,1.024,105.06,100.24,4.82,1,146.72,5.0
SH01011,2025-03-19,Mumbai,West,Mumbai → West,RapidFreight,Road,Standard,Clear,180.8,190.8,6.26,1.002,15.18,20.92,0.0,0,47.07,4.0
SH01012,2025-03-20,Kolkata,West,Kolkata → West,SwiftMove,Road,Standard,Clear,51.3,2262.8,5.0,1.023,58.46,69.41,0.0,0,284.3,5.0
SH01013,2025-03-20,Mumbai,South,Mumbai → South,SwiftMove,Road,Standard,Clear,1544.5,902.2,4.92,0.989,31.54,37.97,0.0,0,221.55,4.0
SH01014,2025-03-20,Mumbai,South,Mumbai → South,TransGo,Air,Express,Fog,662.3,1010.7,7.62,0.996,37.39,31.94,5.45,1,696.46,4.0
SH01015,2025-03-20,Delhi,East,Delhi → East,SwiftMove,Road,Standard,Storm,110.7,1509.0,6.0,1.032,49.77,50.2,0.0,0,215.98,5.0
SH01016,2025-03-20,Bengaluru,East,Bengaluru → East,RapidFreight,Road,Standard,Clear,80.2,1961.2,5.17,1.016,48.44,60.46,0.0,0,275.41,5.0
SH01017,2025-03-20,Delhi,East,Delhi → East,RapidFreight,Road,Standard,Clear,39.6,1437.1,4.26,0.997,32.51,48.48,0.0,0,227.99,5.0
SH01018,2025-03-20,Nagpur,Central,Nagpur → Central,BlueLine,Road,Standard,Rain,339.0,231.4,5.0,0.999,17.65,17.87,0.0,0,50.96,3.0
SH01019,2025-03-20,Mumbai,West,Mumbai → West,BlueLine,Road,Standard,Clear,52.6,206.6,6.28,1.023,16.91,21.3,0.0,0,35.48,4.0
SH01020,2025-03-20,Mumbai,North,Mumbai → North,TransGo,Road,Express,Clear,1294.0,1405.1,4.01,1.015,35.62,43.95,0.0,0,354.71,5.0
SH01021,2025-03-20,Delhi,South,Delhi → South,SwiftMove,Road,Standard,Clear,179.1,2094.5,6.59,1.009,56.47,64.23,0.0,0,281.37,5.0
SH01022,2025-03-20,Kolkata,Central,Kolkata → Central,TransGo,Road,Express,Clear,77.6,1079.7,2.51,1.01,27.85,36.41,0.0,0,164.2,4.0
SH01023,2025-03-20,Delhi,Central,Delhi → Central,TransGo,Rail,Standard,Clear,125.4,1190.3,7.29,1.01,55.09,68.17,0.0,0,120.31,5.0
SH01024,2025-03-20,Mumbai,West,Mumbai → West,BlueLine,Road,Standard,Rain,179.6,145.6,5.99,1.016,20.26,19.84,0.43,1,40.11,5.0
SH01025,2025-03-20,Bengaluru,North,Bengaluru → North,SwiftMove,Road,Standard,Clear,81.5,2416.8,2.92,1.011,59.33,71.38,0.0,0,332.81,4.0
SH01026,2025-03-20,Mumbai,West,Mumbai → West,SwiftMove,Road,Standard,Clear,155.5,341.5,4.89,0.999,15.98,24.53,0.0,0,76.12,5.0
SH01027,2025-03-20,Kolkata,East,Kolkata → East,BlueLine,Road,Standard,Clear,475.2,237.3,4.93,0.998,21.34,20.88,0.46,1,55.67,4.0
SH01028,2025-03-20,Mumbai,North,Mumbai → North,RapidFreight,Rail,Standard,Clear,370.5,1361.7,3.7,1.009,60.95,75.95,0.0,0,139.25,5.0
SH01029,2025-03-20,Kolkata,West,Kolkata → West,SwiftMove,Road,Express,Clear,1418.0,2118.9,5.03,1.001,53.13,56.83,0.0,0,432.05,5.0
SH01030,2025-03-20,Kolkata,East,Kolkata → East,TransGo,Road,Standard,Clear,227.1,281.7,2.51,1.008,20.65,21.95,0.0,0,51.74,5.0
SH01031,2025-03-20,Mumbai,North,Mumbai → North,TransGo,Road,Express,Clear,417.6,1535.3,8.57,1.012,48.45,46.51,1.93,1,237.23,5.0
SH01032,2025-03-21,Bengaluru,West,Bengaluru → West,RapidFreight,Road,Standard,Clear,151.9,993.6,2.25,1.016,21.71,37.28,0.0,0,167.0,4.0
SH01033,2025-03-21,Bengaluru,South,Bengaluru → South,TransGo,Road,Standard,Clear,599.5,127.0,6.75,1.013,18.83,16.52,2.32,1,58.56,4.0
SH01034,2025-03-21,Nagpur,West,Nagpur → West,BlueLine,Road,Express,Clear,2856.7,782.3,4.96,1.007,27.88,27.69,0.19,1,323.99,5.0
SH01035,2025-03-21,Mumbai,West,Mumbai → West,RapidFreight,Road,Express,Storm,741.4,201.9,5.57,1.01,34.19,20.32,13.87,1,114.21,
SH01036,2025-03-21,Kolkata,South,Kolkata → South,SwiftMove,Rail,Standard,Rain,440.6,1944.8,6.78,1.004,69.94,93.43,0.0,0,172.71,5.0
SH01037,2025-03-21,Delhi,South,Delhi → South,SwiftMove,Road,Standard,Clear,214.9,2336.1,4.68,1.006,64.89,70.02,0.0,0,333.54,5.0
SH01038,2025-03-21,Bengaluru,North,Bengaluru → North,TransGo,Road,Express,Clear,332.6,1979.9,6.31,1.001,50.29,52.37,0.0,0,256.34,4.0
SH01039,2025-03-21,Bengaluru,West,Bengaluru → West,RapidFreight,Road,Standard,Clear,60.1,977.8,4.85,1.004,26.23,36.9,0.0,0,158.45,4.0
SH01040,2025-03-21,Mumbai,Central,Mumbai → Central,TransGo,Road,Standard,Clear,83.5,931.2,6.55,0.989,35.66,38.66,0.0,0,141.27,4.0
SH01041,2025-03-21,Bengaluru,West,Bengaluru → West,SwiftMove,Road,Standard,Clear,212.5,1120.4,7.41,1.013,34.76,40.32,0.0,0,174.67,5.0
SH01042,2025-03-21,Nagpur,East,Nagpur → East,SwiftMove,Rail,Standard,Clear,14.2,1148.7,3.98,1.024,50.06,65.12,0.0,0,113.2,5.0
SH01043,2025-03-21,Delhi,South,Delhi → South,SwiftMove,Road,Standard,Clear,161.1,1999.3,5.71,1.012,53.96,61.95,0.0,0,269.0,4.0
SH01044,2025-03-21,Nagpur,North,Nagpur → North,BlueLine,Air,Express,Rain,193.3,1142.3,5.95,1.009,30.5,28.15,2.35,1,365.44,5.0
SH01045,2025-03-21,Delhi,East,Delhi → East,TransGo,Rail,Standard,Clear,396.6,1695.2,6.21,1.01,81.33,84.3,0.0,0,146.06,4.0
SH01046,2025-03-21,Kolkata,Central,Kolkata → Central,BlueLine,Road,Standard,Fog,71.8,1223.9,4.47,0.991,44.26,44.52,0.0,0,139.34,5.0
SH01047,2025-03-21,Nagpur,West,Nagpur → West,BlueLine,Rail,Standard,Clear,651.4,867.9,6.82,1.026,45.31,56.15,0.0,0,117.18,4.0
SH01048,2025-03-21,Bengaluru,South,Bengaluru → South,SwiftMove,Road,Express,Clear,619.8,86.1,6.42,1.013,12.23,15.17,0.0,0,74.75,4.0
SH01049,2025-03-22,Mumbai,East,Mumbai → East,RapidFreight,Rail,Standard,Clear,2120.8,2280.7,5.99,1.001,77.09,105.31,0.0,0,355.53,
SH01050,2025-03-22,Kolkata,East,Kolkata → East,BlueLine,Road,Standard,Clear,83.2,221.7,3.53,1.008,15.78,20.51,0.0,0,42.97,5.0
SH01051,2025-03-22,Mumbai,Central,Mumbai → Central,SwiftMove,Road,Standard,Clear,139.0,859.6,6.72,1.006,30.58,36.94,0.0,0,110.53,4.0
SH01052,2025-03-22,Mumbai,North,Mumbai → North,BlueLine,Rail,Standard,Clear,272.9,1334.0,6.59,1.008,63.56,75.07,0.0,0,109.46,5.0
SH01053,2025-03-22,Mumbai,Central,Mumbai → Central,RapidFreight,Road,Standard,Fog,94.5,892.7,5.51,1.008,37.33,37.74,0.0,0,132.02,5.0
SH01054,2025-03-22,Delhi,East,Delhi → East,RapidFreight,Road,Standard,Clear,164.5,1545.7,5.51,1.027,38.6,51.08,0.0,0,224.51,4.0
SH01055,2025-03-22,Delhi,South,Delhi → South,RapidFreight,Road,Standard,Clear,357.8,2320.7,4.88,1.002,61.38,69.65,0.0,0,361.16,4.0
SH01056,2025-03-22,Bengaluru,West,Bengaluru → West,RapidFreight,Air,Express,Clear,111.0,1021.5,5.06,1.0,16.89,29.08,0.0,0,320.2,4.0
SH01057,2025-03-22,Mumbai,South,Mumbai → South,SwiftMove,Rail,Standard,Clear,133.4,915.2,5.96,1.014,46.34,61.69,0.0,0,95.47,4.0
SH01058,2025-03-22,Mumbai,Central,Mumbai → Central,TransGo,Rail,Standard,Clear,404.1,908.7,4.47,1.011,64.33,61.48,2.85,1,100.17,5.0
SH01059,2025-03-22,Kolkata,Central,Kolkata → Central,TransGo,Road,Standard,Clear,485.8,1043.2,6.42,1.021,34.86,40.19,0.0,0,140.99,4.0
SH01060,2025-03-22,Kolkata,North,Kolkata → North,SwiftMove,Road,Express,Clear,833.5,1539.4,5.33,1.002,43.65,45.44,0.0,0,316.15,5.0
SH01061,2025-03-22,Mumbai,South,Mumbai → South,TransGo,Road,Standard,Rain,52.3,1049.6,7.26,0.997,44.78,41.5,3.28,1,112.29,4.0
SH01062,2025-03-22,Kolkata,East,Kolkata → East,BlueLine,Road,Standard,Clear,386.0,121.5,5.49,1.02,15.38,18.11,0.0,0,55.42,5.0
SH01063,2025-03-22,Delhi,North,Delhi → North,BlueLine,Road,Express,Clear,308.4,105.7,6.86,0.985,13.68,16.13,0.0,0,44.05,5.0
SH01064,2025-03-22,Delhi,North,Delhi → North,RapidFreight,Road,Standard,Clear,105.2,136.1,5.97,1.003,12.86,17.31,0.0,0,43.85,
SH01065,2025-03-22,Mumbai,West,Mumbai → West,BlueLine,Road,Standard,Clear,40.9,115.7,5.64,1.019,19.65,19.12,0.53,1,30.96,4.0
SH01066,2025-03-22,Mumbai,North,Mumbai → North,TransGo,Road,Standard,Clear,160.4,1488.5,5.86,1.007,47.65,52.01,0.0,0,176.17,5.0
SH01067,2025-03-23,Kolkata,West,Kolkata → West,TransGo,Road,Standard,Clear,767.7,2143.4,4.64,0.986,63.18,66.55,0.0,0,276.89,5.0
SH01068,2025-03-23,Kolkata,East,Kolkata → East,SwiftMove,Road,Standard,Clear,179.7,198.2,2.8,1.006,10.36,19.95,0.0,0,42.08,4.0
SH01069,2025-03-23,Delhi,West,Delhi → West,TransGo,Rail,Standard,Clear,126.1,1484.4,6.15,1.015,69.48,77.57,0.0,0,120.76,5.0
SH01070,2025-03-23,Delhi,South,Delhi → South,RapidFreight,Rail,Standard,Clear,43.0,2443.2,5.34,1.004,84.77,108.2,0.0,0,228.4,4.0
SH01071,2025-03-23,Mumbai,South,Mumbai → South,BlueLine,Air,Express,Clear,507.4,913.3,8.89,1.011,25.69,31.77,0.0,0,575.86,5.0
SH01072,2025-03-23,Bengaluru,North,Bengaluru → North,TransGo,Road,Standard,Clear,306.1,2072.0,4.43,0.992,60.73,63.12,0.0,0,246.01,5.0
SH01073,2025-03-23,Bengaluru,South,Bengaluru → South,SwiftMove,Road,Standard,Clear,1040.7,137.6,5.37,0.991,11.79,16.77,0.0,0,92.45,4.0
SH01074,2025-03-23,Nagpur,North,Nagpur → North,BlueLine,Air,Express,Clear,84.2,1204.6,4.2,1.016,25.27,28.26,0.0,0,275.02,5.0
SH01075,2025-03-24,Mumbai,North,Mumbai → North,RapidFreight,Air,Express,Fog,321.2,1376.6,6.98,0.986,33.92,32.59,1.34,1,654.69,5.0
SH01076,2025-03-24,Bengaluru,South,Bengaluru → South,TransGo,Road,Express,Clear,92.8,312.2,5.3,1.021,20.39,19.61,0.78,1,55.54,5.0
SH01077,2025-03-24,Delhi,East,Delhi → East,RapidFreight,Road,Standard,Rain,438.1,1526.8,7.9,1.004,50.51,50.63,0.0,0,252.59,4.0
SH01078,2025-03-24,Kolkata,South,Kolkata → South,RapidFreight,Road,Standard,Clear,132.7,1779.7,3.98,0.992,39.95,57.84,0.0,0,306.77,5.0
SH01079,2025-03-24,Kolkata,North,Kolkata → North,RapidFreight,Road,Standard,Clear,334.1,1651.4,5.01,0.995,45.08,54.76,0.0,0,296.6,5.0
SH01080,2025-03-24,Kolkata,West,Kolkata → West,SwiftMove,Road,Standard,Clear,137.8,2283.8,5.79,1.005,63.74,69.92,0.0,0,327.53,5.0
SH01081,2025-03-24,Nagpur,South,Nagpur → South,RapidFreight,Road,Standard,Clear,137.1,1075.1,2.64,1.002,31.64,38.08,0.0,0,181.81,
SH01082,2025-03-24,Kolkata,North,Kolkata → North,BlueLine,Road,Standard,Clear,115.5,1647.7,7.5,1.015,42.89,54.68,0.0,0,169.85,4.0
SH01083,2025-03-24,Bengaluru,West,Bengaluru → West,SwiftMove,Rail,Standard,Clear,424.8,1005.2,4.47,1.01,54.4,61.69,0.0,0,102.82,5.0
SH01084,2025-03-24,Bengaluru,West,Bengaluru → West,TransGo,Road,Standard,Clear,1260.7,1043.6,3.86,1.03,37.37,38.48,0.0,0,215.36,4.0
SH01085,2025-03-24,Mumbai,South,Mumbai → South,SwiftMove,Road,Express,Clear,45.2,1013.1,6.93,1.021,26.5,36.25,0.0,0,203.07,4.0
SH01086,2025-03-24,Bengaluru,East,Bengaluru → East,BlueLine,Road,Express,Clear,208.6,1824.0,6.08,1.006,40.35,49.31,0.0,0,277.23,
SH01087,2025-03-24,Nagpur,North,Nagpur → North,TransGo,Road,Standard,Fog,283.1,1189.3,5.98,1.01,50.81,40.82,9.99,1,141.95,5.0
SH01088,2025-03-24,Mumbai,West,Mumbai → West,BlueLine,Road,Standard,Rain,136.5,89.9,8.4,1.015,17.34,18.5,0.0,0,27.91,5.0
SH01089,2025-03-25,Bengaluru,East,Bengaluru → East,TransGo,Road,Standard,Clear,1297.2,1800.9,4.56,1.011,51.24,56.62,0.0,0,272.77,5.0
SH01090,2025-03-25,Bengaluru,West,Bengaluru → West,SwiftMove,Rail,Standard,Clear,86.1,1034.7,6.72,1.004,45.67,62.63,0.0,0,102.27,4.0
SH01091,2025-03-25,Nagpur,South,Nagpur → South,BlueLine,Road,Standard,Clear,150.4,1018.5,6.15,1.006,37.6,36.73,0.88,1,146.7,5.0
SH01092,2025-03-25,Mumbai,West,Mumbai → West,RapidFreight,Road,Standard,Clear,344.0,169.4,5.99,1.015,13.34,20.41,0.0,0,71.5,5.0
SH01093,2025-03-25,Kolkata,West,Kolkata → West,TransGo,Road,Standard,Clear,751.3,2049.9,3.81,1.019,59.83,64.31,0.0,0,264.29,4.0
SH01094,2025-03-25,Mumbai,West,Mumbai → West,SwiftMove,Road,Standard,Clear,577.2,47.8,6.85,0.997,13.16,17.5,0.0,0,57.77,5.0
SH01095,2025-03-25,Mumbai,South,Mumbai → South,SwiftMove,Road,Standard,Storm,117.5,919.5,6.5,1.023,49.13,38.38,10.75,1,158.94,4.0
SH01096,2025-03-25,Bengaluru,North,Bengaluru → North,TransGo,Road,Standard,Clear,220.8,2305.9,4.05,0.996,58.47,68.72,0.0,0,270.03,4.0
SH01097,2025-03-25,Kolkata,North,Kolkata → North,BlueLine,Road,Express,Clear,258.5,1391.1,5.3,1.009,33.74,42.53,0.0,0,211.31,5.0
SH01098,2025-03-25,Kolkata,South,Kolkata → South,BlueLine,Road,Standard,Clear,329.5,1764.4,5.1,1.01,42.94,57.47,0.0,0,231.58,5.0
SH01099,2025-03-25,Delhi,South,Delhi → South,TransGo,Rail,Standard,Clear,65.2,2141.3,7.53,0.993,89.52,98.55,0.0,0,160.95,4.0
SH01100,2025-03-25,Mumbai,South,Mumbai → South,SwiftMove,Road,Standard,Clear,55.6,994.4,3.31,1.02,31.66,40.17,0.0,0,148.41,5.0
SH01101,2025-03-26,Bengaluru,South,Bengaluru → South,TransGo,Road,Express,Rain,132.8,57.5,3.72,1.005,21.71,14.61,7.1,1,27.31,4.0
SH01102,2025-03-26,Delhi,East,Delhi → East,BlueLine,Road,Standard,Clear,182.0,1555.8,5.71,1.004,51.86,51.32,0.53,1,193.47,4.0
SH01103,2025-03-26,Bengaluru,South,Bengaluru → South,SwiftMove,Road,Standard,Clear,18.7,312.5,4.09,1.008,13.94,20.96,0.0,0,49.92,4.0
SH01104,2025-03-26,Delhi,West,Delhi → West,SwiftMove,Road,Standard,Rain,717.2,1406.6,5.26,0.994,41.16,47.75,0.0,0,245.04,5.0
SH01105,2025-03-26,Delhi,South,Delhi → South,TransGo,Road,Standard,Clear,522.5,2263.4,8.03,1.018,64.13,68.28,0.0,0,274.79,5.0
SH01106,2025-03-26,Mumbai,South,Mumbai → South,TransGo,Road,Standard,Clear,112.5,1045.4,5.25,1.004,35.75,41.4,0.0,0,123.25,4.0
SH01107,2025-03-26,Delhi,South,Delhi → South,RapidFreight,Road,Standard,Fog,292.8,2013.0,7.28,1.032,56.98,62.28,0.0,0,352.01,5.0
SH01108,2025-03-26,Nagpur,North,Nagpur → North,SwiftMove,Rail,Standard,Clear,300.7,1152.2,7.2,1.024,55.45,65.23,0.0,0,139.69,5.0
SH01109,2025-03-26,Kolkata,South,Kolkata → South,BlueLine,Road,Standard,Clear,96.3,1832.0,6.31,1.021,49.82,59.09,0.0,0,236.59,5.0
SH01110,2025-03-26,Nagpur,East,Nagpur → East,SwiftMove,Road,Express,Clear,65.9,1210.0,4.19,1.015,27.52,36.1,0.0,0,219.27,5.0
SH01111,2025-03-26,Kolkata,Central,Kolkata → Central,RapidFreight,Road,Standard,Storm,441.2,1126.4,2.64,1.015,48.92,42.19,6.73,1,211.82,5.0
SH01112,2025-03-26,Mumbai,South,Mumbai → South,SwiftMove,Road,Standard,Clear,282.7,1068.9,7.39,0.998,38.25,41.96,0.0,0,155.05,5.0
SH01113,2025-03-27,Mumbai,South,Mumbai → South,BlueLine,Road,Standard,Clear,,1108.2,5.24,1.012,34.65,42.9,0.0,0,145.01,4.0
SH01114,2025-03-27,Bengaluru,Central,Bengaluru → Central,RapidFreight,Road,Standard,Clear,552.0,990.1,3.63,1.012,28.83,37.2,0.0,0,196.64,4.0
SH01115,2025-03-27,Kolkata,South,Kolkata → South,SwiftMove,Road,Standard,Clear,217.5,1802.9,7.5,0.998,54.36,58.39,0.0,0,262.35,5.0
SH01116,2025-03-27,Kolkata,North,Kolkata → North,SwiftMove,Road,Standard,Clear,184.4,1623.2,4.53,1.011,45.28,54.09,0.0,0,225.13,5.0
SH01117,2025-03-27,Delhi,West,Delhi → West,TransGo,Road,Standard,Rain,22.0,1600.4,3.71,1.006,57.85,52.39,5.45,1,198.59,4.0
SH01118,2025-03-27,Nagpur,South,Nagpur → South,BlueLine,Air,Express,Clear,158.9,1039.0,4.19,0.994,22.53,27.96,0.0,0,330.59,4.0
SH01119,2025-03-27,Delhi,Central,Delhi → Central,RapidFreight,Road,Standard,Clear,228.2,1077.3,7.81,1.017,32.8,39.86,0.0,0,176.26,4.0
SH01120,2025-03-27,Bengaluru,West,Bengaluru → West,BlueLine,Road,Standard,Clear,94.6,916.6,5.3,0.997,28.52,35.44,0.0,0,114.17,4.0
SH01121,2025-03-27,Mumbai,South,Mumbai → South,TransGo,Road,Express,Clear,961.2,1066.9,6.55,0.993,36.68,37.31,0.0,0,217.09,4.0
SH01122,2025-03-27,Delhi,South,Delhi → South,SwiftMove,Rail,Standard,Clear,282.7,2418.8,7.7,1.01,79.9,107.42,0.0,0,180.81,5.0
SH01123,2025-03-27,Nagpur,West,Nagpur → West,TransGo,Road,Standard,Clear,171.3,926.7,2.83,1.001,27.52,34.53,0.0,0,96.24,5.0
SH01124,2025-03-27,Kolkata,West,Kolkata → West,TransGo,Road,Standard,Clear,231.3,2096.0,5.9,1.015,61.93,65.42,0.0,0,226.78,5.0
SH01125,2025-03-27,Mumbai,North,Mumbai → North,BlueLine,Rail,Standard,Clear,138.1,1414.6,6.5,1.016,67.2,77.64,0.0,0,97.0,5.0
SH01126,2025-03-27,Mumbai,North,Mumbai → North,SwiftMove,Road,Standard,Clear,304.8,1506.4,5.88,1.009,45.22,52.44,0.0,0,205.32,5.0
SH01127,2025-03-27,Mumbai,East,Mumbai → East,SwiftMove,Rail,Standard,Rain,699.8,2255.4,8.63,1.001,87.01,104.5,0.0,0,193.62,5.0
SH01128,2025-03-27,Mumbai,West,Mumbai → West,RapidFreight,Road,Express,Clear,68.0,84.9,6.78,0.992,11.52,18.02,0.0,0,34.15,5.0
SH01129,2025-03-27,Bengaluru,West,Bengaluru → West,RapidFreight,Air,Express,Clear,29.6,1060.4,5.07,1.012,19.52,29.15,0.0,0,224.19,5.0
SH01130,2025-03-27,Delhi,North,Delhi → North,BlueLine,Road,Express,Rain,1042.6,227.8,6.07,1.011,19.68,18.53,1.16,1,115.21,5.0
SH01131,2025-03-27,Delhi,South,Delhi → South,SwiftMove,Rail,Standard,Rain,243.4,2333.4,5.09,1.014,89.83,104.69,0.0,0,196.86,5.0
SH01132,2025-03-27,Bengaluru,North,Bengaluru → North,SwiftMove,Road,Express,Clear,179.4,2317.3,3.16,1.018,53.16,59.0,0.0,0,419.76,
SH01133,2025-03-27,Bengaluru,East,Bengaluru → East,TransGo,Rail,Standard,Clear,41.6,2111.6,5.59,1.001,81.26,97.03,0.0,0,165.06,4.0
SH01134,2025-03-27,Mumbai,East,Mumbai → East,BlueLine,Road,Express,Clear,414.4,2189.9,5.54,1.019,45.99,59.37,0.0,0,322.23,5.0
SH01135,2025-03-28,Delhi,West,Delhi → West,RapidFreight,Road,Standard,Clear,27.0,1488.3,5.68,0.995,35.61,49.71,0.0,0,211.67,5.0
SH01136,2025-03-28,Delhi,South,Delhi → South,TransGo,Road,Standard,Clear,887.7,2378.2,6.43,1.01,67.78,71.03,0.0,0,343.71,4.0
SH01137,2025-03-28,Kolkata,Central,Kolkata → Central,SwiftMove,Rail,Standard,Clear,70.4,1028.9,6.72,0.989,50.62,64.17,0.0,0,102.63,5.0
SH01138,2025-03-28,Mumbai,Central,Mumbai → Central,BlueLine,Road,Standard,Clear,712.7,875.5,7.11,1.013,30.32,37.33,0.0,0,138.44,5.0
SH01139,2025-03-28,Bengaluru,South,Bengaluru → South,SwiftMove,Road,Standard,Clear,52.7,108.5,2.77,1.033,7.06,16.07,0.0,0,29.66,4.0
SH01140,2025-03-28,Delhi,East,Delhi → East,SwiftMove,Rail,Standard,Clear,301.7,1391.8,4.81,1.016,57.49,74.61,0.0,0,136.13,5.0
SH01141,2025-03-28,Mumbai,West,Mumbai → West,SwiftMove,Road,Express,Clear,148.6,260.1,6.47,1.01,15.16,21.46,0.0,0,64.56,4.0
SH01142,2025-03-28,Kolkata,South,Kolkata → South,RapidFreight,Road,Standard,Clear,103.5,1778.2,7.98,0.995,49.55,57.8,0.0,0,307.64,5.0
SH01143,2025-03-28,Mumbai,North,Mumbai → North,SwiftMove,Rail,Standard,Clear,549.2,1542.8,4.84,0.991,66.84,81.73,0.0,0,132.66,5.0
SH01144,2025-03-28,Bengaluru,North,Bengaluru → North,TransGo,Road,Standard,Clear,347.0,2121.5,4.71,1.04,62.74,64.3,0.0,0,225.01,5.0
SH01145,2025-03-28,Delhi,East,Delhi → East,TransGo,Road,Standard,Clear,329.6,1445.0,4.83,1.008,41.63,48.67,0.0,0,178.3,4.0
SH01146,2025-03-28,Delhi,West,Delhi → West,BlueLine,Road,Standard,Clear,542.2,1516.6,6.8,0.993,49.02,50.39,0.0,0,209.98,4.0
SH01147,2025-03-28,Delhi,North,Delhi → North,TransGo,Road,Standard,Clear,481.2,236.4,5.16,1.014,21.76,19.71,2.05,1,66.01,4.0
SH01148,2025-03-28,Kolkata,East,Kolkata → East,SwiftMove,Road,Express,Rain,595.3,90.9,2.64,1.002,14.05,16.99,0.0,0,69.22,4.0
SH01149,2025-03-28,Nagpur,West,Nagpur → West,BlueLine,Air,Express,Clear,842.3,951.0,2.99,1.014,20.3,27.81,0.0,0,1033.52,5.0
SH01150,2025-04-01,Mumbai,East,Mumbai → East,RapidFreight,Rail,Standard,Clear,1624.5,2263.8,5.52,1.023,87.96,104.77,0.0,0,266.47,3.0
SH01151,2025-04-01,Delhi,West,Delhi → West,BlueLine,Road,Standard,Clear,215.8,1349.0,5.05,1.046,35.28,46.37,0.0,0,202.27,4.0
SH01152,2025-04-01,Mumbai,North,Mumbai → North,BlueLine,Rail,Standard,Clear,165.1,1340.2,4.0,1.023,57.02,75.26,0.0,0,130.81,4.0
SH01153,2025-04-01,Kolkata,South,Kolkata → South,BlueLine,Rail,Standard,Clear,350.1,2137.6,5.37,1.026,100.28,99.58,0.69,1,156.7,4.0
SH01154,2025-04-01,Bengaluru,South,Bengaluru → South,SwiftMove,Road,Standard,Clear,242.1,224.0,4.27,1.038,14.49,18.84,0.0,0,52.85,
SH01155,2025-04-01,Nagpur,South,Nagpur → South,SwiftMove,Road,Standard,Clear,166.1,1119.6,6.64,1.024,33.01,39.15,0.0,0,170.33,5.0
SH01156,2025-04-01,Bengaluru,Central,Bengaluru → Central,BlueLine,Rail,Standard,Clear,606.6,1070.1,4.18,1.027,52.59,63.76,0.0,0,118.62,5.0
SH01157,2025-04-01,Delhi,West,Delhi → West,SwiftMove,Rail,Standard,Clear,71.3,1573.7,6.74,1.025,77.1,80.42,0.0,0,156.21,5.0
SH01158,2025-04-01,Bengaluru,Central,Bengaluru → Central,SwiftMove,Rail,Standard,Clear,205.8,1011.1,4.63,1.025,54.07,61.87,0.0,0,104.86,4.0
SH01159,2025-04-02,Mumbai,East,Mumbai → East,SwiftMove,Rail,Standard,Clear,174.0,2148.1,5.09,1.034,97.4,101.07,0.0,0,171.33,5.0
SH01160,2025-04-02,Bengaluru,Central,Bengaluru → Central,BlueLine,Road,Express,Clear,414.6,1016.6,5.91,1.028,26.62,33.45,0.0,0,194.63,4.0
SH01161,2025-04-02,Mumbai,South,Mumbai → South,BlueLine,Rail,Standard,Clear,322.4,1120.3,6.17,1.048,60.17,68.24,0.0,0,114.53,5.0
SH01162,2025-04-02,Mumbai,West,Mumbai → West,SwiftMove,Road,Standard,Clear,359.5,63.8,5.72,1.025,13.86,17.88,0.0,0,44.09,4.0
SH01163,2025-04-02,Bengaluru,East,Bengaluru → East,SwiftMove,Rail,Standard,Clear,292.0,1884.3,5.42,1.009,73.91,89.77,0.0,0,157.39,5.0
SH01164,2025-04-02,Nagpur,East,Nagpur → East,TransGo,Air,Express,Clear,29.7,1253.4,4.81,1.026,29.51,28.34,1.17,1,201.21,5.0
SH01165,2025-04-02,Kolkata,South,Kolkata → South,BlueLine,Road,Standard,Clear,563.3,1733.6,2.35,1.042,48.62,56.73,0.0,0,222.19,4.0
SH01166,2025-04-02,Delhi,East,Delhi → East,BlueLine,Road,Express,Clear,225.2,1659.9,5.67,1.034,41.62,46.66,0.0,0,257.48,5.0
SH01167,2025-04-02,Kolkata,West,Kolkata → West,BlueLine,Rail,Standard,Clear,47.8,1949.1,4.5,1.048,81.33,93.56,0.0,0,158.13,5.0
SH01168,2025-04-02,Delhi,West,Delhi → West,TransGo,Road,Standard,Clear,243.5,1408.0,5.25,1.026,48.85,47.78,1.07,1,180.23,5.0
SH01169,2025-04-02,Delhi,West,Delhi → West,BlueLine,Road,Standard,Clear,194.5,1502.6,5.48,1.04,43.04,50.05,0.0,0,197.94,4.0
SH01170,2025-04-02,Delhi,West,Delhi → West,BlueLine,Rail,Standard,Fog,11.5,1291.4,4.2,1.037,62.59,71.4,0.0,0,120.59,5.0
SH01171,2025-04-02,Delhi,Central,Delhi → Central,SwiftMove,Road,Express,Clear,333.6,1003.8,4.93,1.037,25.71,33.77,0.0,0,171.84,5.0
SH01172,2025-04-02,Mumbai,West,Mumbai → West,SwiftMove,Road,Standard,Rain,327.5,57.5,6.52,1.036,19.11,17.73,1.38,1,36.87,4.0
SH01173,2025-04-02,Delhi,West,Delhi → West,RapidFreight,Road,Standard,Rain,90.3,1545.4,7.44,1.05,49.13,51.08,0.0,0,270.48,5.0
SH01174,2025-04-02,Delhi,West,Delhi → West,SwiftMove,Road,Standard,Clear,164.4,1419.3,6.85,1.015,39.89,48.05,0.0,0,186.41,4.0
SH01175,2025-04-02,Delhi,West,Delhi → West,BlueLine,Rail,Standard,Clear,77.0,1326.0,4.6,1.032,62.74,72.51,0.0,0,121.74,5.0
SH01176,2025-04-02,Delhi,Central,Delhi → Central,RapidFreight,Road,Standard,Clear,238.8,1021.7,6.17,1.026,34.26,38.53,0.0,0,159.22,4.0
SH01177,2025-04-02,Delhi,Central,Delhi → Central,SwiftMove,Road,Standard,Clear,121.7,1023.5,5.02,1.024,26.75,38.57,0.0,0,135.51,5.0
SH01178,2025-04-03,Delhi,Central,Delhi → Central,SwiftMove,Road,Express,Clear,792.0,1168.0,6.85,1.039,32.32,37.0,0.0,0,239.91,5.0
SH01179,2025-04-03,Kolkata,Central,Kolkata → Central,SwiftMove,Air,Express,Clear,219.3,1031.0,3.65,1.017,22.19,30.82,0.0,0,352.66,4.0
SH01180,2025-04-03,Nagpur,West,Nagpur → West,SwiftMove,Road,Express,Clear,515.3,902.7,3.72,1.032,24.98,30.06,0.0,0,181.07,5.0
SH01181,2025-04-03,Kolkata,North,Kolkata → North,BlueLine,Rail,Standard,Clear,458.1,1402.0,3.82,1.008,62.31,76.09,0.0,0,135.74,5.0
SH01182,2025-04-03,Nagpur,West,Nagpur → West,TransGo,Road,Standard,Clear,344.1,826.8,5.48,1.022,30.74,32.13,0.0,0,106.73,5.0
SH01183,2025-04-03,Bengaluru,West,Bengaluru → West,RapidFreight,Road,Express,Clear,3427.6,957.4,4.49,1.033,26.09,32.28,0.0,0,568.53,5.0
SH01184,2025-04-03,Nagpur,Central,Nagpur → Central,SwiftMove,Road,Standard,Clear,717.1,105.9,4.64,1.016,8.94,14.86,0.0,0,69.15,5.0
SH01185,2025-04-03,Bengaluru,West,Bengaluru → West,SwiftMove,Road,Standard,Clear,274.2,904.7,5.0,1.022,26.46,35.15,0.0,0,143.74,4.0
SH01186,2025-04-04,Delhi,East,Delhi → East,RapidFreight,Road,Standard,Rain,413.5,1393.5,8.8,1.033,46.52,47.44,0.0,0,221.68,4.0
SH01187,2025-04-04,Kolkata,Central,Kolkata → Central,TransGo,Road,Standard,Clear,212.4,1169.6,5.23,1.02,46.0,43.22,2.77,1,140.66,4.0
SH01188,2025-04-04,Kolkata,North,Kolkata → North,SwiftMove,Rail,Standard,Clear,66.2,1613.9,4.83,1.039,71.67,82.85,0.0,0,135.18,5.0
SH01189,2025-04-04,Delhi,East,Delhi → East,SwiftMove,Rail,Standard,Clear,561.9,1421.2,3.71,1.042,58.15,75.55,0.0,0,159.39,5.0
SH01190,2025-04-04,Delhi,West,Delhi → West,SwiftMove,Road,Express,Clear,134.7,1389.8,6.35,1.033,37.05,41.35,0.0,0,196.39,5.0
SH01191,2025-04-04,Delhi,North,Delhi → North,SwiftMove,Road,Standard,Clear,383.9,61.4,5.96,1.034,10.47,15.52,0.0,0,39.6,5.0
SH01192,2025-04-04,Delhi,North,Delhi → North,SwiftMove,Road,Standard,Clear,401.9,52.6,5.25,1.023,9.65,15.31,0.0,0,32.79,5.0
SH01193,2025-04-04,Mumbai,Central,Mumbai → Central,SwiftMove,Rail,Standard,Clear,681.3,806.6,6.92,1.02,55.43,58.22,0.0,0,107.95,5.0
SH01194,2025-04-04,Delhi,South,Delhi → South,BlueLine,Road,Express,Clear,52.7,2133.3,6.48,1.027,47.79,55.96,0.0,0,298.33,5.0
SH01195,2025-04-04,Delhi,South,Delhi → South,SwiftMove,Road,Standard,Clear,310.3,2055.5,5.02,1.032,45.63,63.3,0.0,0,245.39,5.0
SH01196,2025-04-04,Delhi,North,Delhi → North,SwiftMove,Road,Standard,Clear,508.8,308.2,7.08,1.037,16.48,21.43,0.0,0,79.67,5.0
SH01197,2025-04-04,Delhi,Central,Delhi → Central,BlueLine,Road,Standard,Clear,276.9,1187.6,6.4,1.033,39.13,42.5,0.0,0,170.77,5.0
SH01198,2025-04-05,Bengaluru,West,Bengaluru → West,SwiftMove,Road,Express,Rain,652.0,910.1,6.89,1.029,29.93,31.35,0.0,0,184.85,5.0
SH01199,2025-04-05,Bengaluru,Central,Bengaluru → Central,SwiftMove,Road,Standard,Clear,396.4,1002.6,6.25,1.02,30.74,37.5,0.0,0,129.86,5.0
SH01200,2025-04-05,Nagpur,West,Nagpur → West,RapidFreight,Road,Express,Clear,322.3,953.1,5.62,1.016,22.86,31.05,0.0,0,244.78,4.0
SH01201,2025-04-05,Delhi,East,Delhi → East,SwiftMove,Road,Express,Clear,303.2,1685.2,7.01,1.032,36.65,47.16,0.0,0,256.72,4.0
SH01202,2025-04-05,Delhi,East,Delhi → East,TransGo,Road,Standard,Clear,231.7,1556.4,5.0,1.033,48.41,51.34,0.0,0,161.44,3.0
SH01203,2025-04-05,Mumbai,South,Mumbai → South,BlueLine,Road,Standard,Clear,91.7,969.5,4.68,1.027,41.19,39.58,1.61,1,128.24,4.0
SH01204,2025-04-05,Mumbai,West,Mumbai → West,SwiftMove,Road,Standard,Clear,99.8,100.5,4.15,1.052,13.01,18.76,0.0,0,34.48,5.0
SH01205,2025-04-05,Mumbai,West,Mumbai → West,BlueLine,Road,Standard,Clear,744.0,292.7,6.97,1.036,22.47,23.36,0.0,0,81.59,5.0
SH01206,2025-04-05,Bengaluru,South,Bengaluru → South,BlueLine,Road,Standard,Clear,79.1,299.4,4.58,1.017,15.64,20.65,0.0,0,46.4,4.0
SH01207,2025-04-06,Kolkata,South,Kolkata → South,RapidFreight,Rail,Standard,Clear,103.2,2019.7,5.57,1.028,102.19,95.82,6.37,1,203.44,
SH01208,2025-04-06,Mumbai,East,Mumbai → East,TransGo,Road,Express,Clear,116.5,2103.1,8.56,1.029,53.1,57.67,0.0,0,320.09,5.0
SH01209,2025-04-06,Nagpur,West,Nagpur → West,SwiftMove,Road,Standard,Storm,87.1,882.2,4.94,1.025,45.69,33.46,12.22,1,132.78,4.0
SH01210,2025-04-06,Mumbai,West,Mumbai → West,TransGo,Road,Standard,Fog,45.5,71.4,6.51,1.03,31.3,18.06,13.24,1,20.22,2.0
SH01211,2025-04-06,Nagpur,West,Nagpur → West,TransGo,Rail,Standard,Clear,101.0,934.5,5.84,1.018,55.78,58.28,0.0,0,90.41,4.0
SH01212,2025-04-06,Bengaluru,North,Bengaluru → North,SwiftMove,Rail,Standard,Clear,73.3,2400.7,5.38,1.034,89.87,106.27,0.0,0,184.47,3.0
SH01213,2025-04-06,Bengaluru,West,Bengaluru → West,BlueLine,Rail,Standard,Clear,411.1,926.8,5.52,1.039,52.82,59.18,0.0,0,102.68,4.0
SH01214,2025-04-06,Delhi,West,Delhi → West,TransGo,Road,Express,Clear,83.0,1363.9,6.58,1.033,39.44,40.84,0.0,0,189.84,4.0
SH01215,2025-04-06,Nagpur,North,Nagpur → North,BlueLine,Road,Standard,Clear,476.9,1135.7,5.97,1.0,33.7,39.54,0.0,0,162.21,4.0
SH01216,2025-04-06,Nagpur,West,Nagpur → West,SwiftMove,Road,Express,Clear,1432.3,938.2,7.74,1.025,26.65,30.76,0.0,0,245.66,4.0
SH01217,2025-04-06,Kolkata,North,Kolkata → North,BlueLine,Rail,Standard,Clear,170.2,1566.7,6.12,1.037,69.76,81.35,0.0,0,132.99,5.0
SH01218,2025-04-07,Kolkata,West,Kolkata → West,TransGo,Road,Standard,Clear,126.0,1949.5,4.24,1.018,54.01,61.91,0.0,0,240.35,4.0
SH01219,2025-04-07,Delhi,West,Delhi → West,RapidFreight,Road,Standard,Clear,1726.6,1516.2,5.99,1.033,41.7,50.38,0.0,0,342.33,4.0
SH01220,2025-04-07,Delhi,West,Delhi → West,BlueLine,Rail,Standard,Clear,351.1,1483.2,6.2,1.042,65.67,77.53,0.0,0,136.17,4.0
SH01221,2025-04-07,Bengaluru,North,Bengaluru → North,BlueLine,Road,Standard,Clear,158.2,2425.1,7.69,1.039,64.86,71.58,0.0,0,297.61,4.0
SH01222,2025-04-07,Kolkata,East,Kolkata → East,SwiftMove,Road,Express,Clear,274.1,203.7,3.65,1.04,14.34,19.2,0.0,0,54.56,5.0
SH01223,2025-04-07,Mumbai,Central,Mumbai → Central,TransGo,Air,Express,Rain,165.3,855.5,5.77,1.037,36.43,31.66,4.77,1,288.89,4.0
SH01224,2025-04-07,Kolkata,South,Kolkata → South,SwiftMove,Road,Standard,Clear,410.5,2087.6,4.78,1.038,56.1,65.21,0.0,0,253.66,5.0
SH01225,2025-04-07,Mumbai,South,Mumbai → South,SwiftMove,Road,Express,Clear,169.1,1022.0,6.24,1.02,29.74,36.43,0.0,0,154.37,5.0
SH01226,2025-04-07,Kolkata,North,Kolkata → North,RapidFreight,Rail,Standard,Clear,258.1,1463.8,4.42,1.054,64.37,78.06,0.0,0,156.95,5.0
SH01227,2025-04-07,Mumbai,East,Mumbai → East,SwiftMove,Road,Standard,Clear,327.6,2187.0,5.92,1.008,57.5,68.75,0.0,0,301.19,5.0
SH01228,2025-04-07,Mumbai,North,Mumbai → North,BlueLine,Road,Express,Clear,483.4,1368.7,4.07,1.019,38.11,43.24,0.0,0,225.7,5.0
SH01229,2025-04-07,Bengaluru,South,Bengaluru → South,BlueLine,Road,Standard,Rain,5084.0,73.3,3.51,1.028,25.16,15.23,9.93,1,297.6,4.0
SH01230,2025-04-07,Mumbai,East,Mumbai → East,SwiftMove,Rail,Standard,Clear,720.7,2162.4,5.25,1.033,79.61,101.53,0.0,0,195.35,
SH01231,2025-04-07,Kolkata,North,Kolkata → North,SwiftMove,Rail,Standard,Clear,649.8,1660.9,6.37,1.013,66.41,84.36,0.0,0,172.27,5.0
SH01232,2025-04-08,Mumbai,East,Mumbai → East,SwiftMove,Road,Express,Clear,600.9,2170.0,4.89,1.022,45.99,58.98,0.0,0,311.46,4.0
SH01233,2025-04-08,Nagpur,South,Nagpur → South,RapidFreight,Road,Standard,Rain,85.0,1076.3,7.97,1.022,38.71,38.11,0.6,1,166.77,4.0
SH01234,2025-04-08,Kolkata,Central,Kolkata → Central,SwiftMove,Rail,Standard,Clear,147.2,1232.4,3.87,1.043,70.73,70.67,0.06,1,122.29,
SH01235,2025-04-08,Bengaluru,North,Bengaluru → North,BlueLine,Rail,Standard,Clear,119.6,2117.6,6.06,1.029,69.14,97.22,0.0,0,196.6,5.0
SH01236,2025-04-08,Kolkata,East,Kolkata → East,BlueLine,Road,Standard,Rain,314.0,217.4,5.75,1.026,20.36,20.41,0.0,0,52.61,4.0
SH01237,2025-04-08,Nagpur,North,Nagpur → North,RapidFreight,Road,Standard,Clear,133.5,990.7,5.05,1.045,24.92,36.06,0.0,0,185.35,5.0
SH01238,2025-04-08,Mumbai,South,Mumbai → South,BlueLine,Road,Standard,Clear,673.1,957.9,7.15,1.017,33.5,39.3,0.0,0,145.29,5.0
SH01239,2025-04-08,Nagpur,South,Nagpur → South,BlueLine,Rail,Standard,Clear,190.5,1118.5,5.23,1.014,49.72,64.15,0.0,0,100.09,4.0
SH01240,2025-04-08,Delhi,North,Delhi → North,BlueLine,Road,Express,Clear,241.0,140.7,4.93,1.038,11.81,16.81,0.0,0,53.97,5.0
SH01241,2025-04-08,Kolkata,South,Kolkata → South,BlueLine,Road,Standard,Clear,648.0,1915.4,6.57,1.036,62.42,61.09,1.33,1,283.15,
SH01242,2025-04-08,Delhi,South,Delhi → South,RapidFreight,Road,Standard,Clear,50.8,2316.8,7.2,1.035,57.39,69.56,0.0,0,353.41,5.0
SH01243,2025-04-08,Nagpur,North,Nagpur → North,BlueLine,Rail,Standard,Clear,227.5,1011.8,1.91,1.019,45.34,60.75,0.0,0,114.36,
SH01244,2025-04-08,Kolkata,West,Kolkata → West,RapidFreight,Air,Express,Fog,732.8,1855.1,5.56,1.019,37.22,32.28,4.94,1,1218.22,4.0
SH01245,2025-04-08,Nagpur,North,Nagpur → North,BlueLine,Air,Express,Fog,240.9,1013.0,6.02,1.024,31.16,27.92,3.24,1,364.81,5.0
SH01246,2025-04-08,Bengaluru,West,Bengaluru → West,BlueLine,Rail,Standard,Clear,147.5,976.8,5.58,1.026,44.23,60.78,0.0,0,104.09,5.0
SH01247,2025-04-08,Kolkata,West,Kolkata → West,SwiftMove,Road,Standard,Clear,201.7,2278.3,3.49,1.028,60.65,69.78,0.0,0,289.46,5.0
SH01248,2025-04-09,Delhi,Central,Delhi → Central,TransGo,Road,Express,Clear,2941.0,1153.3,4.76,1.037,38.32,36.71,1.61,1,357.42,4.0
SH01249,2025-04-09,Mumbai,West,Mumbai → West,RapidFreight,Road,Standard,Clear,610.6,56.0,4.13,1.038,8.56,17.69,0.0,0,62.3,5.0
SH01250,2025-04-09,Bengaluru,West,Bengaluru → West,RapidFreight,Air,Express,Clear,515.6,907.0,5.44,1.029,21.98,28.88,0.0,0,885.08,5.0
SH01251,2025-04-09,Delhi,West,Delhi → West,SwiftMove,Road,Standard,Clear,499.2,1515.1,3.13,1.029,42.34,50.35,0.0,0,261.13,4.0
SH01252,2025-04-09,Delhi,South,Delhi → South,BlueLine,Rail,Standard,Clear,118.8,2063.7,5.08,1.038,80.25,96.07,0.0,0,166.5,5.0
SH01253,2025-04-09,Delhi,North,Delhi → North,BlueLine,Road,Standard,Clear,132.3,285.6,6.12,1.029,21.56,20.89,0.66,1,46.17,5.0
SH01254,2025-04-09,Delhi,South,Delhi → South,BlueLine,Air,Express,Clear,775.5,1995.5,3.49,1.034,24.42,31.38,0.0,0,1012.8,
SH01255,2025-04-09,Kolkata,North,Kolkata → North,BlueLine,Road,Standard,Fog,174.2,1468.1,4.34,1.025,42.62,50.37,0.0,0,162.09,5.0
SH01256,2025-04-09,Bengaluru,East,Bengaluru → East,SwiftMove,Road,Standard,Rain,132.0,1971.1,5.07,1.037,62.07,60.7,1.37,1,237.33,5.0
SH01257,2025-04-09,Bengaluru,East,Bengaluru → East,SwiftMove,Road,Standard,Clear,185.2,1755.2,5.18,1.036,48.11,55.53,0.0,0,228.36,5.0
SH01258,2025-04-09,Delhi,North,Delhi → North,TransGo,Road,Standard,Clear,234.9,202.9,5.24,1.039,20.51,18.91,1.6,1,48.6,5.0
SH01259,2025-04-10,Bengaluru,South,Bengaluru → South,RapidFreight,Road,Standard,Clear,1986.1,349.2,5.02,1.011,16.43,21.84,0.0,0,200.03,4.0
SH01260,2025-04-10,Nagpur,West,Nagpur → West,RapidFreight,Road,Standard,Clear,1338.8,773.4,2.79,1.035,20.57,30.85,0.0,0,234.29,4.0
SH01261,2025-04-10,Nagpur,South,Nagpur → South,SwiftMove,Rail,Standard,Clear,785.7,1001.6,5.58,1.025,44.25,60.42,0.0,0,145.67,5.0
SH01262,2025-04-10,Nagpur,Central,Nagpur → Central,TransGo,Road,Standard,Clear,111.4,77.3,7.1,1.03,15.45,14.18,1.28,1,27.71,5.0
SH01263,2025-04-10,Delhi,North,Delhi → North,RapidFreight,Road,Express,Clear,1003.7,337.9,4.05,1.039,14.38,20.69,0.0,0,148.14,5.0
SH01264,2025-04-10,Mumbai,South,Mumbai → South,SwiftMove,Rail,Standard,Clear,105.1,945.8,6.76,1.032,48.54,62.66,0.0,0,88.9,5.0
SH01265,2025-04-10,Bengaluru,Central,Bengaluru → Central,BlueLine,Rail,Standard,Clear,515.1,964.7,4.81,1.036,48.33,60.39,0.0,0,107.82,5.0
SH01266,2025-04-10,Mumbai,East,Mumbai → East,SwiftMove,Road,Standard,Clear,103.0,1920.3,5.78,1.024,51.83,62.36,0.0,0,237.19,5.0
SH01267,2025-04-10,Delhi,South,Delhi → South,SwiftMove,Road,Standard,Clear,299.0,2326.1,5.52,1.02,48.55,69.78,0.0,0,340.27,5.0
SH01268,2025-04-10,Bengaluru,North,Bengaluru → North,TransGo,Rail,Standard,Clear,211.1,2067.4,4.84,1.017,85.78,95.62,0.0,0,167.84,4.0
SH01269,2025-04-10,Bengaluru,North,Bengaluru → North,BlueLine,Road,Standard,Clear,221.5,2381.9,4.49,1.03,66.36,70.54,0.0,0,300.24,5.0
SH01270,2025-04-10,Delhi,South,Delhi → South,TransGo,Road,Standard,Fog,22.0,2173.3,5.35,1.032,74.47,66.12,8.35,1,286.35,4.0
SH01271,2025-04-10,Bengaluru,South,Bengaluru → South,BlueLine,Road,Standard,Clear,785.9,54.9,6.23,1.028,13.58,14.79,0.0,0,62.78,5.0
SH01272,2025-04-10,Nagpur,West,Nagpur → West,RapidFreight,Road,Standard,Clear,266.7,930.1,5.83,1.034,21.0,34.61,0.0,0,135.24,5.0
SH01273,2025-04-11,Nagpur,East,Nagpur → East,TransGo,Road,Standard,Rain,114.1,1015.5,4.93,1.022,35.98,36.66,0.0,0,130.12,5.0
SH01274,2025-04-11,Kolkata,North,Kolkata → North,RapidFreight,Road,Standard,Fog,282.4,1382.7,2.73,1.039,37.78,48.33,0.0,0,222.56,5.0
SH01275,2025-04-11,Bengaluru,North,Bengaluru → North,BlueLine,Road,Standard,Rain,88.1,2218.4,5.64,1.023,60.29,66.63,0.0,0,259.53,4.0
SH01276,2025-04-11,Bengaluru,West,Bengaluru → West,BlueLine,Rail,Standard,Clear,144.9,993.2,4.65,1.029,44.23,61.3,0.0,0,78.94,4.0
SH01277,2025-04-11,Mumbai,South,Mumbai → South,BlueLine,Road,Standard,Clear,300.6,1115.7,4.64,1.04,39.93,43.08,0.0,0,153.51,4.0
SH01278,2025-04-11,Delhi,West,Delhi → West,SwiftMove,Rail,Standard,Storm,176.0,1297.4,6.04,1.026,75.47,71.59,3.87,1,119.25,4.0
SH01279,2025-04-11,Bengaluru,South,Bengaluru → South,BlueLine,Road,Standard,Clear,157.3,104.1,4.55,1.019,16.43,15.97,0.46,1,36.18,
SH01280,2025-04-11,Delhi,East,Delhi → East,SwiftMove,Road,Standard,Clear,229.1,1525.0,4.51,1.021,40.2,50.59,0.0,0,222.32,5.0
SH01281,2025-04-11,Delhi,West,Delhi → West,TransGo,Road,Standard,Clear,111.5,1438.1,3.6,1.033,45.78,48.5,0.0,0,157.33,5.0
SH01282,2025-04-11,Kolkata,East,Kolkata → East,SwiftMove,Road,Standard,Clear,180.4,349.1,4.67,1.032,15.24,23.56,0.0,0,69.37,5.0
SH01283,2025-04-11,Nagpur,South,Nagpur → South,BlueLine,Road,Standard,Clear,328.5,1143.8,5.35,1.032,28.2,39.73,0.0,0,162.57,5.0
SH01284,2025-04-11,Mumbai,South,Mumbai → South,BlueLine,Road,Standard,Clear,117.0,942.0,9.1,1.025,34.88,38.92,0.0,0,108.68,5.0
SH01285,2025-04-11,Delhi,West,Delhi → West,TransGo,Road,Standard,Clear,55.0,1350.6,4.49,1.023,46.73,46.41,0.32,1,183.74,5.0
SH01286,2025-04-11,Delhi,Central,Delhi → Central,BlueLine,Road,Express,Clear,398.8,1023.1,5.97,1.022,25.7,34.15,0.0,0,176.1,5.0
SH01287,2025-04-11,Mumbai,South,Mumbai → South,RapidFreight,Road,Standard,Clear,84.9,943.8,6.71,1.032,34.88,38.96,0.0,0,161.59,5.0
SH01288,2025-04-11,Kolkata,Central,Kolkata → Central,TransGo,Road,Express,Clear,120.7,1138.3,1.27,1.034,28.58,37.56,0.0,0,148.9,5.0
SH01289,2025-04-12,Mumbai,West,Mumbai → West,BlueLine,Road,Standard,Clear,335.7,284.9,7.34,1.034,19.3,23.18,0.0,0,59.88,5.0
SH01290,2025-04-12,Delhi,West,Delhi → West,SwiftMove,Road,Standard,Storm,124.3,1288.1,6.09,1.028,54.05,44.91,9.15,1,182.39,5.0
SH01291,2025-04-12,Kolkata,North,Kolkata → North,TransGo,Road,Standard,Clear,39.6,1696.3,4.32,1.05,42.44,55.84,0.0,0,184.36,4.0
SH01292,2025-04-12,Bengaluru,West,Bengaluru → West,BlueLine,Road,Standard,Clear,1267.8,994.3,5.68,1.017,35.54,37.3,0.0,0,200.24,5.0
SH01293,2025-04-12,Bengaluru,South,Bengaluru → South,SwiftMove,Road,Standard,Clear,48.9,204.2,5.46,1.026,11.46,18.37,0.0,0,39.84,
SH01294,2025-04-12,Mumbai,South,Mumbai → South,RapidFreight,Rail,Standard,Clear,263.3,1091.2,6.83,1.01,51.16,67.31,0.0,0,138.5,5.0
SH01295,2025-04-12,Mumbai,West,Mumbai → West,SwiftMove,Road,Standard,Clear,371.9,251.6,6.23,1.033,16.95,22.38,0.0,0,73.02,5.0
SH01296,2025-04-12,Kolkata,South,Kolkata → South,RapidFreight,Rail,Standard,Clear,330.6,1851.9,3.22,1.03,74.33,90.46,0.0,0,191.26,5.0
SH01297,2025-04-12,Mumbai,West,Mumbai → West,RapidFreight,Road,Standard,Clear,227.3,281.3,6.54,1.008,16.18,23.09,0.0,0,68.99,5.0
SH01298,2025-04-12,Bengaluru,South,Bengaluru → South,TransGo,Road,Standard,Clear,569.6,228.0,6.11,1.032,20.73,18.94,1.79,1,69.86,4.0
SH01299,2025-04-12,Bengaluru,West,Bengaluru → West,BlueLine,Road,Standard,Clear,334.6,937.7,2.9,1.027,30.99,35.94,0.0,0,134.54,5.0
SH01300,2025-04-12,Kolkata,East,Kolkata → East,RapidFreight,Road,Standard,Clear,322.8,124.0,3.31,1.034,9.41,18.17,0.0,0,48.56,5.0
SH01301,2025-04-12,Bengaluru,South,Bengaluru → South,SwiftMove,Road,Standard,Clear,438.1,82.1,7.4,1.044,11.42,15.44,0.0,0,42.72,4.0
SH01302,2025-04-12,Bengaluru,North,Bengaluru → North,SwiftMove,Road,Standard,Clear,211.8,2293.1,6.72,1.051,60.76,68.41,0.0,0,292.44,5.0
SH01303,2025-04-12,Nagpur,South,Nagpur → South,RapidFreight,Rail,Standard,Clear,260.1,1130.1,6.48,1.033,49.98,64.53,0.0,0,147.33,4.0
SH01304,2025-04-12,Delhi,East,Delhi → East,BlueLine,Road,Express,Clear,67.4,1698.0,7.31,1.034,39.9,47.41,0.0,0,245.19,4.0
SH01305,2025-04-13,Delhi,Central,Delhi → Central,BlueLine,Air,Express,Clear,61.6,1026.6,1.92,1.034,24.13,29.67,0.0,0,280.67,5.0
SH01306,2025-04-13,Mumbai,East,Mumbai → East,BlueLine,Road,Standard,Clear,87.1,1907.6,6.93,1.028,54.2,62.05,0.0,0,242.46,5.0
SH01307,2025-04-13,Mumbai,South,Mumbai → South,BlueLine,Road,Standard,Clear,,1025.0,6.48,1.042,37.59,40.91,0.0,0,148.68,4.0
SH01308,2025-04-13,Mumbai,West,Mumbai → West,BlueLine,Road,Standard,Clear,258.5,305.7,7.83,1.029,24.67,23.67,1.0,1,64.97,5.0
SH01309,2025-04-13,Nagpur,East,Nagpur → East,TransGo,Rail,Standard,Rain,58.8,1244.7,4.12,1.029,67.13,68.19,0.0,0,91.66,5.0
SH01310,2025-04-13,Mumbai,Central,Mumbai → Central,RapidFreight,Road,Standard,Rain,161.4,953.2,6.13,1.049,34.56,39.19,0.0,0,174.52,5.0
SH01311,2025-04-13,Nagpur,East,Nagpur → East,SwiftMove,Air,Express,Clear,120.2,1212.0,4.67,1.027,20.42,28.27,0.0,0,360.61,5.0
SH01312,2025-04-13,Mumbai,North,Mumbai → North,RapidFreight,Road,Standard,Clear,32.4,1316.5,8.11,1.043,39.95,47.89,0.0,0,206.14,5.0
SH01313,2025-04-13,Nagpur,East,Nagpur → East,BlueLine,Road,Standard,Rain,76.6,1079.9,5.45,1.024,41.28,38.2,3.08,1,134.74,5.0
SH01314,2025-04-13,Delhi,East,Delhi → East,TransGo,Road,Express,Clear,1103.6,1660.9,4.7,1.025,45.39,46.68,0.0,0,299.9,3.0
SH01315,2025-04-13,Delhi,West,Delhi → West,RapidFreight,Road,Standard,Clear,614.3,1301.2,4.75,1.036,39.01,45.23,0.0,0,233.84,4.0
SH01316,2025-04-13,Delhi,North,Delhi → North,SwiftMove,Road,Standard,Clear,142.7,249.1,5.51,1.022,15.78,20.02,0.0,0,53.12,4.0
SH01317,2025-04-13,Nagpur,Central,Nagpur → Central,SwiftMove,Road,Standard,Clear,243.0,161.8,4.65,1.02,10.94,16.2,0.0,0,39.69,5.0
SH01318,2025-04-13,Delhi,West,Delhi → West,TransGo,Road,Standard,Clear,99.1,1571.1,3.96,1.016,54.26,51.69,2.57,1,158.54,4.0
SH01319,2025-04-13,Delhi,North,Delhi → North,TransGo,Road,Standard,Clear,198.8,252.4,6.5,1.021,22.0,20.1,1.9,1,48.74,5.0
SH01320,2025-04-13,Bengaluru,West,Bengaluru → West,BlueLine,Rail,Standard,Clear,328.1,1079.6,4.72,1.032,51.46,64.06,0.0,0,106.68,5.0
SH01321,2025-04-13,Mumbai,West,Mumbai → West,BlueLine,Road,Standard,Clear,1155.9,110.0,7.11,1.023,16.5,18.98,0.0,0,88.59,5.0
SH01322,2025-04-13,Delhi,West,Delhi → West,BlueLine,Road,Standard,Rain,1281.6,1441.7,4.97,1.026,43.59,48.59,0.0,0,247.31,4.0
SH01323,2025-04-13,Delhi,South,Delhi → South,BlueLine,Road,Express,Fog,119.5,2233.7,7.01,1.026,57.52,57.93,0.0,0,373.2,5.0
SH01324,2025-04-13,Kolkata,North,Kolkata → North,SwiftMove,Rail,Standard,Clear,64.1,1534.0,6.42,1.023,72.44,80.3,0.0,0,123.04,5.0
SH01325,2025-04-14,Bengaluru,West,Bengaluru → West,BlueLine,Road,Standard,Clear,559.3,968.7,5.85,1.032,30.08,36.68,0.0,0,170.79,5.0
SH01326,2025-04-14,Mumbai,West,Mumbai → West,BlueLine,Road,Standard,Clear,179.7,253.9,7.15,1.033,19.65,22.43,0.0,0,54.87,5.0
SH01327,2025-04-14,Delhi,South,Delhi → South,TransGo,Rail,Standard,Rain,200.0,2117.8,5.8,1.027,102.96,97.8,5.16,1,169.61,5.0
SH01328,2025-04-14,Bengaluru,North,Bengaluru → North,BlueLine,Road,Express,Clear,587.2,2395.2,6.62,1.038,69.71,60.53,9.18,1,412.3,4.0
SH01329,2025-04-14,Kolkata,North,Kolkata → North,RapidFreight,Rail,Standard,Clear,937.2,1655.3,4.18,1.022,74.9,84.18,0.0,0,190.15,5.0
SH01330,2025-04-14,Delhi,East,Delhi → East,BlueLine,Road,Standard,Clear,285.8,1538.3,6.6,1.024,44.16,50.91,0.0,0,184.07,4.0
SH01331,2025-04-14,Mumbai,South,Mumbai → South,RapidFreight,Road,Standard,Clear,496.1,1113.8,6.17,1.034,31.27,43.03,0.0,0,217.75,4.0
SH01332,2025-04-14,Mumbai,East,Mumbai → East,SwiftMove,Road,Standard,Clear,681.0,2126.0,5.19,1.033,57.14,67.29,0.0,0,318.61,5.0
SH01333,2025-04-14,Mumbai,East,Mumbai → East,RapidFreight,Road,Standard,Clear,385.5,1949.1,7.3,1.015,50.42,63.05,0.0,0,340.89,5.0
SH01334,2025-04-14,Delhi,East,Delhi → East,TransGo,Road,Standard,Clear,93.5,1475.0,5.55,1.048,48.06,49.39,0.0,0,162.09,5.0
SH01335,2025-04-14,Delhi,East,Delhi → East,BlueLine,Road,Express,Clear,179.0,1532.1,6.52,1.034,36.77,44.15,0.0,0,226.44,3.0
SH01336,2025-04-14,Bengaluru,South,Bengaluru → South,BlueLine,Road,Standard,Clear,96.8,134.1,4.69,1.043,10.1,16.69,0.0,0,34.66,5.0
SH01337,2025-04-14,Mumbai,South,Mumbai → South,RapidFreight,Rail,Standard,Clear,1117.0,1062.1,7.66,1.026,49.43,66.38,0.0,0,171.2,5.0
SH01338,2025-04-14,Bengaluru,Central,Bengaluru → Central,TransGo,Road,Standard,Clear,126.4,1142.6,3.34,1.043,34.51,40.85,0.0,0,119.25,4.0
SH01339,2025-04-14,Mumbai,Central,Mumbai → Central,BlueLine,Air,Express,Clear,334.6,897.7,6.47,1.036,29.75,31.74,0.0,0,512.2,5.0
SH01340,2025-04-14,Kolkata,East,Kolkata → East,TransGo,Road,Standard,Clear,12.2,163.7,5.21,1.026,25.41,19.12,6.29,1,28.55,4.0
SH01341,2025-04-14,Mumbai,West,Mumbai → West,TransGo,Road,Standard,Clear,61.5,152.6,8.73,1.044,24.37,20.01,4.36,1,28.9,5.0
SH01342,2025-04-14,Kolkata,South,Kolkata → South,BlueLine,Rail,Standard,Clear,217.8,1724.5,6.11,1.048,64.04,86.39,0.0,0,129.76,4.0
SH01343,2025-04-14,Kolkata,East,Kolkata → East,BlueLine,Road,Standard,Rain,61.1,135.9,4.32,1.027,22.13,18.46,3.67,1,31.71,4.0
SH01344,2025-04-14,Kolkata,West,Kolkata → West,RapidFreight,Rail,Standard,Clear,899.9,2295.9,2.36,1.023,87.99,104.64,0.0,0,317.2,5.0
SH01345,2025-04-14,Mumbai,East,Mumbai → East,BlueLine,Rail,Standard,Clear,279.7,2134.9,5.72,1.044,89.98,100.65,0.0,0,178.82,5.0
SH01346,2025-04-14,Bengaluru,South,Bengaluru → South,TransGo,Road,Standard,Clear,451.9,269.3,4.58,1.022,20.71,19.93,0.78,1,62.85,5.0
SH01347,2025-04-14,Mumbai,West,Mumbai → West,RapidFreight,Road,Express,Clear,329.2,227.7,7.23,1.03,16.17,20.82,0.0,0,94.47,4.0
SH01348,2025-04-15,Bengaluru,North,Bengaluru → North,RapidFreight,Road,Express,Clear,219.3,2447.8,7.64,1.024,44.77,61.56,0.0,0,415.93,5.0
SH01349,2025-04-15,Nagpur,North,Nagpur → North,RapidFreight,Rail,Standard,Clear,115.3,1016.2,5.53,1.036,41.07,60.89,0.0,0,124.21,4.0
SH01350,2025-04-15,Delhi,West,Delhi → West,BlueLine,Rail,Standard,Clear,156.1,1443.9,3.63,1.011,74.01,76.27,0.0,0,118.11,5.0
SH01351,2025-04-15,Mumbai,West,Mumbai → West,TransGo,Road,Standard,Clear,189.5,44.1,7.38,1.031,19.92,17.41,2.51,1,24.13,4.0
SH01352,2025-04-15,Nagpur,North,Nagpur → North,SwiftMove,Road,Standard,Clear,950.3,986.9,4.11,1.04,30.01,35.97,0.0,0,203.97,5.0
SH01353,2025-04-15,Delhi,West,Delhi → West,TransGo,Road,Standard,Clear,26.6,1498.4,4.22,1.035,44.24,49.95,0.0,0,159.91,5.0
SH01354,2025-04-15,Bengaluru,East,Bengaluru → East,TransGo,Road,Standard,Clear,208.6,1893.2,3.95,1.035,51.99,58.83,0.0,0,218.86,5.0
SH01355,2025-04-15,Delhi,Central,Delhi → Central,BlueLine,Road,Standard,Clear,193.5,1171.0,3.13,1.024,31.32,42.11,0.0,0,160.32,4.0
SH01356,2025-04-15,Nagpur,West,Nagpur → West,SwiftMove,Road,Express,Rain,66.4,919.9,6.6,1.032,28.37,30.4,0.0,0,142.02,5.0
SH01357,2025-04-15,Mumbai,West,Mumbai → West,BlueLine,Road,Standard,Clear,90.2,182.6,8.1,1.032,17.86,20.72,0.0,0,32.55,5.0
SH01358,2025-04-15,Mumbai,South,Mumbai → South,SwiftMove,Road,Standard,Clear,,925.2,5.32,1.04,27.85,38.52,0.0,0,141.53,5.0
SH01359,2025-04-15,Nagpur,North,Nagpur → North,TransGo,Road,Standard,Clear,243.1,1001.6,5.71,1.018,36.45,36.32,0.13,1,126.6,5.0
SH01360,2025-04-15,Mumbai,East,Mumbai → East,TransGo,Rail,Standard,Clear,361.1,1984.9,7.64,1.029,76.31,95.86,0.0,0,172.93,5.0
SH01361,2025-04-16,Mumbai,Central,Mumbai → Central,RapidFreight,Rail,Standard,Clear,127.2,802.4,4.16,1.011,51.4,58.08,0.0,0,105.4,5.0
SH01362,2025-04-16,Bengaluru,South,Bengaluru → South,RapidFreight,Road,Standard,Clear,177.1,250.3,6.33,1.014,16.27,19.47,0.0,0,62.78,5.0
SH01363,2025-04-16,Bengaluru,Central,Bengaluru → Central,BlueLine,Rail,Standard,Clear,45.8,963.9,6.04,1.013,54.71,60.37,0.0,0,96.63,4.0
SH01364,2025-04-16,Bengaluru,South,Bengaluru → South,SwiftMove,Road,Standard,Clear,799.1,347.3,2.91,1.03,13.48,21.8,0.0,0,91.32,4.0
SH01365,2025-04-16,Mumbai,West,Mumbai → West,BlueLine,Road,Standard,Rain,542.0,204.7,6.36,1.037,24.49,21.25,3.23,1,58.39,5.0
SH01366,2025-04-16,Kolkata,North,Kolkata → North,SwiftMove,Air,Express,Storm,213.5,1698.0,5.09,1.036,31.65,32.0,0.0,0,526.02,5.0
SH01367,2025-04-16,Delhi,South,Delhi → South,SwiftMove,Road,Express,Clear,189.8,1991.3,6.0,1.029,41.8,53.17,0.0,0,329.96,4.0
SH01368,2025-04-16,Mumbai,South,Mumbai → South,SwiftMove,Air,Express,Clear,53.0,1055.2,7.84,1.027,24.02,32.02,0.0,0,219.44,4.0
SH01369,2025-04-16,Nagpur,West,Nagpur → West,TransGo,Road,Express,Clear,,847.1,5.55,1.044,32.25,28.97,3.28,1,113.7,5.0
SH01370,2025-04-16,Bengaluru,North,Bengaluru → North,RapidFreight,Road,Standard,Clear,320.4,2443.1,4.77,1.011,56.99,72.01,0.0,0,386.56,5.0
SH01371,2025-04-16,Bengaluru,West,Bengaluru → West,TransGo,Rail,Standard,Clear,174.1,1096.0,3.34,1.034,62.34,64.59,0.0,0,81.44,4.0
SH01372,2025-04-16,Delhi,South,Delhi → South,BlueLine,Road,Standard,Clear,130.9,2332.9,6.53,1.026,52.64,69.94,0.0,0,293.0,5.0
SH01373,2025-04-17,Kolkata,South,Kolkata → South,TransGo,Road,Standard,Rain,272.6,1739.6,5.94,1.041,58.55,56.88,1.67,1,211.03,4.0
SH01374,2025-04-17,Mumbai,North,Mumbai → North,RapidFreight,Rail,Standard,Clear,255.6,1374.9,7.53,1.032,61.14,76.37,0.0,0,145.53,5.0
SH01375,2025-04-17,Delhi,South,Delhi → South,SwiftMove,Road,Express,Clear,39.4,2455.9,3.43,1.043,48.21,62.3,0.0,0,368.46,4.0
SH01376,2025-04-17,Delhi,North,Delhi → North,RapidFreight,Road,Standard,Rain,75.0,186.9,2.58,1.036,10.74,18.53,0.0,0,46.73,4.0
SH01377,2025-04-17,Mumbai,West,Mumbai → West,SwiftMove,Road,Standard,Storm,224.8,58.5,6.95,1.037,34.95,17.75,17.2,1,31.78,4.0
SH01378,2025-04-17,Nagpur,East,Nagpur → East,RapidFreight,Road,Express,Clear,219.5,1053.8,3.73,1.026,23.21,33.03,0.0,0,213.48,5.0
SH01379,2025-04-17,Delhi,North,Delhi → North,TransGo,Road,Express,Clear,42.6,116.3,4.92,1.017,15.96,16.33,0.0,0,28.82,5.0
SH01380,2025-04-17,Delhi,North,Delhi → North,BlueLine,Road,Standard,Rain,249.0,111.8,7.62,1.043,20.58,16.73,3.85,1,38.06,5.0
SH01381,2025-04-17,Mumbai,West,Mumbai → West,RapidFreight,Road,Standard,Clear,165.1,107.8,7.74,1.022,14.59,18.93,0.0,0,34.59,5.0
SH01382,2025-04-17,Bengaluru,West,Bengaluru → West,RapidFreight,Road,Express,Clear,251.4,1099.8,5.78,1.031,26.17,35.08,0.0,0,233.0,5.0
SH01383,2025-04-17,Delhi,West,Delhi → West,TransGo,Rail,Standard,Clear,483.6,1388.2,5.17,1.028,64.63,74.49,0.0,0,124.52,4.0
SH01384,2025-04-17,Mumbai,North,Mumbai → North,TransGo,Rail,Standard,Clear,,1560.8,4.22,1.018,80.55,82.31,0.0,0,146.07,4.0
SH01385,2025-04-17,Nagpur,South,Nagpur → South,BlueLine,Road,Express,Clear,647.2,1121.9,5.37,1.032,30.71,34.37,0.0,0,215.77,5.0
SH01386,2025-04-17,Delhi,North,Delhi → North,RapidFreight,Road,Standard,Clear,102.8,127.8,5.74,1.048,8.96,17.11,0.0,0,38.9,5.0
SH01387,2025-04-17,Bengaluru,North,Bengaluru → North,SwiftMove,Road,Standard,Clear,150.3,2286.4,6.32,1.041,57.11,68.25,0.0,0,315.18,5.0
SH01388,2025-04-17,Mumbai,South,Mumbai → South,BlueLine,Road,Standard,Clear,151.7,1005.6,2.73,1.027,34.69,40.44,0.0,0,144.94,4.0
SH01389,2025-04-17,Mumbai,West,Mumbai → West,TransGo,Road,Standard,Clear,708.1,92.4,7.2,1.026,18.6,18.56,0.04,1,59.55,5.0
SH01390,2025-04-17,Mumbai,Central,Mumbai → Central,RapidFreight,Road,Standard,Clear,870.3,923.9,6.56,1.015,32.88,38.48,0.0,0,195.09,4.0
SH01391,2025-04-18,Mumbai,North,Mumbai → North,BlueLine,Road,Standard,Clear,618.7,1305.7,5.31,1.018,42.29,47.63,0.0,0,192.15,5.0
SH01392,2025-04-18,Nagpur,West,Nagpur → West,TransGo,Road,Standard,Rain,510.6,788.3,6.34,1.019,35.91,31.21,4.7,1,117.29,
SH01393,2025-04-18,Kolkata,East,Kolkata → East,SwiftMove,Road,Standard,Clear,188.3,189.4,4.95,1.04,13.54,19.74,0.0,0,42.92,4.0
SH01394,2025-04-18,Delhi,East,Delhi → East,TransGo,Rail,Standard,Clear,39.5,1561.8,5.53,1.018,70.39,80.04,0.0,0,124.66,4.0
SH01395,2025-04-18,Bengaluru,South,Bengaluru → South,TransGo,Road,Standard,Clear,162.5,234.8,5.7,1.033,17.63,19.1,0.0,0,46.21,4.0
SH01396,2025-04-18,Delhi,West,Delhi → West,BlueLine,Air,Express,Clear,89.1,1392.7,4.36,1.028,22.84,30.31,0.0,0,288.09,4.0
SH01397,2025-04-18,Bengaluru,West,Bengaluru → West,SwiftMove,Air,Express,Clear,341.9,1019.4,3.99,1.031,19.96,29.08,0.0,0,605.27,4.0
SH01398,2025-04-18,Nagpur,South,Nagpur → South,SwiftMove,Road,Standard,Clear,278.0,1094.4,7.38,1.041,29.74,38.54,0.0,0,158.94,5.0
SH01399,2025-04-18,Kolkata,South,Kolkata → South,RapidFreight,Rail,Standard,Clear,500.7,2122.2,4.99,1.029,71.19,99.09,0.0,0,225.02,4.0
SH01400,2025-04-18,Mumbai,North,Mumbai → North,TransGo,Road,Standard,Clear,790.0,1304.0,5.4,1.038,46.01,47.59,0.0,0,181.71,5.0
SH01401,2025-04-18,Delhi,North,Delhi → North,SwiftMove,Road,Standard,Clear,86.0,87.1,6.12,1.032,10.48,16.14,0.0,0,24.34,5.0
SH01402,2025-04-18,Nagpur,Central,Nagpur → Central,BlueLine,Road,Standard,Clear,239.4,170.7,3.13,1.025,12.03,16.42,0.0,0,39.43,5.0
SH01403,2025-04-18,Bengaluru,West,Bengaluru → West,RapidFreight,Road,Express,Rain,337.5,941.7,4.31,1.022,29.77,31.97,0.0,0,211.37,5.0
SH01404,2025-04-18,Mumbai,North,Mumbai → North,TransGo,Rail,Standard,Rain,303.9,1513.3,5.38,1.043,73.67,80.79,0.0,0,107.64,5.0
SH01405,2025-04-18,Mumbai,East,Mumbai → East,BlueLine,Rail,Standard,Rain,651.5,2059.1,7.56,1.032,88.65,98.23,0.0,0,175.64,5.0
SH01406,2025-04-18,Delhi,North,Delhi → North,BlueLine,Road,Express,Clear,83.3,281.9,7.02,1.036,16.68,19.59,0.0,0,57.89,4.0
SH01407,2025-04-18,Mumbai,East,Mumbai → East,RapidFreight,Rail,Standard,Clear,557.0,2147.5,5.63,1.036,78.23,101.05,0.0,0,235.22,5.0
SH01408,2025-04-19,Mumbai,East,Mumbai → East,RapidFreight,Air,Express,Clear,267.3,1948.1,4.52,1.015,26.67,33.6,0.0,0,706.03,
SH01409,2025-04-19,Kolkata,East,Kolkata → East,TransGo,Road,Standard,Clear,247.5,291.7,4.52,1.014,21.42,22.19,0.0,0,47.17,5.0
SH01410,2025-04-19,Kolkata,East,Kolkata → East,SwiftMove,Road,Standard,Clear,721.7,301.8,5.11,1.026,15.29,22.43,0.0,0,82.71,5.0
SH01411,2025-04-19,Delhi,East,Delhi → East,SwiftMove,Road,Standard,Clear,454.0,1629.2,6.68,1.019,54.23,53.08,1.15,1,243.85,4.0
SH01412,2025-04-19,Mumbai,North,Mumbai → North,BlueLine,Road,Standard,Clear,131.2,1293.0,4.65,1.026,43.79,47.33,0.0,0,175.51,4.0
SH01413,2025-04-19,Mumbai,West,Mumbai → West,TransGo,Road,Standard,Rain,56.7,311.2,6.74,1.03,32.45,23.81,8.64,1,47.56,4.0
SH01414,2025-04-19,Delhi,North,Delhi → North,RapidFreight,Road,Standard,Clear,332.0,164.2,7.95,1.037,15.94,17.98,0.0,0,68.5,5.0
SH01415,2025-04-19,Nagpur,North,Nagpur → North,RapidFreight,Rail,Standard,Clear,216.3,1133.2,6.04,1.029,51.01,64.63,0.0,0,117.56,5.0
SH01416,2025-04-19,Delhi,North,Delhi → North,BlueLine,Road,Express,Clear,56.7,87.1,4.76,1.026,10.79,15.76,0.0,0,25.37,5.0
SH01417,2025-04-19,Kolkata,West,Kolkata → West,BlueLine,Rail,Standard,Clear,313.4,2291.8,4.02,1.034,86.21,104.51,0.0,0,200.75,
SH01418,2025-04-19,Mumbai,North,Mumbai → North,SwiftMove,Rail,Standard,Rain,214.2,1419.4,5.59,1.042,71.24,77.79,0.0,0,151.08,4.0
SH01419,2025-04-20,Mumbai,South,Mumbai → South,SwiftMove,Road,Express,Clear,360.5,921.3,6.11,1.036,27.84,34.45,0.0,0,183.73,5.0
SH01420,2025-04-20,Mumbai,West,Mumbai → West,SwiftMove,Road,Standard,Clear,1181.5,71.2,6.74,1.018,16.21,18.06,0.0,0,100.0,5.0
SH01421,2025-04-20,Kolkata,South,Kolkata → South,BlueLine,Road,Standard,Clear,1369.6,1933.8,5.36,1.025,52.82,61.53,0.0,0,309.67,5.0
SH01422,2025-04-20,Bengaluru,North,Bengaluru → North,SwiftMove,Road,Standard,Clear,240.4,2134.5,5.7,1.038,54.88,64.61,0.0,0,262.96,5.0
SH01423,2025-04-20,Mumbai,East,Mumbai → East,BlueLine,Road,Express,Clear,125.4,2264.1,4.56,1.035,54.25,60.83,0.0,0,397.58,5.0
SH01424,2025-04-20,Bengaluru,East,Bengaluru → East,SwiftMove,Rail,Standard,Clear,75.5,1868.1,5.52,1.029,79.32,89.25,0.0,0,167.96,5.0
SH01425,2025-04-20,Mumbai,South,Mumbai → South,TransGo,Air,Express,Clear,192.7,944.0,6.79,1.032,27.21,31.82,0.0,0,387.02,4.0
SH01426,2025-04-20,Delhi,West,Delhi → West,RapidFreight,Road,Standard,Clear,288.1,1309.7,5.63,1.013,35.41,45.43,0.0,0,193.36,4.0
SH01427,2025-04-20,Nagpur,South,Nagpur → South,RapidFreight,Road,Standard,Clear,298.3,1102.9,3.51,1.016,30.59,38.75,0.0,0,206.57,5.0
SH01428,2025-04-20,Delhi,North,Delhi → North,BlueLine,Road,Standard,Clear,289.2,109.6,7.79,1.041,18.11,16.68,1.44,1,44.65,4.0
SH01429,2025-04-20,Mumbai,South,Mumbai → South,TransGo,Road,Standard,Clear,26.5,1114.2,8.14,1.028,45.9,43.04,2.86,1,132.37,4.0
SH01430,2025-04-20,Bengaluru,West,Bengaluru → West,BlueLine,Rail,Standard,Clear,405.4,971.8,4.89,1.042,56.21,60.62,0.0,0,96.46,5.0
SH01431,2025-04-20,Bengaluru,East,Bengaluru → East,SwiftMove,Road,Standard,Clear,66.5,2047.9,5.39,1.034,53.94,62.54,0.0,0,272.41,5.0
SH01432,2025-04-21,Mumbai,West,Mumbai → West,BlueLine,Road,Standard,Clear,505.8,338.2,6.32,1.033,23.22,24.45,0.0,0,76.98,5.0
SH01433,2025-04-21,Kolkata,West,Kolkata → West,SwiftMove,Road,Express,Clear,629.3,2143.0,5.35,1.037,54.65,57.3,0.0,0,409.25,5.0
SH01434,2025-04-21,Delhi,North,Delhi → North,RapidFreight,Road,Standard,Rain,93.2,109.4,5.14,1.036,16.59,16.67,0.0,0,39.37,4.0
SH01435,2025-04-21,Mumbai,West,Mumbai → West,BlueLine,Road,Standard,Clear,2111.0,61.2,6.83,1.022,17.92,17.82,0.1,1,127.99,5.0
SH01436,2025-04-21,Delhi,South,Delhi → South,RapidFreight,Road,Express,Clear,87.8,2369.5,4.7,1.028,40.95,60.6,0.0,0,426.35,4.0
SH01437,2025-04-21,Bengaluru,North,Bengaluru → North,TransGo,Rail,Standard,Clear,159.4,2194.5,3.52,1.033,84.63,99.68,0.0,0,173.38,4.0
SH01438,2025-04-21,Delhi,West,Delhi → West,SwiftMove,Rail,Standard,Clear,216.0,1516.0,3.34,1.022,64.0,78.58,0.0,0,150.45,4.0
SH01439,2025-04-21,Mumbai,South,Mumbai → South,BlueLine,Road,Express,Storm,54.7,1099.1,7.79,1.021,43.53,37.94,5.58,1,167.43,5.0
SH01440,2025-04-21,Mumbai,East,Mumbai → East,BlueLine,Road,Express,Rain,33.5,2213.5,5.74,1.03,62.51,59.84,2.68,1,316.46,5.0
SH01441,2025-04-21,Bengaluru,West,Bengaluru → West,SwiftMove,Road,Standard,Clear,406.9,1039.6,4.09,1.014,28.98,38.38,0.0,0,142.39,4.0
SH01442,2025-04-21,Delhi,South,Delhi → South,BlueLine,Road,Standard,Rain,227.5,2176.1,9.07,1.031,64.92,66.19,0.0,0,330.47,4.0
SH01443,2025-04-21,Delhi,North,Delhi → North,SwiftMove,Road,Standard,Rain,206.2,134.3,6.06,1.026,17.75,17.27,0.48,1,39.8,5.0
SH01444,2025-04-21,Bengaluru,North,Bengaluru → North,BlueLine,Road,Standard,Clear,148.4,2350.3,2.1,1.046,55.14,69.79,0.0,0,346.22,5.0
SH01445,2025-04-21,Mumbai,Central,Mumbai → Central,BlueLine,Rail,Standard,Clear,393.7,849.9,2.71,1.039,48.5,59.6,0.0,0,96.75,5.0
SH01446,2025-04-21,Delhi,West,Delhi → West,TransGo,Road,Standard,Clear,230.4,1599.9,5.17,1.023,41.26,52.38,0.0,0,177.11,5.0
SH01447,2025-04-21,Bengaluru,West,Bengaluru → West,TransGo,Road,Express,Clear,117.4,1033.7,6.33,1.042,33.21,33.78,0.0,0,165.65,5.0
SH01448,2025-04-21,Bengaluru,North,Bengaluru → North,SwiftMove,Rail,Standard,Clear,231.3,2200.8,4.62,1.042,94.83,99.88,0.0,0,203.45,4.0
SH01449,2025-04-21,Mumbai,South,Mumbai → South,TransGo,Road,Express,Clear,192.0,1080.4,7.13,1.024,32.3,37.58,0.0,0,155.29,4.0
SH01450,2025-04-21,Delhi,West,Delhi → West,SwiftMove,Rail,Standard,Clear,225.6,1570.7,5.44,1.03,65.25,80.32,0.0,0,136.93,5.0
SH01451,2025-04-21,Mumbai,South,Mumbai → South,SwiftMove,Road,Standard,Clear,79.8,1004.6,7.99,1.032,32.51,40.42,0.0,0,139.92,5.0
SH01452,2025-04-21,Delhi,East,Delhi → East,TransGo,Road,Express,Clear,118.9,1582.0,3.36,1.028,44.42,45.13,0.0,0,223.6,5.0
SH01453,2025-04-21,Bengaluru,Central,Bengaluru → Central,BlueLine,Air,Express,Clear,313.6,1085.6,4.34,1.013,22.93,29.2,0.0,0,499.91,5.0
SH01454,2025-04-22,Delhi,Central,Delhi → Central,TransGo,Road,Standard,Clear,666.6,1151.1,6.45,1.04,35.21,41.63,0.0,0,184.35,5.0
SH01455,2025-04-22,Bengaluru,Central,Bengaluru → Central,TransGo,Road,Express,Clear,127.4,1045.2,3.79,1.037,29.64,34.01,0.0,0,148.85,4.0
SH01456,2025-04-22,Nagpur,Central,Nagpur → Central,BlueLine,Road,Standard,Clear,227.0,157.0,7.73,1.035,13.97,16.09,0.0,0,40.68,5.0
SH01457,2025-04-22,Delhi,South,Delhi → South,BlueLine,Road,Standard,Fog,123.5,2032.1,6.2,1.035,58.17,62.74,0.0,0,243.08,5.0
SH01458,2025-04-22,Delhi,South,Delhi → South,SwiftMove,Rail,Standard,Rain,127.4,2024.0,4.32,1.024,78.59,94.8,0.0,0,177.56,5.0
SH01459,2025-04-22,Mumbai,East,Mumbai → East,BlueLine,Rail,Standard,Clear,210.0,2104.0,7.09,1.025,88.39,99.66,0.0,0,148.29,5.0
SH01460,2025-04-22,Kolkata,West,Kolkata → West,TransGo,Road,Express,Clear,827.4,2298.1,3.67,1.034,46.47,60.35,0.0,0,335.29,5.0
SH01461,2025-04-22,Bengaluru,West,Bengaluru → West,BlueLine,Road,Standard,Clear,86.2,974.0,5.48,1.03,34.54,36.81,0.0,0,132.41,5.0
SH01462,2025-04-22,Bengaluru,West,Bengaluru → West,RapidFreight,Road,Express,Clear,206.3,1022.6,5.57,1.045,24.13,33.57,0.0,0,230.81,4.0
SH01463,2025-04-22,Kolkata,North,Kolkata → North,SwiftMove,Road,Standard,Clear,437.1,1710.9,5.63,1.026,46.23,56.19,0.0,0,256.45,4.0
SH01464,2025-04-22,Delhi,North,Delhi → North,RapidFreight,Road,Express,Clear,235.4,222.3,5.85,1.031,11.84,18.42,0.0,0,80.5,4.0
SH01465,2025-04-22,Delhi,West,Delhi → West,SwiftMove,Road,Standard,Clear,353.6,1517.5,6.44,1.043,43.98,50.41,0.0,0,211.1,5.0
SH01466,2025-04-22,Mumbai,South,Mumbai → South,BlueLine,Road,Standard,Clear,230.5,1023.0,6.3,1.014,34.73,40.86,0.0,0,129.84,5.0
SH01467,2025-04-23,Mumbai,North,Mumbai → North,TransGo,Rail,Standard,Rain,1005.4,1387.0,6.2,1.019,75.21,76.76,0.0,0,130.63,4.0
SH01468,2025-04-23,Mumbai,East,Mumbai → East,SwiftMove,Road,Express,Clear,806.5,1983.2,4.62,1.017,54.38,55.31,0.0,0,381.66,5.0
SH01469,2025-04-23,Kolkata,East,Kolkata → East,SwiftMove,Road,Express,Clear,178.3,326.1,6.55,1.048,15.66,21.61,0.0,0,72.96,5.0
SH01470,2025-04-23,Delhi,West,Delhi → West,RapidFreight,Road,Standard,Clear,671.6,1495.0,4.07,1.019,39.3,49.87,0.0,0,246.7,5.0
SH01471,2025-04-23,Delhi,East,Delhi → East,SwiftMove,Road,Standard,Clear,1346.0,1475.8,6.6,1.041,43.67,49.41,0.0,0,277.0,5.0
SH01472,2025-04-23,Bengaluru,South,Bengaluru → South,BlueLine,Road,Standard,Clear,35.6,56.0,4.5,1.027,8.66,14.82,0.0,0,22.59,4.0
SH01473,2025-04-23,Mumbai,Central,Mumbai → Central,TransGo,Road,Express,Clear,67.5,815.4,4.85,1.035,33.45,32.37,1.08,1,108.44,4.0
SH01474,2025-04-23,Bengaluru,South,Bengaluru → South,SwiftMove,Road,Standard,Rain,211.8,193.3,8.9,1.042,21.15,18.11,3.04,1,45.26,5.0
SH01475,2025-04-23,Delhi,East,Delhi → East,TransGo,Road,Express,Clear,84.1,1503.5,4.12,1.027,39.89,43.59,0.0,0,195.8,5.0
SH01476,2025-04-23,Nagpur,North,Nagpur → North,BlueLine,Road,Standard,Clear,209.9,1171.1,6.32,1.033,33.21,40.38,0.0,0,171.7,
SH01477,2025-04-23,Bengaluru,North,Bengaluru → North,SwiftMove,Rail,Standard,Clear,240.1,2193.1,2.28,1.03,90.86,99.63,0.0,0,186.39,
SH01478,2025-04-23,Mumbai,South,Mumbai → South,SwiftMove,Road,Standard,Rain,81.9,962.7,7.07,1.016,39.19,39.41,0.0,0,145.37,4.0
SH01479,2025-04-23,Mumbai,West,Mumbai → West,SwiftMove,Road,Standard,Clear,192.6,296.2,6.0,1.029,18.9,23.45,0.0,0,51.83,5.0
SH01480,2025-04-24,Mumbai,South,Mumbai → South,SwiftMove,Road,Express,Clear,403.9,950.3,6.1,1.041,28.24,35.02,0.0,0,170.68,5.0
SH01481,2025-04-24,Delhi,East,Delhi → East,RapidFreight,Road,Express,Rain,215.3,1706.7,4.73,1.037,40.62,47.58,0.0,0,317.25,5.0
SH01482,2025-04-24,Bengaluru,West,Bengaluru → West,SwiftMove,Rail,Standard,Clear,167.4,1043.8,7.28,1.03,48.68,62.92,0.0,0,91.12,4.0
SH01483,2025-04-24,Kolkata,South,Kolkata → South,BlueLine,Road,Standard,Storm,100.7,1803.7,5.36,1.033,67.8,58.41,9.39,1,235.24,4.0
SH01484,2025-04-24,Bengaluru,East,Bengaluru → East,TransGo,Rail,Standard,Rain,420.8,1797.2,3.61,1.027,88.86,86.98,1.88,1,135.5,4.0
SH01485,2025-04-24,Nagpur,North,Nagpur → North,TransGo,Road,Standard,Clear,200.6,1123.0,6.28,1.04,33.99,39.23,0.0,0,123.31,5.0
SH01486,2025-04-24,Bengaluru,West,Bengaluru → West,SwiftMove,Rail,Standard,Clear,337.5,1032.7,6.92,1.041,45.27,62.56,0.0,0,109.75,5.0
SH01487,2025-04-24,Mumbai,Central,Mumbai → Central,SwiftMove,Road,Standard,Clear,455.4,869.5,7.26,1.023,30.89,37.18,0.0,0,126.02,5.0
SH01488,2025-04-24,Mumbai,East,Mumbai → East,RapidFreight,Rail,Standard,Clear,442.3,2202.1,7.44,1.032,80.38,102.79,0.0,0,190.85,5.0
SH01489,2025-04-24,Nagpur,West,Nagpur → West,SwiftMove,Road,Express,Clear,305.2,777.7,5.72,1.028,19.51,27.6,0.0,0,180.9,4.0
SH01490,2025-04-25,Delhi,Central,Delhi → Central,RapidFreight,Air,Express,Clear,484.3,1066.6,8.75,1.014,23.57,29.74,0.0,0,859.56,4.0
SH01491,2025-04-25,Nagpur,West,Nagpur → West,TransGo,Rail,Standard,Clear,80.9,882.7,4.88,1.022,54.89,56.62,0.0,0,75.57,5.0
SH01492,2025-04-25,Kolkata,North,Kolkata → North,TransGo,Road,Standard,Clear,736.7,1573.7,6.32,1.02,46.21,52.9,0.0,0,205.05,5.0
SH01493,2025-04-25,Nagpur,Central,Nagpur → Central,BlueLine,Road,Standard,Clear,1323.7,294.8,7.18,1.033,21.11,19.39,1.72,1,113.1,5.0
SH01494,2025-04-25,Bengaluru,Central,Bengaluru → Central,BlueLine,Road,Standard,Clear,832.6,998.4,3.97,1.034,32.54,37.39,0.0,0,158.45,5.0
SH01495,2025-04-25,Bengaluru,North,Bengaluru → North,SwiftMove,Road,Express,Clear,1396.3,2160.6,7.11,1.047,44.34,55.92,0.0,0,425.53,4.0
SH01496,2025-04-25,Mumbai,Central,Mumbai → Central,SwiftMove,Rail,Standard,Clear,1411.3,802.8,6.83,1.029,49.5,58.1,0.0,0,160.32,5.0
SH01497,2025-04-25,Delhi,North,Delhi → North,TransGo,Road,Express,Clear,83.2,320.8,4.19,1.048,20.32,20.35,0.0,0,68.5,4.0
SH01498,2025-04-25,Bengaluru,Central,Bengaluru → Central,RapidFreight,Road,Standard,Clear,1228.2,1049.8,5.58,1.023,34.79,38.63,0.0,0,288.38,5.0
SH01499,2025-04-25,Mumbai,West,Mumbai → West,TransGo,Road,Standard,Rain,494.5,345.0,6.44,1.025,28.77,24.62,4.15,1,77.29,5.0
SH01500,2025-04-25,Nagpur,North,Nagpur → North,BlueLine,Road,Standard,Rain,134.8,1186.4,2.98,1.032,43.43,40.75,2.68,1,152.38,4.0
SH01501,2025-04-25,Bengaluru,South,Bengaluru → South,BlueLine,Road,Express,Clear,186.2,264.5,4.25,1.04,15.02,18.67,0.0,0,59.49,4.0
SH01502,2025-04-26,Delhi,West,Delhi → West,BlueLine,Rail,Standard,Clear,302.8,1522.0,6.26,1.011,70.92,78.77,0.0,0,136.06,5.0
SH01503,2025-04-26,Mumbai,Central,Mumbai → Central,TransGo,Air,Express,Clear,622.4,842.5,3.24,1.042,29.86,31.64,0.0,0,808.69,4.0
SH01504,2025-04-26,Mumbai,South,Mumbai → South,SwiftMove,Road,Standard,Clear,22.6,1029.3,8.65,1.013,34.29,41.01,0.0,0,142.02,5.0
SH01505,2025-04-26,Bengaluru,East,Bengaluru → East,BlueLine,Road,Express,Clear,135.3,2003.3,4.67,1.035,38.7,52.83,0.0,0,286.87,5.0
SH01506,2025-04-26,Mumbai,West,Mumbai → West,SwiftMove,Road,Standard,Clear,115.3,286.6,5.33,1.03,17.68,23.22,0.0,0,65.39,5.0
SH01507,2025-04-26,Delhi,West,Delhi → West,BlueLine,Road,Standard,Clear,118.5,1302.8,4.69,1.041,32.66,45.26,0.0,0,157.74,
SH01508,2025-04-26,Bengaluru,South,Bengaluru → South,SwiftMove,Road,Express,Rain,220.5,131.9,8.73,1.028,18.0,16.07,1.94,1,51.22,4.0
SH01509,2025-04-26,Mumbai,South,Mumbai → South,SwiftMove,Road,Standard,Clear,197.1,1110.3,7.31,1.041,33.01,42.95,0.0,0,170.66,5.0
SH01510,2025-04-26,Kolkata,East,Kolkata → East,BlueLine,Road,Standard,Clear,119.3,298.1,3.75,1.041,15.79,22.34,0.0,0,54.9,4.0
SH01511,2025-04-26,Bengaluru,West,Bengaluru → West,SwiftMove,Road,Express,Clear,85.4,970.6,5.45,1.021,26.68,32.54,0.0,0,170.9,5.0
SH01512,2025-04-26,Delhi,West,Delhi → West,TransGo,Rail,Standard,Clear,563.2,1352.7,3.82,1.028,69.3,73.36,0.0,0,135.52,4.0
SH01513,2025-04-26,Bengaluru,East,Bengaluru → East,BlueLine,Road,Express,Fog,351.6,1734.4,3.0,1.025,48.44,47.55,0.89,1,292.89,4.0
SH01514,2025-04-27,Mumbai,West,Mumbai → West,RapidFreight,Road,Standard,Storm,81.1,299.5,4.66,1.016,40.84,23.53,17.32,1,66.41,4.0
SH01515,2025-04-27,Delhi,South,Delhi → South,SwiftMove,Road,Express,Clear,290.2,2177.1,4.8,1.037,36.86,56.82,0.0,0,324.8,5.0
SH01516,2025-04-27,Bengaluru,West,Bengaluru → West,TransGo,Road,Standard,Clear,941.0,904.4,4.43,1.028,26.86,35.14,0.0,0,166.68,5.0
SH01517,2025-04-27,Delhi,West,Delhi → West,RapidFreight,Road,Standard,Clear,840.8,1403.7,6.02,1.047,39.34,47.68,0.0,0,290.05,5.0
SH01518,2025-04-27,Bengaluru,West,Bengaluru → West,BlueLine,Road,Standard,Clear,81.9,907.5,4.99,1.032,27.37,35.22,0.0,0,116.33,
SH01519,2025-04-27,Kolkata,South,Kolkata → South,SwiftMove,Road,Standard,Clear,547.1,2042.6,3.37,1.036,50.82,64.14,0.0,0,311.13,5.0
SH01520,2025-04-27,Bengaluru,North,Bengaluru → North,RapidFreight,Road,Standard,Storm,545.3,2424.8,6.13,1.016,64.96,71.57,0.0,0,454.63,5.0
SH01521,2025-04-27,Bengaluru,West,Bengaluru → West,BlueLine,Road,Standard,Clear,841.7,921.1,3.12,1.038,29.41,35.54,0.0,0,173.09,5.0
SH01522,2025-04-27,Kolkata,North,Kolkata → North,RapidFreight,Road,Standard,Clear,609.0,1429.0,4.61,1.035,36.24,49.44,0.0,0,261.42,
SH01523,2025-04-27,Nagpur,North,Nagpur → North,SwiftMove,Road,Express,Rain,284.5,1114.9,5.43,1.028,30.93,34.23,0.0,0,229.07,
SH01524,2025-04-27,Delhi,East,Delhi → East,TransGo,Road,Standard,Clear,359.8,1645.5,3.76,1.045,42.91,53.47,0.0,0,214.14,5.0
SH01525,2025-04-27,Delhi,South,Delhi → South,BlueLine,Rail,Standard,Clear,772.2,2321.4,5.7,1.028,90.98,104.31,0.0,0,192.33,4.0
SH01526,2025-04-27,Nagpur,East,Nagpur → East,TransGo,Rail,Standard,Clear,35.0,1045.6,6.84,1.021,66.07,61.83,4.24,1,87.68,4.0
SH01527,2025-04-27,Nagpur,Central,Nagpur → Central,RapidFreight,Road,Standard,Clear,516.3,169.4,7.64,1.046,10.96,16.38,0.0,0,78.81,5.0
SH01528,2025-04-27,Bengaluru,East,Bengaluru → East,SwiftMove,Road,Express,Clear,324.1,1763.2,3.99,1.032,38.39,48.11,0.0,0,351.98,4.0
SH01529,2025-04-27,Delhi,Central,Delhi → Central,TransGo,Rail,Standard,Clear,238.1,1106.5,6.67,1.027,60.95,65.5,0.0,0,96.51,5.0
SH01530,2025-04-27,Nagpur,South,Nagpur → South,TransGo,Road,Standard,Clear,306.5,964.1,5.93,1.033,33.29,35.42,0.0,0,149.54,4.0
SH01531,2025-04-28,Bengaluru,North,Bengaluru → North,BlueLine,Road,Standard,Clear,242.0,1991.2,3.51,1.02,53.03,61.18,0.0,0,258.22,5.0
SH01532,2025-04-28,Kolkata,West,Kolkata → West,RapidFreight,Road,Standard,Clear,396.8,2134.8,3.61,1.039,47.36,66.35,0.0,0,344.86,5.0
SH01533,2025-04-28,Nagpur,Central,Nagpur → Central,TransGo,Road,Standard,Clear,257.2,201.2,6.92,1.039,17.15,17.14,0.01,1,47.3,4.0
SH01534,2025-04-28,Mumbai,South,Mumbai → South,BlueLine,Road,Standard,Clear,251.6,1067.7,4.05,1.033,31.84,41.93,0.0,0,166.81,5.0
SH01535,2025-04-28,Mumbai,North,Mumbai → North,BlueLine,Road,Standard,Clear,132.3,1460.3,7.53,1.028,43.64,51.34,0.0,0,216.82,5.0
SH01536,2025-04-28,Delhi,South,Delhi → South,BlueLine,Road,Express,Clear,187.6,2068.5,5.82,1.01,40.89,54.69,0.0,0,314.86,
SH01537,2025-04-28,Mumbai,Central,Mumbai → Central,TransGo,Road,Express,Clear,,949.5,5.81,1.034,35.7,35.0,0.69,1,165.91,4.0
SH01538,2025-04-28,Mumbai,East,Mumbai → East,BlueLine,Air,Express,Rain,43.1,1840.2,4.88,1.034,28.21,33.41,0.0,0,273.35,4.0
SH01539,2025-04-28,Delhi,South,Delhi → South,TransGo,Road,Standard,Fog,334.6,2092.8,5.38,1.018,67.23,64.19,3.04,1,254.12,5.0
SH01540,2025-04-28,Mumbai,North,Mumbai → North,SwiftMove,Road,Standard,Rain,346.1,1608.5,5.59,1.03,56.62,54.89,1.74,1,224.23,
SH01541,2025-04-28,Bengaluru,South,Bengaluru → South,RapidFreight,Road,Express,Rain,667.5,52.1,2.86,1.026,13.49,14.5,0.0,0,97.85,5.0
SH01542,2025-05-01,Bengaluru,North,Bengaluru → North,RapidFreight,Air,Express,Clear,166.3,2345.6,4.63,1.038,22.05,31.42,0.0,0,584.85,4.0
SH01543,2025-05-01,Delhi,South,Delhi → South,TransGo,Road,Standard,Clear,126.1,2446.2,4.3,1.034,64.91,72.66,0.0,0,269.98,5.0
SH01544,2025-05-01,Kolkata,Central,Kolkata → Central,RapidFreight,Rail,Standard,Clear,226.7,1202.1,3.77,1.051,54.81,69.7,0.0,0,133.63,5.0
SH01545,2025-05-01,Bengaluru,East,Bengaluru → East,SwiftMove,Road,Express,Clear,48.2,1882.8,4.17,1.055,34.35,50.46,0.0,0,256.32,4.0
SH01546,2025-05-01,Delhi,East,Delhi → East,TransGo,Road,Express,Clear,161.5,1661.1,6.12,1.052,40.11,46.68,0.0,0,244.91,5.0
SH01547,2025-05-01,Delhi,West,Delhi → West,RapidFreight,Road,Standard,Clear,124.4,1449.6,7.13,1.039,37.79,48.78,0.0,0,224.44,3.0
SH01548,2025-05-01,Kolkata,South,Kolkata → South,SwiftMove,Road,Express,Clear,841.8,1993.1,6.33,1.037,40.9,54.36,0.0,0,419.83,4.0
SH01549,2025-05-01,Mumbai,West,Mumbai → West,TransGo,Road,Standard,Clear,149.4,281.6,5.78,1.042,21.62,23.1,0.0,0,53.63,5.0
SH01550,2025-05-01,Bengaluru,South,Bengaluru → South,SwiftMove,Road,Express,Clear,332.0,43.6,4.71,1.048,10.83,14.33,0.0,0,41.28,5.0
SH01551,2025-05-01,Bengaluru,East,Bengaluru → East,SwiftMove,Road,Standard,Clear,349.3,2038.5,3.93,1.049,53.84,62.31,0.0,0,313.16,4.0
SH01552,2025-05-01,Mumbai,South,Mumbai → South,BlueLine,Road,Standard,Rain,32.3,1090.7,7.69,1.054,40.98,42.48,0.0,0,139.02,5.0
SH01553,2025-05-01,Mumbai,South,Mumbai → South,TransGo,Road,Standard,Clear,380.2,913.4,6.47,1.042,36.05,38.23,0.0,0,146.69,5.0
SH01554,2025-05-02,Bengaluru,North,Bengaluru → North,TransGo,Rail,Standard,Clear,93.2,2192.6,7.94,1.033,95.53,99.62,0.0,0,155.46,4.0
SH01555,2025-05-02,Kolkata,South,Kolkata → South,SwiftMove,Road,Standard,Clear,170.3,2015.8,6.66,1.049,54.76,63.49,0.0,0,343.02,4.0
SH01556,2025-05-02,Delhi,Central,Delhi → Central,SwiftMove,Road,Standard,Clear,44.5,975.6,5.96,1.028,31.56,37.42,0.0,0,131.1,5.0
SH01557,2025-05-02,Kolkata,Central,Kolkata → Central,SwiftMove,Road,Standard,Clear,36.5,1147.4,5.63,1.008,31.72,42.69,0.0,0,168.81,4.0
SH01558,2025-05-02,Delhi,North,Delhi → North,TransGo,Road,Standard,Clear,257.5,63.2,4.01,1.039,18.79,15.56,3.22,1,29.44,4.0
SH01559,2025-05-02,Delhi,Central,Delhi → Central,RapidFreight,Rail,Standard,Clear,102.6,1068.5,6.87,1.049,58.28,64.28,0.0,0,107.02,5.0
SH01560,2025-05-02,Mumbai,North,Mumbai → North,SwiftMove,Road,Express,Clear,173.9,1298.7,5.4,1.028,32.01,41.86,0.0,0,206.06,4.0
SH01561,2025-05-02,Bengaluru,North,Bengaluru → North,SwiftMove,Air,Express,Clear,11.0,2222.9,5.41,1.044,23.05,31.21,0.0,0,320.67,4.0
SH01562,2025-05-02,Nagpur,North,Nagpur → North,RapidFreight,Road,Standard,Clear,458.3,1150.5,6.88,1.037,34.44,39.89,0.0,0,210.4,5.0
SH01563,2025-05-02,Mumbai,North,Mumbai → North,SwiftMove,Road,Standard,Clear,61.9,1298.7,5.99,1.047,43.91,47.46,0.0,0,175.44,5.0
SH01564,2025-05-02,Delhi,South,Delhi → South,TransGo,Road,Standard,Rain,81.1,2375.7,2.61,1.049,68.75,70.97,0.0,0,242.98,5.0
SH01565,2025-05-02,Nagpur,West,Nagpur → West,BlueLine,Rail,Standard,Clear,225.8,822.4,2.94,1.052,42.02,54.7,0.0,0,78.95,4.0
SH01566,2025-05-02,Kolkata,South,Kolkata → South,RapidFreight,Road,Standard,Clear,236.9,2095.6,5.18,1.039,50.42,65.41,0.0,0,364.41,4.0
SH01567,2025-05-02,Bengaluru,North,Bengaluru → North,SwiftMove,Road,Standard,Clear,86.5,2300.5,3.88,1.06,53.34,68.59,0.0,0,302.67,5.0
SH01568,2025-05-02,Delhi,West,Delhi → West,TransGo,Air,Express,Clear,427.7,1462.3,5.78,1.043,24.53,30.44,0.0,0,551.98,4.0
SH01569,2025-05-02,Bengaluru,South,Bengaluru → South,SwiftMove,Road,Standard,Clear,190.6,322.6,4.13,1.04,14.03,21.2,0.0,0,71.3,5.0
SH01570,2025-05-02,Nagpur,South,Nagpur → South,TransGo,Road,Standard,Clear,103.6,1121.6,6.05,1.046,35.24,39.2,0.0,0,160.73,4.0
SH01571,2025-05-02,Nagpur,South,Nagpur → South,BlueLine,Road,Express,Clear,160.6,1006.4,5.54,1.026,26.8,32.1,0.0,0,162.48,5.0
SH01572,2025-05-02,Kolkata,Central,Kolkata → Central,SwiftMove,Road,Standard,Clear,470.4,1176.6,5.13,1.025,29.73,43.39,0.0,0,182.46,5.0
SH01573,2025-05-03,Nagpur,East,Nagpur → East,RapidFreight,Road,Standard,Clear,208.0,1226.6,3.97,1.04,33.82,41.71,0.0,0,188.45,4.0
SH01574,2025-05-03,Kolkata,West,Kolkata → West,TransGo,Rail,Standard,Clear,305.5,1854.1,4.56,1.039,73.6,90.53,0.0,0,168.19,4.0
SH01575,2025-05-03,Kolkata,Central,Kolkata → Central,TransGo,Rail,Standard,Clear,151.7,1259.4,6.51,1.028,64.38,71.53,0.0,0,95.56,4.0
SH01576,2025-05-03,Mumbai,South,Mumbai → South,BlueLine,Rail,Standard,Clear,398.8,1101.9,6.73,1.044,51.18,67.65,0.0,0,115.19,4.0
SH01577,2025-05-03,Mumbai,East,Mumbai → East,SwiftMove,Road,Express,Rain,143.3,2229.1,6.97,1.04,57.28,60.14,0.0,0,287.6,4.0
SH01578,2025-05-03,Mumbai,West,Mumbai → West,TransGo,Road,Standard,Clear,237.5,105.0,5.62,1.032,19.03,18.86,0.16,1,31.97,5.0
SH01579,2025-05-03,Mumbai,South,Mumbai → South,BlueLine,Road,Express,Clear,113.0,1053.2,8.3,1.036,33.85,37.04,0.0,0,145.54,3.0
SH01580,2025-05-03,Kolkata,West,Kolkata → West,BlueLine,Road,Standard,Rain,115.7,2007.3,5.09,1.044,59.17,63.29,0.0,0,298.1,5.0
SH01581,2025-05-03,Delhi,West,Delhi → West,SwiftMove,Rail,Standard,Clear,367.4,1362.5,6.82,1.042,63.46,73.67,0.0,0,127.69,4.0
SH01582,2025-05-04,Mumbai,Central,Mumbai → Central,BlueLine,Road,Standard,Clear,165.0,812.8,5.94,1.048,28.19,35.82,0.0,0,130.53,4.0
SH01583,2025-05-04,Mumbai,West,Mumbai → West,SwiftMove,Road,Standard,Clear,586.5,186.4,5.84,1.042,15.61,20.82,0.0,0,70.17,5.0
SH01584,2025-05-04,Kolkata,East,Kolkata → East,SwiftMove,Road,Standard,Clear,286.2,57.1,4.99,1.037,10.34,16.57,0.0,0,33.08,5.0
SH01585,2025-05-04,Delhi,North,Delhi → North,TransGo,Road,Standard,Clear,61.2,233.4,5.26,1.047,19.23,19.64,0.0,0,38.72,5.0
SH01586,2025-05-04,Delhi,North,Delhi → North,SwiftMove,Road,Express,Clear,493.2,208.6,5.52,1.027,15.56,18.15,0.0,0,98.77,4.0
SH01587,2025-05-04,Mumbai,East,Mumbai → East,RapidFreight,Rail,Standard,Clear,133.6,2262.5,7.17,1.037,94.37,104.72,0.0,0,207.24,5.0
SH01588,2025-05-04,Delhi,West,Delhi → West,TransGo,Road,Express,Clear,431.3,1606.1,6.14,1.02,44.68,45.6,0.0,0,255.32,5.0
SH01589,2025-05-04,Bengaluru,South,Bengaluru → South,TransGo,Road,Standard,Clear,282.7,159.8,2.08,1.022,17.01,17.3,0.0,0,40.81,4.0
SH01590,2025-05-04,Bengaluru,West,Bengaluru → West,SwiftMove,Road,Standard,Clear,280.9,1043.9,6.32,1.033,25.2,38.49,0.0,0,159.81,4.0
SH01591,2025-05-04,Mumbai,West,Mumbai → West,BlueLine,Road,Express,Clear,315.0,119.7,6.84,1.043,14.46,18.7,0.0,0,50.49,
SH01592,2025-05-04,Mumbai,West,Mumbai → West,SwiftMove,Road,Express,Rain,60.6,285.9,4.81,1.042,19.21,21.97,0.0,0,60.84,5.0
SH01593,2025-05-04,Nagpur,North,Nagpur → North,SwiftMove,Rail,Standard,Clear,174.8,1118.3,5.23,1.049,53.09,64.15,0.0,0,97.18,5.0
SH01594,2025-05-04,Nagpur,South,Nagpur → South,BlueLine,Road,Standard,Clear,216.2,1062.6,2.93,1.033,32.37,37.78,0.0,0,161.6,5.0
SH01595,2025-05-04,Delhi,Central,Delhi → Central,BlueLine,Road,Standard,Storm,148.4,1144.6,6.48,1.054,47.34,41.47,5.87,1,160.74,3.0
SH01596,2025-05-05,Bengaluru,East,Bengaluru → East,SwiftMove,Road,Standard,Clear,54.4,1901.1,4.52,1.04,42.85,59.02,0.0,0,260.46,5.0
SH01597,2025-05-05,Mumbai,North,Mumbai → North,TransGo,Road,Standard,Clear,178.5,1310.1,5.77,1.024,43.22,47.74,0.0,0,164.09,5.0
SH01598,2025-05-05,Mumbai,East,Mumbai → East,TransGo,Road,Standard,Clear,194.3,2154.7,4.58,1.048,62.54,67.97,0.0,0,265.62,5.0
SH01599,2025-05-05,Bengaluru,Central,Bengaluru → Central,SwiftMove,Road,Standard,Clear,317.3,996.8,5.22,1.04,33.06,37.36,0.0,0,144.44,4.0
SH01600,2025-05-05,Mumbai,South,Mumbai → South,TransGo,Road,Standard,Clear,98.2,951.0,6.44,1.042,37.98,39.13,0.0,0,121.2,5.0
SH01601,2025-05-05,Mumbai,North,Mumbai → North,BlueLine,Rail,Standard,Clear,300.4,1395.3,7.76,1.035,71.71,77.02,0.0,0,135.85,5.0
SH01602,2025-05-05,Delhi,Central,Delhi → Central,SwiftMove,Road,Standard,Clear,268.5,1134.9,3.77,1.016,29.42,41.24,0.0,0,179.38,5.0
SH01603,2025-05-05,Delhi,North,Delhi → North,SwiftMove,Road,Standard,Storm,41.2,288.0,5.8,1.038,27.92,20.95,6.97,1,51.15,4.0
SH01604,2025-05-05,Mumbai,North,Mumbai → North,TransGo,Road,Standard,Clear,209.4,1305.4,5.72,1.032,44.53,47.62,0.0,0,141.75,4.0
SH01605,2025-05-05,Bengaluru,West,Bengaluru → West,RapidFreight,Rail,Standard,Clear,914.5,1060.6,4.78,1.055,45.61,63.46,0.0,0,154.02,4.0
SH01606,2025-05-05,Mumbai,North,Mumbai → North,BlueLine,Road,Standard,Clear,503.7,1382.3,5.86,1.027,40.36,49.47,0.0,0,183.74,5.0
SH01607,2025-05-05,Mumbai,North,Mumbai → North,SwiftMove,Road,Standard,Clear,332.8,1535.5,6.2,1.044,46.61,53.14,0.0,0,199.76,4.0
SH01608,2025-05-05,Bengaluru,West,Bengaluru → West,BlueLine,Rail,Standard,Rain,67.0,999.5,7.56,1.068,51.3,61.5,0.0,0,102.32,4.0
SH01609,2025-05-05,Bengaluru,South,Bengaluru → South,SwiftMove,Road,Standard,Clear,975.5,200.3,5.43,1.048,13.8,18.27,0.0,0,109.88,5.0
SH01610,2025-05-05,Kolkata,West,Kolkata → West,TransGo,Road,Standard,Clear,360.3,2007.3,5.72,1.051,55.05,63.29,0.0,0,295.0,4.0
SH01611,2025-05-05,Nagpur,North,Nagpur → North,SwiftMove,Road,Standard,Clear,821.4,1086.5,5.46,1.052,26.97,38.36,0.0,0,191.57,3.0
SH01612,2025-05-05,Nagpur,North,Nagpur → North,TransGo,Road,Standard,Clear,355.9,1040.6,5.41,1.04,34.39,37.26,0.0,0,145.35,4.0
SH01613,2025-05-06,Mumbai,East,Mumbai → East,RapidFreight,Air,Express,Fog,190.6,1857.8,8.2,1.031,30.08,33.44,0.0,0,588.03,4.0
SH01614,2025-05-06,Mumbai,North,Mumbai → North,TransGo,Road,Standard,Clear,322.1,1590.2,6.66,1.041,46.34,54.45,0.0,0,204.93,4.0
SH01615,2025-05-06,Bengaluru,North,Bengaluru → North,BlueLine,Rail,Standard,Clear,412.5,2337.2,3.72,1.04,108.97,104.24,4.73,1,186.82,3.0
SH01616,2025-05-06,Kolkata,East,Kolkata → East,SwiftMove,Road,Standard,Clear,648.2,331.8,5.54,1.065,19.88,23.15,0.0,0,92.85,4.0
SH01617,2025-05-06,Mumbai,Central,Mumbai → Central,TransGo,Road,Express,Clear,265.3,787.3,6.84,1.039,31.72,31.82,0.0,0,125.59,
SH01618,2025-05-06,Mumbai,South,Mumbai → South,RapidFreight,Road,Standard,Rain,49.3,950.2,4.54,1.036,31.41,39.12,0.0,0,173.44,5.0
SH01619,2025-05-06,Nagpur,South,Nagpur → South,BlueLine,Rail,Standard,Clear,393.0,1090.5,2.53,1.032,51.62,63.26,0.0,0,108.33,5.0
SH01620,2025-05-06,Kolkata,North,Kolkata → North,SwiftMove,Air,Express,Clear,304.8,1691.3,6.29,1.049,24.19,31.99,0.0,0,616.51,
SH01621,2025-05-07,Mumbai,North,Mumbai → North,SwiftMove,Road,Standard,Rain,435.3,1567.3,4.37,1.055,49.93,53.9,0.0,0,227.57,5.0
SH01622,2025-05-07,Nagpur,North,Nagpur → North,SwiftMove,Road,Standard,Clear,794.7,968.6,5.83,1.04,29.82,35.53,0.0,0,197.01,5.0
SH01623,2025-05-07,Nagpur,South,Nagpur → South,BlueLine,Road,Standard,Fog,237.3,943.5,3.36,1.041,33.42,34.93,0.0,0,136.46,4.0
SH01624,2025-05-07,Bengaluru,South,Bengaluru → South,RapidFreight,Road,Express,Clear,408.0,272.7,5.71,1.025,11.32,18.83,0.0,0,102.79,5.0
SH01625,2025-05-07,Delhi,East,Delhi → East,TransGo,Road,Express,Clear,445.5,1515.0,6.51,1.055,43.93,43.81,0.12,1,250.68,4.0
SH01626,2025-05-07,Mumbai,South,Mumbai → South,RapidFreight,Road,Express,Rain,86.2,1124.1,6.59,1.037,33.79,38.43,0.0,0,194.79,4.0
SH01627,2025-05-08,Bengaluru,Central,Bengaluru → Central,BlueLine,Rail,Standard,Clear,281.0,987.6,3.01,1.046,55.37,61.12,0.0,0,97.69,5.0
SH01628,2025-05-08,Mumbai,West,Mumbai → West,SwiftMove,Road,Standard,Clear,200.6,304.5,7.51,1.047,19.45,23.65,0.0,0,69.71,5.0
SH01629,2025-05-08,Mumbai,South,Mumbai → South,SwiftMove,Rail,Standard,Clear,182.9,915.0,5.5,1.038,57.04,61.68,0.0,0,93.86,5.0
SH01630,2025-05-08,Mumbai,West,Mumbai → West,SwiftMove,Road,Standard,Rain,278.9,127.9,7.51,1.048,19.69,19.41,0.28,1,39.67,5.0
SH01631,2025-05-08,Delhi,South,Delhi → South,SwiftMove,Road,Standard,Clear,31.5,2213.1,5.3,1.041,57.67,67.07,0.0,0,317.68,4.0
SH01632,2025-05-08,Mumbai,South,Mumbai → South,RapidFreight,Rail,Standard,Clear,123.6,903.9,5.77,1.027,45.1,61.32,0.0,0,120.83,5.0
SH01633,2025-05-08,Mumbai,Central,Mumbai → Central,SwiftMove,Road,Standard,Clear,351.6,923.5,6.41,1.062,32.62,38.47,0.0,0,145.61,4.0
SH01634,2025-05-08,Nagpur,East,Nagpur → East,TransGo,Rail,Standard,Clear,81.1,1119.7,6.98,1.029,62.7,64.19,0.0,0,95.1,4.0
SH01635,2025-05-09,Mumbai,South,Mumbai → South,BlueLine,Rail,Standard,Clear,257.6,1080.4,5.09,1.023,55.99,66.96,0.0,0,105.13,4.0
SH01636,2025-05-09,Delhi,North,Delhi → North,SwiftMove,Road,Express,Clear,28.4,121.1,7.22,1.052,12.65,16.43,0.0,0,34.14,5.0
SH01637,2025-05-09,Mumbai,Central,Mumbai → Central,SwiftMove,Road,Standard,Clear,393.0,792.3,4.16,1.042,29.19,35.33,0.0,0,136.08,4.0
SH01638,2025-05-09,Bengaluru,South,Bengaluru → South,BlueLine,Road,Standard,Clear,78.9,297.3,4.72,1.043,17.99,20.6,0.0,0,42.62,4.0
SH01639,2025-05-09,Kolkata,North,Kolkata → North,RapidFreight,Road,Express,Clear,966.0,1695.0,4.82,1.064,40.08,48.5,0.0,0,453.12,5.0
SH01640,2025-05-09,Bengaluru,North,Bengaluru → North,SwiftMove,Rail,Standard,Clear,134.0,2303.8,4.86,1.028,75.25,103.17,0.0,0,205.0,
SH01641,2025-05-09,Bengaluru,North,Bengaluru → North,BlueLine,Air,Express,Clear,356.1,2236.1,4.43,1.018,22.62,31.23,0.0,0,592.86,4.0
SH01642,2025-05-09,Mumbai,South,Mumbai → South,TransGo,Road,Standard,Clear,201.0,1070.2,7.36,1.049,40.8,41.99,0.0,0,146.55,5.0
SH01643,2025-05-09,Nagpur,South,Nagpur → South,SwiftMove,Road,Standard,Clear,88.5,1063.1,4.93,1.038,31.18,37.8,0.0,0,147.05,5.0
SH01644,2025-05-09,Mumbai,South,Mumbai → South,TransGo,Road,Standard,Clear,135.3,983.5,8.32,1.043,39.34,39.91,0.0,0,137.29,5.0
SH01645,2025-05-09,Mumbai,West,Mumbai → West,SwiftMove,Road,Standard,Clear,180.0,337.7,5.64,1.032,16.69,24.44,0.0,0,63.26,5.0
SH01646,2025-05-10,Mumbai,West,Mumbai → West,TransGo,Road,Standard,Clear,362.4,330.3,8.06,1.038,28.57,24.26,4.31,1,60.5,4.0
SH01647,2025-05-10,Delhi,West,Delhi → West,TransGo,Road,Standard,Clear,55.0,1321.0,8.2,1.041,39.77,45.7,0.0,0,140.81,5.0
SH01648,2025-05-10,Mumbai,West,Mumbai → West,SwiftMove,Road,Standard,Storm,62.4,147.2,8.55,1.039,32.68,19.88,12.8,1,35.98,5.0
SH01649,2025-05-10,Delhi,South,Delhi → South,TransGo,Air,Express,Clear,583.0,2318.2,7.11,1.043,26.87,31.95,0.0,0,841.36,5.0
SH01650,2025-05-10,Mumbai,West,Mumbai → West,TransGo,Road,Standard,Clear,46.4,187.6,5.27,1.053,21.87,20.84,1.03,1,33.4,
SH01651,2025-05-10,Delhi,West,Delhi → West,RapidFreight,Road,Standard,Clear,730.1,1339.6,3.18,1.024,35.05,46.14,0.0,0,285.99,5.0
SH01652,2025-05-10,Kolkata,North,Kolkata → North,SwiftMove,Road,Standard,Clear,90.2,1527.8,5.27,1.044,40.96,51.8,0.0,0,211.75,5.0
SH01653,2025-05-10,Mumbai,West,Mumbai → West,SwiftMove,Road,Standard,Rain,220.0,72.6,7.46,1.051,20.38,18.09,2.29,1,36.35,5.0
SH01654,2025-05-10,Delhi,North,Delhi → North,RapidFreight,Road,Standard,Rain,413.6,77.1,3.4,1.045,12.0,15.9,0.0,0,55.38,4.0
SH01655,2025-05-10,Bengaluru,North,Bengaluru → North,SwiftMove,Air,Express,Rain,174.4,2313.5,5.51,1.023,26.6,31.37,0.0,0,506.15,4.0
SH01656,2025-05-10,Mumbai,West,Mumbai → West,SwiftMove,Road,Standard,Storm,63.2,172.9,4.81,1.046,26.16,20.49,5.67,1,44.96,5.0
SH01657,2025-05-10,Delhi,West,Delhi → West,RapidFreight,Road,Express,Clear,1331.4,1410.9,3.99,1.028,34.93,41.77,0.0,0,437.04,5.0
SH01658,2025-05-10,Bengaluru,North,Bengaluru → North,BlueLine,Air,Express,Clear,187.2,2166.6,3.89,1.049,24.79,31.11,0.0,0,476.48,5.0
SH01659,2025-05-10,Kolkata,South,Kolkata → South,BlueLine,Road,Standard,Storm,173.4,1868.8,5.83,1.022,65.23,59.97,5.26,1,215.53,4.0
SH01660,2025-05-10,Nagpur,West,Nagpur → West,RapidFreight,Road,Standard,Clear,42.5,824.2,4.36,1.038,21.85,32.07,0.0,0,143.98,5.0
SH01661,2025-05-10,Bengaluru,Central,Bengaluru → Central,SwiftMove,Road,Standard,Clear,118.8,982.3,6.95,1.038,30.81,37.01,0.0,0,124.7,4.0
SH01662,2025-05-10,Mumbai,North,Mumbai → North,BlueLine,Road,Standard,Clear,159.5,1579.1,6.39,1.036,56.16,54.18,1.98,1,208.78,
SH01663,2025-05-10,Mumbai,South,Mumbai → South,TransGo,Rail,Standard,Clear,252.2,1088.9,7.1,1.045,64.23,67.24,0.0,0,86.11,4.0
SH01664,2025-05-10,Bengaluru,South,Bengaluru → South,BlueLine,Road,Standard,Clear,398.7,108.8,4.37,1.068,11.22,16.08,0.0,0,49.19,5.0
SH01665,2025-05-11,Kolkata,North,Kolkata → North,SwiftMove,Road,Standard,Clear,166.6,1708.9,4.48,1.047,47.33,56.14,0.0,0,254.04,4.0
SH01666,2025-05-11,Mumbai,South,Mumbai → South,BlueLine,Road,Standard,Clear,351.6,928.3,5.82,1.057,40.78,38.59,2.19,1,151.06,5.0
SH01667,2025-05-11,Kolkata,East,Kolkata → East,RapidFreight,Road,Standard,Rain,121.5,258.1,2.7,1.042,11.91,21.38,0.0,0,54.29,5.0
SH01668,2025-05-11,Bengaluru,East,Bengaluru → East,BlueLine,Rail,Standard,Clear,171.7,1990.7,4.86,1.035,81.68,93.17,0.0,0,172.33,5.0
SH01669,2025-05-11,Kolkata,South,Kolkata → South,TransGo,Road,Standard,Clear,212.5,1993.8,3.04,1.036,53.33,62.97,0.0,0,232.74,4.0
SH01670,2025-05-11,Bengaluru,West,Bengaluru → West,SwiftMove,Air,Express,Clear,84.5,964.9,5.73,1.041,20.33,28.98,0.0,0,271.69,5.0
SH01671,2025-05-11,Bengaluru,South,Bengaluru → South,SwiftMove,Road,Standard,Clear,156.1,45.3,4.9,1.03,10.5,14.56,0.0,0,28.85,4.0
SH01672,2025-05-11,Bengaluru,West,Bengaluru → West,BlueLine,Road,Standard,Clear,227.6,1119.3,5.09,1.029,35.4,40.29,0.0,0,141.88,5.0
SH01673,2025-05-12,Mumbai,West,Mumbai → West,SwiftMove,Road,Standard,Clear,1068.1,109.2,6.46,1.039,14.87,18.97,0.0,0,80.7,5.0
SH01674,2025-05-12,Mumbai,South,Mumbai → South,BlueLine,Road,Standard,Clear,39.0,1002.9,7.81,1.037,34.56,40.38,0.0,0,128.76,5.0
SH01675,2025-05-12,Kolkata,Central,Kolkata → Central,TransGo,Road,Express,Clear,118.7,1183.9,5.27,1.038,39.0,38.46,0.54,1,176.96,5.0
SH01676,2025-05-12,Delhi,South,Delhi → South,TransGo,Air,Express,Clear,559.7,2338.7,6.15,1.048,31.68,31.99,0.0,0,776.52,4.0
SH01677,2025-05-12,Bengaluru,East,Bengaluru → East,SwiftMove,Road,Standard,Fog,276.0,1895.0,5.75,1.036,61.58,58.88,2.71,1,220.19,4.0
SH01678,2025-05-12,Kolkata,North,Kolkata → North,SwiftMove,Rail,Standard,Clear,134.3,1492.7,4.07,1.032,71.16,78.98,0.0,0,147.42,5.0
SH01679,2025-05-12,Nagpur,North,Nagpur → North,BlueLine,Rail,Standard,Rain,159.1,1030.7,4.95,1.056,61.67,61.35,0.32,1,113.92,5.0
SH01680,2025-05-12,Kolkata,East,Kolkata → East,RapidFreight,Road,Standard,Rain,238.4,327.8,4.5,1.054,24.33,23.05,1.28,1,87.51,5.0
SH01681,2025-05-12,Bengaluru,Central,Bengaluru → Central,SwiftMove,Rail,Standard,Rain,528.3,1054.3,5.7,1.069,56.52,63.25,0.0,0,136.76,5.0
SH01682,2025-05-12,Mumbai,East,Mumbai → East,TransGo,Road,Express,Clear,270.4,2097.7,5.32,1.049,47.41,57.56,0.0,0,337.37,4.0
SH01683,2025-05-12,Delhi,West,Delhi → West,TransGo,Road,Standard,Clear,28.2,1343.9,4.96,1.041,42.63,46.25,0.0,0,168.43,5.0
SH01684,2025-05-12,Delhi,North,Delhi → North,BlueLine,Road,Standard,Rain,120.1,341.5,6.49,1.036,19.35,22.23,0.0,0,61.3,5.0
SH01685,2025-05-13,Mumbai,East,Mumbai → East,SwiftMove,Air,Express,Clear,260.7,2158.3,7.14,1.034,26.64,33.97,0.0,0,556.22,4.0
SH01686,2025-05-13,Delhi,North,Delhi → North,BlueLine,Road,Standard,Clear,353.8,65.6,2.3,1.031,11.4,15.62,0.0,0,33.09,4.0
SH01687,2025-05-13,Bengaluru,West,Bengaluru → West,SwiftMove,Road,Standard,Clear,108.3,1017.4,4.6,1.049,28.57,37.85,0.0,0,167.4,5.0
SH01688,2025-05-13,Nagpur,East,Nagpur → East,SwiftMove,Air,Express,Rain,408.4,1107.8,3.69,1.044,28.67,28.09,0.59,1,672.34,4.0
SH01689,2025-05-13,Mumbai,East,Mumbai → East,BlueLine,Road,Standard,Clear,134.8,2189.6,4.28,1.022,47.69,68.81,0.0,0,269.3,4.0
SH01690,2025-05-13,Mumbai,West,Mumbai → West,BlueLine,Road,Standard,Clear,1414.0,229.6,6.13,1.023,18.79,21.85,0.0,0,132.43,4.0
SH01691,2025-05-13,Mumbai,East,Mumbai → East,SwiftMove,Road,Standard,Rain,51.6,2051.8,6.69,1.039,54.03,65.51,0.0,0,312.31,5.0
SH01692,2025-05-13,Kolkata,Central,Kolkata → Central,BlueLine,Road,Express,Clear,197.6,1145.9,4.25,1.054,29.15,37.71,0.0,0,205.36,5.0
SH01693,2025-05-13,Mumbai,East,Mumbai → East,BlueLine,Rail,Standard,Clear,529.6,2204.3,6.16,1.036,93.14,102.87,0.0,0,199.66,5.0
SH01694,2025-05-13,Mumbai,South,Mumbai → South,RapidFreight,Rail,Standard,Rain,54.2,1023.3,7.27,1.049,55.56,65.14,0.0,0,120.11,5.0
SH01695,2025-05-13,Kolkata,South,Kolkata → South,BlueLine,Road,Standard,Clear,106.0,1969.9,5.51,1.031,44.3,62.39,0.0,0,248.39,5.0
SH01696,2025-05-13,Bengaluru,South,Bengaluru → South,TransGo,Road,Standard,Clear,71.8,48.9,3.58,1.036,11.84,14.65,0.0,0,19.6,5.0
SH01697,2025-05-13,Bengaluru,West,Bengaluru → West,RapidFreight,Rail,Standard,Storm,395.2,1083.3,8.11,1.029,66.38,64.18,2.2,1,159.92,4.0
SH01698,2025-05-13,Nagpur,Central,Nagpur → Central,SwiftMove,Road,Standard,Clear,998.9,295.4,4.45,1.03,23.21,19.4,3.81,1,107.86,5.0
SH01699,2025-05-13,Nagpur,South,Nagpur → South,SwiftMove,Air,Express,Clear,1695.8,1016.0,6.14,1.031,23.65,27.92,0.0,0,2022.3,5.0
SH01700,2025-05-13,Delhi,East,Delhi → East,TransGo,Road,Express,Clear,60.2,1388.5,5.02,1.032,37.58,41.33,0.0,0,195.56,5.0
SH01701,2025-05-13,Bengaluru,North,Bengaluru → North,SwiftMove,Rail,Standard,Rain,338.0,2106.0,4.55,1.044,85.84,96.85,0.0,0,191.84,4.0
SH01702,2025-05-13,Delhi,North,Delhi → North,SwiftMove,Road,Standard,Clear,995.6,239.1,6.32,1.037,15.87,19.78,0.0,0,106.2,4.0
SH01703,2025-05-14,Delhi,East,Delhi → East,BlueLine,Air,Express,Clear,429.4,1537.0,4.74,1.044,28.43,30.57,0.0,0,570.97,5.0
SH01704,2025-05-14,Mumbai,North,Mumbai → North,BlueLine,Rail,Standard,Storm,250.3,1326.4,5.36,1.046,85.45,74.82,10.63,1,130.5,4.0
SH01705,2025-05-14,Bengaluru,Central,Bengaluru → Central,BlueLine,Road,Standard,Clear,153.6,1034.5,7.39,1.039,33.76,38.26,0.0,0,122.4,4.0
SH01706,2025-05-14,Bengaluru,West,Bengaluru → West,TransGo,Air,Express,Clear,169.5,938.0,5.37,1.033,28.43,28.93,0.0,0,290.35,4.0
SH01707,2025-05-14,Delhi,East,Delhi → East,SwiftMove,Rail,Standard,Clear,1408.7,1613.2,7.27,1.034,85.82,81.68,4.14,1,188.15,4.0
SH01708,2025-05-14,Delhi,North,Delhi → North,BlueLine,Road,Standard,Clear,735.8,297.3,4.4,1.047,17.43,21.17,0.0,0,89.25,4.0
SH01709,2025-05-14,Mumbai,North,Mumbai → North,SwiftMove,Rail,Standard,Clear,434.2,1433.0,5.79,1.042,61.86,78.23,0.0,0,133.78,5.0
SH01710,2025-05-14,Bengaluru,East,Bengaluru → East,TransGo,Road,Standard,Clear,,1900.9,5.96,1.014,51.08,59.02,0.0,0,204.96,
SH01711,2025-05-14,Nagpur,West,Nagpur → West,RapidFreight,Rail,Standard,Clear,483.4,806.1,5.69,1.044,48.14,54.17,0.0,0,121.1,4.0
SH01712,2025-05-14,Bengaluru,South,Bengaluru → South,RapidFreight,Road,Express,Clear,273.0,78.5,3.05,1.027,5.2,15.02,0.0,0,58.75,5.0
SH01713,2025-05-14,Kolkata,North,Kolkata → North,BlueLine,Rail,Standard,Clear,109.2,1533.4,2.87,1.039,68.12,80.28,0.0,0,142.78,5.0
SH01714,2025-05-14,Delhi,North,Delhi → North,SwiftMove,Road,Standard,Fog,239.3,230.9,4.08,1.052,21.9,19.58,2.32,1,56.48,5.0
SH01715,2025-05-14,Mumbai,Central,Mumbai → Central,TransGo,Road,Express,Fog,80.0,845.2,8.25,1.041,40.88,32.96,7.92,1,120.8,3.0
SH01716,2025-05-14,Delhi,Central,Delhi → Central,SwiftMove,Road,Standard,Clear,24.0,1117.2,3.65,1.043,28.75,40.82,0.0,0,135.25,5.0
SH01717,2025-05-15,Delhi,North,Delhi → North,BlueLine,Road,Express,Rain,588.3,81.5,3.03,1.039,18.85,15.65,3.2,1,60.03,4.0
SH01718,2025-05-15,Bengaluru,East,Bengaluru → East,TransGo,Rail,Standard,Rain,75.2,2072.0,4.09,1.026,90.54,95.77,0.0,0,149.27,5.0
SH01719,2025-05-15,Bengaluru,North,Bengaluru → North,RapidFreight,Road,Standard,Storm,254.1,2433.4,4.34,1.033,63.97,71.78,0.0,0,407.57,5.0
SH01720,2025-05-15,Kolkata,South,Kolkata → South,RapidFreight,Road,Standard,Clear,447.5,1857.0,5.14,1.043,47.7,59.69,0.0,0,296.87,4.0
SH01721,2025-05-15,Kolkata,Central,Kolkata → Central,TransGo,Rail,Standard,Rain,81.1,1113.4,6.69,1.054,60.31,66.87,0.0,0,99.13,5.0
SH01722,2025-05-15,Kolkata,North,Kolkata → North,TransGo,Road,Standard,Clear,834.8,1382.6,6.45,1.037,43.98,48.32,0.0,0,223.44,4.0
SH01723,2025-05-15,Kolkata,North,Kolkata → North,TransGo,Road,Express,Rain,114.9,1470.5,7.94,1.039,46.54,44.09,2.45,1,229.04,5.0
SH01724,2025-05-15,Mumbai,West,Mumbai → West,SwiftMove,Road,Standard,Clear,154.4,82.8,5.85,1.045,12.11,18.33,0.0,0,31.57,4.0
SH01725,2025-05-15,Nagpur,North,Nagpur → North,TransGo,Road,Standard,Rain,61.2,1159.0,4.5,1.037,40.04,40.09,0.0,0,134.57,4.0
SH01726,2025-05-15,Bengaluru,West,Bengaluru → West,TransGo,Rail,Standard,Clear,28.7,955.2,4.84,1.048,53.28,60.09,0.0,0,80.01,5.0
SH01727,2025-05-15,Delhi,South,Delhi → South,BlueLine,Road,Standard,Clear,2602.8,1985.5,4.8,1.051,60.58,61.62,0.0,0,339.8,
SH01728,2025-05-15,Mumbai,West,Mumbai → West,TransGo,Road,Express,Clear,136.3,143.7,6.74,1.054,23.41,19.17,4.24,1,38.67,4.0
SH01729,2025-05-15,Mumbai,East,Mumbai → East,TransGo,Rail,Standard,Clear,432.7,2024.7,8.6,1.039,81.2,97.13,0.0,0,151.71,5.0
SH01730,2025-05-15,Mumbai,West,Mumbai → West,RapidFreight,Road,Express,Clear,302.1,193.0,8.48,1.044,15.74,20.14,0.0,0,78.68,4.0
SH01731,2025-05-15,Bengaluru,Central,Bengaluru → Central,BlueLine,Road,Standard,Storm,332.2,1090.4,5.01,1.054,45.22,39.6,5.62,1,165.91,5.0
SH01732,2025-05-16,Mumbai,North,Mumbai → North,TransGo,Road,Standard,Clear,96.2,1575.8,9.43,1.052,48.46,54.1,0.0,0,218.66,5.0
SH01733,2025-05-16,Bengaluru,West,Bengaluru → West,RapidFreight,Rail,Standard,Clear,472.1,1000.2,5.1,1.033,40.5,61.53,0.0,0,116.69,5.0
SH01734,2025-05-16,Mumbai,North,Mumbai → North,TransGo,Rail,Standard,Rain,383.9,1304.0,7.58,1.032,70.08,74.11,0.0,0,118.87,5.0
SH01735,2025-05-16,Mumbai,West,Mumbai → West,BlueLine,Road,Standard,Fog,472.3,313.3,5.05,1.047,31.57,23.86,7.71,1,79.32,
SH01736,2025-05-16,Bengaluru,North,Bengaluru → North,TransGo,Road,Standard,Clear,228.2,1996.2,4.99,1.052,58.34,61.3,0.0,0,277.41,5.0
SH01737,2025-05-16,Kolkata,West,Kolkata → West,SwiftMove,Rail,Standard,Fog,445.2,2143.1,6.24,1.052,105.35,99.76,5.59,1,179.27,4.0
SH01738,2025-05-16,Bengaluru,South,Bengaluru → South,SwiftMove,Road,Standard,Clear,142.2,176.5,4.72,1.027,11.43,17.7,0.0,0,36.88,5.0
SH01739,2025-05-16,Kolkata,East,Kolkata → East,BlueLine,Road,Standard,Clear,209.8,167.7,4.56,1.061,12.82,19.22,0.0,0,46.39,5.0
SH01740,2025-05-16,Delhi,Central,Delhi → Central,TransGo,Road,Express,Clear,50.7,1172.5,5.4,1.044,28.77,37.08,0.0,0,145.66,
SH01741,2025-05-16,Mumbai,North,Mumbai → North,SwiftMove,Road,Standard,Rain,109.1,1394.0,5.03,1.047,52.1,49.75,2.35,1,176.34,4.0
SH01742,2025-05-16,Kolkata,South,Kolkata → South,BlueLine,Road,Standard,Rain,541.6,2113.2,2.17,1.055,45.18,65.83,0.0,0,278.73,5.0
SH01743,2025-05-16,Delhi,South,Delhi → South,BlueLine,Road,Standard,Clear,399.9,2062.5,5.17,1.055,53.78,63.46,0.0,0,269.41,5.0
SH01744,2025-05-17,Kolkata,South,Kolkata → South,TransGo,Road,Standard,Clear,121.7,1721.0,6.3,1.037,52.56,56.43,0.0,0,200.03,5.0
SH01745,2025-05-17,Mumbai,North,Mumbai → North,BlueLine,Road,Standard,Clear,378.2,1424.6,4.89,1.042,40.31,50.48,0.0,0,176.84,5.0
SH01746,2025-05-17,Mumbai,West,Mumbai → West,TransGo,Road,Standard,Clear,980.7,139.0,6.3,1.045,21.73,19.68,2.05,1,92.93,3.0
SH01747,2025-05-17,Kolkata,North,Kolkata → North,BlueLine,Road,Standard,Clear,363.5,1533.6,6.82,1.053,53.3,51.94,1.36,1,208.24,4.0
SH01748,2025-05-17,Bengaluru,East,Bengaluru → East,SwiftMove,Road,Standard,Clear,127.1,2079.9,5.07,1.042,45.91,63.31,0.0,0,252.24,4.0
SH01749,2025-05-17,Nagpur,North,Nagpur → North,SwiftMove,Road,Express,Clear,200.0,1050.4,5.13,1.052,22.19,32.96,0.0,0,193.21,4.0
SH01750,2025-05-17,Mumbai,North,Mumbai → North,SwiftMove,Road,Standard,Clear,102.1,1582.5,1.57,1.048,45.57,54.26,0.0,0,229.14,4.0
SH01751,2025-05-17,Delhi,West,Delhi → West,RapidFreight,Road,Express,Clear,911.9,1376.4,5.52,1.057,35.58,41.09,0.0,0,346.35,5.0
SH01752,2025-05-17,Delhi,South,Delhi → South,TransGo,Road,Standard,Clear,90.1,2064.5,7.25,1.045,61.23,63.51,0.0,0,252.24,5.0
SH01753,2025-05-17,Mumbai,West,Mumbai → West,TransGo,Road,Standard,Clear,386.9,219.6,7.61,1.038,26.33,21.61,4.72,1,54.46,4.0
SH01754,2025-05-17,Delhi,Central,Delhi → Central,BlueLine,Road,Standard,Clear,96.7,1154.2,5.96,1.026,35.94,41.7,0.0,0,152.24,4.0
SH01755,2025-05-17,Mumbai,North,Mumbai → North,BlueLine,Air,Express,Clear,742.6,1398.2,4.95,1.034,27.33,32.62,0.0,0,953.42,5.0
SH01756,2025-05-18,Mumbai,West,Mumbai → West,SwiftMove,Road,Standard,Clear,1783.2,64.0,6.81,1.043,16.56,17.88,0.0,0,135.7,5.0
SH01757,2025-05-18,Bengaluru,West,Bengaluru → West,RapidFreight,Road,Express,Storm,137.9,972.1,3.48,1.027,38.2,32.57,5.63,1,218.73,4.0
SH01758,2025-05-18,Nagpur,South,Nagpur → South,SwiftMove,Rail,Standard,Clear,243.2,1111.6,6.26,1.023,48.67,63.94,0.0,0,115.5,4.0
SH01759,2025-05-18,Bengaluru,South,Bengaluru → South,BlueLine,Road,Express,Clear,72.4,111.7,3.41,1.047,9.82,15.67,0.0,0,39.32,5.0
SH01760,2025-05-18,Delhi,West,Delhi → West,BlueLine,Road,Express,Clear,491.0,1326.0,5.76,1.053,30.69,40.1,0.0,0,196.8,
SH01761,2025-05-18,Nagpur,East,Nagpur → East,RapidFreight,Road,Standard,Clear,338.0,1031.6,4.16,1.028,25.09,37.04,0.0,0,191.77,4.0
SH01762,2025-05-18,Bengaluru,South,Bengaluru → South,BlueLine,Road,Standard,Clear,222.4,89.4,4.36,1.029,13.33,15.62,0.0,0,35.49,5.0
SH01763,2025-05-18,Mumbai,East,Mumbai → East,SwiftMove,Rail,Standard,Clear,23.5,1980.1,5.76,1.033,75.54,95.7,0.0,0,151.95,5.0
SH01764,2025-05-18,Nagpur,Central,Nagpur → Central,BlueLine,Road,Express,Clear,1304.6,346.4,5.89,1.04,19.79,19.13,0.66,1,151.23,5.0
SH01765,2025-05-18,Mumbai,Central,Mumbai → Central,SwiftMove,Air,Express,Clear,376.4,937.4,6.01,1.038,24.09,31.81,0.0,0,613.79,4.0
SH01766,2025-05-18,Bengaluru,East,Bengaluru → East,RapidFreight,Road,Standard,Clear,436.1,2026.7,3.05,1.015,47.04,62.03,0.0,0,302.09,5.0
SH01767,2025-05-18,Bengaluru,West,Bengaluru → West,SwiftMove,Road,Standard,Clear,609.4,1081.6,6.32,1.056,32.15,39.39,0.0,0,169.75,5.0
SH01768,2025-05-18,Bengaluru,South,Bengaluru → South,RapidFreight,Road,Standard,Clear,342.4,342.8,5.25,1.036,14.12,21.69,0.0,0,106.67,5.0
SH01769,2025-05-18,Bengaluru,South,Bengaluru → South,TransGo,Road,Standard,Clear,81.7,130.6,3.06,1.03,12.6,16.6,0.0,0,24.55,
SH01770,2025-05-19,Delhi,South,Delhi → South,SwiftMove,Rail,Standard,Fog,223.5,2336.9,6.11,1.031,111.8,104.8,7.0,1,216.76,5.0
SH01771,2025-05-19,Bengaluru,North,Bengaluru → North,SwiftMove,Road,Express,Clear,162.2,2258.2,4.11,1.046,48.51,57.84,0.0,0,358.56,4.0
SH01772,2025-05-19,Kolkata,Central,Kolkata → Central,SwiftMove,Air,Express,Clear,94.2,1192.3,5.44,1.038,21.18,31.11,0.0,0,275.27,4.0
SH01773,2025-05-19,Delhi,North,Delhi → North,SwiftMove,Road,Standard,Clear,132.7,314.4,4.53,1.037,13.57,21.58,0.0,0,57.03,5.0
SH01774,2025-05-19,Nagpur,Central,Nagpur → Central,BlueLine,Road,Standard,Clear,468.2,152.5,5.19,1.042,11.19,15.98,0.0,0,56.6,4.0
SH01775,2025-05-19,Nagpur,West,Nagpur → West,BlueLine,Road,Standard,Clear,255.6,929.1,5.86,1.039,32.64,34.58,0.0,0,147.59,4.0
SH01776,2025-05-19,Delhi,West,Delhi → West,RapidFreight,Road,Express,Clear,241.2,1465.3,5.77,1.044,33.67,42.84,0.0,0,283.84,4.0
SH01777,2025-05-19,Delhi,West,Delhi → West,BlueLine,Air,Express,Clear,663.2,1450.9,6.32,1.026,24.28,30.42,0.0,0,825.58,5.0
SH01778,2025-05-19,Mumbai,North,Mumbai → North,BlueLine,Road,Standard,Clear,68.1,1552.4,5.58,1.041,38.32,53.54,0.0,0,162.14,5.0
SH01779,2025-05-19,Bengaluru,North,Bengaluru → North,BlueLine,Road,Standard,Clear,151.5,2190.3,4.84,1.05,52.31,65.95,0.0,0,265.17,
SH01780,2025-05-19,Mumbai,South,Mumbai → South,SwiftMove,Rail,Standard,Clear,163.7,1052.2,8.91,1.036,53.46,66.06,0.0,0,118.74,4.0
SH01781,2025-05-19,Mumbai,West,Mumbai → West,RapidFreight,Road,Standard,Clear,149.9,298.0,6.6,1.038,17.3,23.49,0.0,0,71.95,4.0
SH01782,2025-05-20,Delhi,West,Delhi → West,SwiftMove,Road,Standard,Clear,184.3,1291.5,5.45,1.041,33.95,44.99,0.0,0,189.25,5.0
SH01783,2025-05-20,Mumbai,West,Mumbai → West,BlueLine,Road,Standard,Clear,241.8,245.6,3.62,1.044,14.84,22.23,0.0,0,50.53,4.0
SH01784,2025-05-20,Delhi,South,Delhi → South,BlueLine,Road,Standard,Clear,574.8,2094.3,4.51,1.019,54.8,64.23,0.0,0,296.65,
SH01785,2025-05-20,Kolkata,North,Kolkata → North,SwiftMove,Air,Express,Clear,77.9,1588.1,5.09,1.036,28.02,31.81,0.0,0,330.75,5.0
SH01786,2025-05-20,Delhi,East,Delhi → East,RapidFreight,Rail,Standard,Clear,353.2,1534.1,7.76,1.041,66.86,79.16,0.0,0,169.2,5.0
SH01787,2025-05-20,Delhi,North,Delhi → North,SwiftMove,Road,Express,Clear,327.1,183.1,6.15,1.024,13.6,17.65,0.0,0,70.57,4.0
SH01788,2025-05-20,Mumbai,Central,Mumbai → Central,SwiftMove,Air,Express,Clear,257.2,946.8,6.1,1.018,27.49,31.83,0.0,0,387.73,5.0
SH01789,2025-05-20,Bengaluru,West,Bengaluru → West,TransGo,Rail,Standard,Clear,126.7,934.9,4.94,1.026,60.63,59.44,1.19,1,85.26,5.0
SH01790,2025-05-20,Kolkata,South,Kolkata → South,BlueLine,Road,Standard,Clear,183.2,2081.2,5.33,1.042,52.59,65.06,0.0,0,285.81,5.0
SH01791,2025-05-20,Bengaluru,West,Bengaluru → West,BlueLine,Air,Express,Storm,277.0,996.9,3.68,1.047,40.38,29.04,11.34,1,477.11,3.0
SH01792,2025-05-20,Delhi,North,Delhi → North,RapidFreight,Road,Standard,Clear,587.0,96.9,5.29,1.029,9.4,16.37,0.0,0,84.13,5.0
SH01793,2025-05-20,Bengaluru,South,Bengaluru → South,BlueLine,Road,Standard,Storm,684.6,116.3,4.8,1.055,27.58,16.26,11.32,1,67.84,4.0
SH01794,2025-05-20,Nagpur,North,Nagpur → North,TransGo,Rail,Standard,Clear,207.3,1040.3,5.69,1.047,55.87,61.66,0.0,0,84.66,4.0
SH01795,2025-05-20,Kolkata,East,Kolkata → East,SwiftMove,Road,Standard,Clear,233.9,253.6,4.58,1.031,14.31,21.28,0.0,0,55.64,5.0
SH01796,2025-05-20,Nagpur,Central,Nagpur → Central,TransGo,Road,Standard,Clear,274.2,229.2,6.05,1.024,15.76,17.82,0.0,0,43.38,5.0
SH01797,2025-05-21,Delhi,South,Delhi → South,TransGo,Rail,Standard,Clear,185.8,2462.3,5.55,1.043,100.94,108.81,0.0,0,183.12,5.0
SH01798,2025-05-21,Kolkata,Central,Kolkata → Central,SwiftMove,Road,Standard,Clear,739.9,1183.6,3.9,1.038,33.08,43.56,0.0,0,217.94,4.0
SH01799,2025-05-21,Mumbai,West,Mumbai → West,RapidFreight,Road,Standard,Clear,163.3,238.0,7.33,1.029,15.21,22.05,0.0,0,55.99,5.0
SH01800,2025-05-21,Mumbai,East,Mumbai → East,BlueLine,Road,Standard,Clear,177.3,2048.5,5.96,1.047,59.97,65.43,0.0,0,250.28,4.0
SH01801,2025-05-21,Delhi,South,Delhi → South,TransGo,Rail,Standard,Clear,71.9,2211.9,4.04,1.038,85.63,100.81,0.0,0,183.51,5.0
SH01802,2025-05-21,Kolkata,East,Kolkata → East,RapidFreight,Road,Standard,Rain,745.1,88.3,2.75,1.046,11.15,17.31,0.0,0,79.42,5.0
SH01803,2025-05-21,Nagpur,West,Nagpur → West,SwiftMove,Air,Express,Clear,600.8,855.6,4.77,1.031,19.45,27.64,0.0,0,769.36,
SH01804,2025-05-21,Mumbai,West,Mumbai → West,RapidFreight,Road,Standard,Clear,384.0,269.1,7.68,1.048,22.42,22.8,0.0,0,87.87,4.0
SH01805,2025-05-21,Delhi,South,Delhi → South,SwiftMove,Road,Express,Clear,491.1,2370.3,7.43,1.04,49.38,60.62,0.0,0,452.24,5.0
SH01806,2025-05-21,Delhi,West,Delhi → West,BlueLine,Rail,Standard,Clear,83.0,1383.4,3.37,1.046,79.43,74.34,5.09,1,126.39,5.0
SH01807,2025-05-21,Mumbai,North,Mumbai → North,BlueLine,Road,Standard,Clear,102.3,1469.6,4.8,1.032,39.62,51.56,0.0,0,169.11,5.0
SH01808,2025-05-22,Kolkata,North,Kolkata → North,TransGo,Road,Standard,Clear,372.7,1428.4,5.5,1.036,46.01,49.42,0.0,0,166.97,5.0
SH01809,2025-05-22,Nagpur,South,Nagpur → South,RapidFreight,Road,Standard,Clear,54.9,930.4,3.94,1.043,23.45,34.62,0.0,0,139.17,5.0
SH01810,2025-05-22,Kolkata,West,Kolkata → West,SwiftMove,Road,Express,Clear,97.2,1880.7,6.24,1.045,47.04,52.15,0.0,0,288.13,5.0
SH01811,2025-05-22,Bengaluru,South,Bengaluru → South,RapidFreight,Road,Standard,Clear,116.1,131.8,6.91,1.035,11.51,16.63,0.0,0,39.93,4.0
SH01812,2025-05-22,Mumbai,South,Mumbai → South,SwiftMove,Road,Standard,Clear,845.0,1053.2,6.11,1.019,31.75,41.58,0.0,0,207.87,5.0
SH01813,2025-05-22,Nagpur,West,Nagpur → West,BlueLine,Road,Standard,Clear,1870.3,764.4,2.64,1.029,24.35,30.64,0.0,0,200.7,5.0
SH01814,2025-05-22,Mumbai,South,Mumbai → South,BlueLine,Road,Standard,Clear,358.8,1077.4,6.39,1.044,38.82,42.16,0.0,0,155.19,5.0
SH01815,2025-05-22,Mumbai,Central,Mumbai → Central,SwiftMove,Air,Express,Clear,120.5,810.5,8.55,1.041,21.43,31.58,0.0,0,245.99,4.0
SH01816,2025-05-22,Mumbai,South,Mumbai → South,BlueLine,Rail,Standard,Clear,302.4,943.9,5.5,1.038,57.68,62.6,0.0,0,92.6,4.0
SH01817,2025-05-22,Delhi,East,Delhi → East,BlueLine,Road,Standard,Clear,166.5,1664.6,6.6,1.043,44.96,53.93,0.0,0,213.15,5.0
SH01818,2025-05-22,Nagpur,Central,Nagpur → Central,RapidFreight,Road,Standard,Clear,77.4,132.9,4.81,1.059,7.67,15.51,0.0,0,38.08,5.0
SH01819,2025-05-22,Bengaluru,North,Bengaluru → North,BlueLine,Road,Standard,Clear,357.0,2420.8,4.84,1.035,58.6,71.47,0.0,0,342.03,4.0
SH01820,2025-05-22,Mumbai,South,Mumbai → South,SwiftMove,Road,Standard,Rain,1187.3,1076.1,7.74,1.06,44.23,42.13,2.1,1,214.84,5.0
SH01821,2025-05-22,Delhi,West,Delhi → West,SwiftMove,Road,Express,Clear,79.9,1309.9,4.23,1.047,30.94,39.78,0.0,0,208.41,4.0
SH01822,2025-05-23,Mumbai,East,Mumbai → East,SwiftMove,Rail,Standard,Clear,245.0,2251.8,6.36,1.045,92.98,104.38,0.0,0,177.64,4.0
SH01823,2025-05-23,Delhi,West,Delhi → West,BlueLine,Road,Standard,Clear,561.9,1537.5,6.89,1.035,42.44,50.88,0.0,0,200.97,5.0
SH01824,2025-05-23,Delhi,West,Delhi → West,TransGo,Road,Standard,Clear,53.7,1606.8,5.75,1.044,43.26,52.55,0.0,0,204.58,5.0
SH01825,2025-05-23,Mumbai,West,Mumbai → West,SwiftMove,Road,Standard,Clear,274.2,207.7,6.14,1.037,17.08,21.33,0.0,0,58.95,5.0
SH01826,2025-05-23,Bengaluru,North,Bengaluru → North,RapidFreight,Rail,Standard,Clear,349.9,2226.4,5.84,1.045,82.83,100.7,0.0,0,211.82,
SH01827,2025-05-23,Mumbai,Central,Mumbai → Central,TransGo,Air,Express,Clear,64.1,950.0,7.25,1.044,25.96,31.83,0.0,0,210.18,4.0
SH01828,2025-05-23,Mumbai,South,Mumbai → South,BlueLine,Road,Standard,Fog,127.0,1097.7,7.68,1.063,51.02,42.65,8.37,1,159.53,4.0
SH01829,2025-05-23,Bengaluru,South,Bengaluru → South,RapidFreight,Road,Standard,Rain,370.6,322.3,6.69,1.038,21.13,21.2,0.0,0,92.39,4.0
SH01830,2025-05-23,Mumbai,East,Mumbai → East,BlueLine,Air,Express,Rain,237.5,1970.4,4.42,1.035,36.1,33.64,2.46,1,556.56,4.0
SH01831,2025-05-23,Delhi,West,Delhi → West,BlueLine,Rail,Standard,Rain,340.0,1311.2,6.25,1.039,71.26,72.03,0.0,0,114.79,4.0
SH01832,2025-05-23,Mumbai,North,Mumbai → North,BlueLine,Road,Standard,Clear,293.4,1503.2,5.44,1.046,37.58,52.36,0.0,0,226.58,5.0
SH01833,2025-05-23,Bengaluru,West,Bengaluru → West,RapidFreight,Air,Express,Clear,598.3,1068.6,6.16,1.043,22.65,29.17,0.0,0,1104.68,5.0
SH01834,2025-05-23,Mumbai,North,Mumbai → North,TransGo,Road,Standard,Clear,633.9,1578.2,3.91,1.045,46.98,54.16,0.0,0,194.33,5.0
SH01835,2025-05-23,Mumbai,West,Mumbai → West,TransGo,Road,Standard,Clear,1097.8,236.0,5.59,1.051,23.18,22.0,1.18,1,112.0,5.0
SH01836,2025-05-23,Nagpur,West,Nagpur → West,SwiftMove,Road,Standard,Storm,452.5,851.2,5.94,1.027,50.67,32.72,17.95,1,155.85,4.0
SH01837,2025-05-24,Nagpur,South,Nagpur → South,TransGo,Road,Standard,Clear,1356.8,982.8,3.53,1.023,33.04,35.87,0.0,0,182.42,
SH01838,2025-05-24,Bengaluru,South,Bengaluru → South,BlueLine,Road,Standard,Clear,138.8,203.8,4.82,1.047,13.54,18.36,0.0,0,40.74,5.0
SH01839,2025-05-24,Mumbai,Central,Mumbai → Central,BlueLine,Road,Standard,Clear,963.3,904.9,6.73,1.036,36.11,38.03,0.0,0,154.21,5.0
SH01840,2025-05-24,Bengaluru,North,Bengaluru → North,BlueLine,Road,Express,Clear,51.5,2173.8,3.93,1.034,45.75,56.18,0.0,0,325.9,5.0
SH01841,2025-05-24,Bengaluru,Central,Bengaluru → Central,BlueLine,Road,Standard,Clear,117.0,1002.3,5.91,1.028,27.37,37.49,0.0,0,154.41,5.0
SH01842,2025-05-24,Delhi,North,Delhi → North,RapidFreight,Road,Standard,Clear,1577.6,58.6,5.95,1.037,11.57,15.45,0.0,0,118.49,4.0
SH01843,2025-05-24,Nagpur,West,Nagpur → West,SwiftMove,Air,Express,Clear,235.2,802.9,5.0,1.039,23.01,27.55,0.0,0,349.81,5.0
SH01844,2025-05-24,Mumbai,East,Mumbai → East,SwiftMove,Rail,Standard,Clear,411.3,2060.9,4.33,1.054,79.15,98.28,0.0,0,200.17,5.0
SH01845,2025-05-24,Mumbai,Central,Mumbai → Central,SwiftMove,Road,Standard,Clear,477.3,904.8,7.6,1.037,32.08,38.03,0.0,0,157.6,4.0
SH01846,2025-05-24,Mumbai,West,Mumbai → West,RapidFreight,Road,Express,Clear,77.9,97.6,4.68,1.019,9.51,18.27,0.0,0,42.72,5.0
SH01847,2025-05-24,Kolkata,South,Kolkata → South,SwiftMove,Air,Express,Clear,224.9,1789.4,7.07,1.05,25.08,32.17,0.0,0,480.09,4.0
SH01848,2025-05-24,Bengaluru,South,Bengaluru → South,RapidFreight,Road,Standard,Clear,134.9,238.8,6.02,1.035,11.78,19.2,0.0,0,61.48,5.0
SH01849,2025-05-24,Delhi,West,Delhi → West,BlueLine,Road,Express,Clear,58.7,1506.4,6.52,1.027,36.21,43.64,0.0,0,228.77,5.0
SH01850,2025-05-24,Bengaluru,West,Bengaluru → West,BlueLine,Road,Standard,Clear,358.2,980.1,7.13,1.042,31.53,36.96,0.0,0,148.13,4.0
SH01851,2025-05-24,Delhi,North,Delhi → North,BlueLine,Road,Standard,Clear,67.1,65.7,4.72,1.067,14.93,15.62,0.0,0,27.29,5.0
SH01852,2025-05-24,Mumbai,North,Mumbai → North,SwiftMove,Road,Express,Clear,68.7,1487.9,7.74,1.032,39.96,45.58,0.0,0,238.63,4.0
SH01853,2025-05-24,Kolkata,Central,Kolkata → Central,TransGo,Road,Standard,Clear,1044.8,1198.0,4.88,1.051,34.36,43.9,0.0,0,189.3,4.0
SH01854,2025-05-25,Nagpur,West,Nagpur → West,SwiftMove,Air,Express,Clear,201.9,818.1,2.64,1.037,19.75,27.57,0.0,0,356.44,4.0
SH01855,2025-05-25,Delhi,South,Delhi → South,BlueLine,Road,Standard,Clear,142.4,1982.2,3.64,1.048,47.39,61.54,0.0,0,282.31,5.0
SH01856,2025-05-25,Mumbai,South,Mumbai → South,SwiftMove,Road,Standard,Clear,70.4,1094.8,3.63,1.044,30.98,42.58,0.0,0,149.96,5.0
SH01857,2025-05-25,Bengaluru,West,Bengaluru → West,RapidFreight,Air,Express,Clear,183.7,961.1,5.19,1.038,22.58,28.98,0.0,0,429.98,4.0
SH01858,2025-05-25,Delhi,South,Delhi → South,BlueLine,Road,Standard,Clear,188.6,2402.7,4.7,1.034,65.37,71.62,0.0,0,354.4,5.0
SH01859,2025-05-25,Bengaluru,West,Bengaluru → West,SwiftMove,Air,Express,Clear,60.0,990.0,6.72,1.045,18.95,29.03,0.0,0,255.21,5.0
SH01860,2025-05-25,Mumbai,Central,Mumbai → Central,BlueLine,Road,Express,Clear,1734.4,766.7,5.23,1.027,28.86,31.41,0.0,0,227.57,4.0
SH01861,2025-05-25,Mumbai,West,Mumbai → West,BlueLine,Road,Standard,Clear,93.4,303.3,6.08,1.013,19.53,23.62,0.0,0,51.46,5.0
SH01862,2025-05-25,Bengaluru,South,Bengaluru → South,TransGo,Road,Standard,Clear,1382.9,293.4,6.21,1.05,24.91,20.5,4.41,1,140.37,5.0
SH01863,2025-05-25,Kolkata,Central,Kolkata → Central,BlueLine,Rail,Standard,Storm,396.1,1130.3,4.21,1.037,74.88,67.41,7.48,1,115.62,4.0
SH01864,2025-05-25,Bengaluru,South,Bengaluru → South,RapidFreight,Road,Standard,Clear,52.5,187.9,5.08,1.044,8.66,17.98,0.0,0,40.59,4.0
SH01865,2025-05-25,Delhi,West,Delhi → West,TransGo,Rail,Standard,Clear,221.4,1350.4,3.92,1.033,60.6,73.29,0.0,0,107.89,4.0
SH01866,2025-05-25,Kolkata,North,Kolkata → North,RapidFreight,Road,Standard,Clear,388.1,1613.4,5.79,1.042,38.77,53.86,0.0,0,284.96,5.0
SH01867,2025-05-25,Bengaluru,South,Bengaluru → South,RapidFreight,Road,Standard,Clear,330.4,98.1,5.8,1.044,8.06,15.83,0.0,0,50.94,4.0
SH01868,2025-05-26,Bengaluru,South,Bengaluru → South,BlueLine,Road,Standard,Clear,109.8,89.0,4.69,1.044,10.03,15.61,0.0,0,25.27,5.0
SH01869,2025-05-26,Kolkata,East,Kolkata → East,SwiftMove,Road,Express,Clear,916.3,181.9,5.19,1.03,12.78,18.77,0.0,0,114.38,5.0
SH01870,2025-05-26,Nagpur,North,Nagpur → North,SwiftMove,Road,Express,Clear,1648.3,1128.5,4.67,1.052,30.98,34.49,0.0,0,330.02,5.0
SH01871,2025-05-26,Delhi,West,Delhi → West,BlueLine,Rail,Standard,Storm,84.6,1319.5,4.38,1.038,79.88,72.3,7.58,1,118.25,3.0
SH01872,2025-05-26,Mumbai,South,Mumbai → South,BlueLine,Road,Standard,Clear,321.2,1063.0,7.25,1.049,36.32,41.82,0.0,0,160.78,4.0
SH01873,2025-05-26,Kolkata,East,Kolkata → East,BlueLine,Road,Standard,Clear,805.6,229.8,5.19,1.043,16.55,20.71,0.0,0,92.54,4.0
SH01874,2025-05-26,Kolkata,East,Kolkata → East,TransGo,Road,Standard,Clear,497.7,304.3,2.07,1.04,17.49,22.49,0.0,0,63.6,5.0
SH01875,2025-05-26,Bengaluru,East,Bengaluru → East,SwiftMove,Road,Standard,Clear,224.2,1921.8,6.63,1.035,47.09,59.52,0.0,0,282.49,5.0
SH01876,2025-05-26,Delhi,North,Delhi → North,SwiftMove,Road,Standard,Clear,89.0,198.0,6.84,1.041,13.42,18.79,0.0,0,42.58,5.0
SH01877,2025-05-26,Delhi,East,Delhi → East,SwiftMove,Rail,Standard,Clear,308.1,1504.4,4.53,1.033,57.74,78.21,0.0,0,124.32,5.0
SH01878,2025-05-26,Mumbai,West,Mumbai → West,BlueLine,Road,Standard,Clear,316.0,179.5,6.08,1.009,17.74,20.65,0.0,0,53.48,4.0
SH01879,2025-05-26,Delhi,East,Delhi → East,SwiftMove,Road,Standard,Clear,133.2,1577.8,6.19,1.04,41.05,51.85,0.0,0,217.52,5.0
SH01880,2025-05-26,Bengaluru,East,Bengaluru → East,RapidFreight,Rail,Standard,Clear,560.9,1789.6,7.98,1.027,80.78,86.74,0.0,0,199.1,5.0
SH01881,2025-05-26,Nagpur,East,Nagpur → East,TransGo,Air,Express,Clear,295.3,1230.0,4.53,1.035,28.66,28.3,0.36,1,393.88,5.0
SH01882,2025-05-26,Bengaluru,East,Bengaluru → East,SwiftMove,Rail,Standard,Clear,214.1,1821.5,3.2,1.034,69.37,87.76,0.0,0,186.36,5.0
SH01883,2025-05-26,Delhi,North,Delhi → North,BlueLine,Road,Standard,Clear,,277.1,5.44,1.034,15.45,20.69,0.0,0,59.97,
SH01884,2025-05-27,Kolkata,East,Kolkata → East,RapidFreight,Road,Standard,Fog,338.1,181.4,2.92,1.04,21.14,19.55,1.6,1,64.6,4.0
SH01885,2025-05-27,Mumbai,North,Mumbai → North,RapidFreight,Road,Standard,Rain,147.6,1502.7,6.28,1.055,49.83,52.35,0.0,0,251.05,5.0
SH01886,2025-05-27,Mumbai,West,Mumbai → West,SwiftMove,Road,Express,Rain,28.5,329.2,2.86,1.022,20.68,22.82,0.0,0,69.41,5.0
SH01887,2025-05-27,Delhi,East,Delhi → East,SwiftMove,Road,Express,Clear,70.8,1724.3,4.78,1.035,34.09,47.92,0.0,0,273.87,5.0
SH01888,2025-05-27,Delhi,North,Delhi → North,SwiftMove,Road,Standard,Clear,271.0,198.8,5.27,1.05,13.71,18.81,0.0,0,55.4,5.0
SH01889,2025-05-27,Mumbai,East,Mumbai → East,SwiftMove,Road,Standard,Clear,243.3,2192.6,5.34,1.036,60.8,68.88,0.0,0,294.51,5.0
SH01890,2025-05-27,Bengaluru,North,Bengaluru → North,BlueLine,Rail,Standard,Rain,763.8,2054.6,5.88,1.048,86.34,95.21,0.0,0,188.13,5.0
SH01891,2025-05-27,Delhi,North,Delhi → North,SwiftMove,Road,Standard,Clear,98.5,327.1,5.9,1.038,15.44,21.89,0.0,0,58.19,4.0
SH01892,2025-05-27,Nagpur,North,Nagpur → North,SwiftMove,Air,Express,Clear,187.5,1087.5,7.08,1.033,19.25,28.05,0.0,0,360.07,5.0
SH01893,2025-05-27,Mumbai,South,Mumbai → South,BlueLine,Rail,Standard,Rain,362.3,1124.1,6.47,1.061,59.75,68.36,0.0,0,113.8,4.0
SH01894,2025-05-27,Kolkata,East,Kolkata → East,BlueLine,Road,Standard,Clear,636.2,96.9,3.42,1.051,13.34,17.52,0.0,0,59.44,5.0
SH01895,2025-05-27,Delhi,South,Delhi → South,TransGo,Rail,Standard,Clear,174.3,2086.1,3.11,1.035,89.88,96.79,0.0,0,168.61,5.0
SH01896,2025-05-28,Kolkata,North,Kolkata → North,BlueLine,Road,Standard,Clear,96.6,1662.2,4.47,1.039,49.52,55.02,0.0,0,228.88,4.0
SH01897,2025-05-28,Nagpur,West,Nagpur → West,TransGo,Air,Express,Clear,56.8,873.6,5.45,1.04,26.39,27.67,0.0,0,188.93,4.0
SH01898,2025-05-28,Bengaluru,West,Bengaluru → West,BlueLine,Rail,Standard,Rain,474.8,914.8,4.86,1.051,52.46,58.8,0.0,0,93.76,4.0
SH01899,2025-05-28,Mumbai,Central,Mumbai → Central,SwiftMove,Road,Standard,Clear,137.4,766.9,6.91,1.047,29.15,34.72,0.0,0,120.54,4.0
SH01900,2025-05-28,Kolkata,West,Kolkata → West,BlueLine,Rail,Standard,Clear,32.8,2197.1,3.03,1.044,77.85,101.48,0.0,0,186.16,5.0
SH01901,2025-05-28,Mumbai,West,Mumbai → West,RapidFreight,Road,Express,Storm,116.1,192.6,2.98,1.029,30.56,20.13,10.42,1,69.84,4.0
SH01902,2025-05-28,Mumbai,Central,Mumbai → Central,SwiftMove,Road,Express,Clear,216.4,867.8,5.91,1.047,25.22,33.4,0.0,0,159.57,4.0
SH01903,2025-05-28,Nagpur,South,Nagpur → South,RapidFreight,Road,Standard,Clear,76.4,1034.7,3.53,1.04,29.76,37.11,0.0,0,174.84,5.0
SH01904,2025-05-28,Delhi,South,Delhi → South,BlueLine,Rail,Standard,Rain,675.1,2064.1,6.93,1.026,76.22,96.09,0.0,0,205.52,4.0
SH01905,2025-05-28,Delhi,North,Delhi → North,BlueLine,Road,Standard,Clear,66.9,117.3,6.65,1.049,13.71,16.86,0.0,0,31.83,4.0
SH01906,2025-06-01,Bengaluru,East,Bengaluru → East,RapidFreight,Road,Standard,Rain,347.4,1777.3,2.35,1.025,50.54,56.06,0.0,0,312.25,5.0
SH01907,2025-06-01,Nagpur,West,Nagpur → West,RapidFreight,Road,Standard,Clear,253.9,893.4,7.85,1.033,26.61,33.73,0.0,0,144.68,4.0
SH01908,2025-06-01,Bengaluru,South,Bengaluru → South,RapidFreight,Road,Express,Rain,53.7,329.8,4.94,1.025,18.88,19.95,0.0,0,80.23,5.0
SH01909,2025-06-01,Mumbai,Central,Mumbai → Central,BlueLine,Road,Standard,Clear,278.6,850.9,6.98,1.03,30.06,36.74,0.0,0,134.27,4.0
SH01910,2025-06-01,Bengaluru,South,Bengaluru → South,TransGo,Road,Standard,Clear,931.8,279.6,5.65,1.019,21.55,20.17,1.37,1,104.66,
SH01911,2025-06-01,Bengaluru,South,Bengaluru → South,SwiftMove,Road,Standard,Rain,125.1,159.6,4.01,1.02,9.88,17.3,0.0,0,37.89,4.0
SH01912,2025-06-01,Bengaluru,West,Bengaluru → West,RapidFreight,Road,Standard,Clear,92.6,1103.7,7.06,1.02,31.65,39.92,0.0,0,192.72,4.0
SH01913,2025-06-01,Bengaluru,South,Bengaluru → South,BlueLine,Road,Standard,Clear,204.4,311.8,7.07,1.031,17.03,20.94,0.0,0,61.98,5.0
SH01914,2025-06-01,Kolkata,South,Kolkata → South,SwiftMove,Road,Standard,Clear,313.0,1739.3,4.87,1.028,39.76,56.87,0.0,0,275.42,5.0
SH01915,2025-06-01,Mumbai,South,Mumbai → South,SwiftMove,Road,Standard,Rain,209.6,921.6,6.01,1.013,32.95,38.43,0.0,0,123.9,5.0
SH01916,2025-06-01,Bengaluru,South,Bengaluru → South,SwiftMove,Road,Standard,Clear,219.0,193.5,4.69,1.014,14.16,18.11,0.0,0,49.44,5.0
SH01917,2025-06-01,Kolkata,West,Kolkata → West,SwiftMove,Road,Standard,Clear,450.4,2109.8,5.49,1.024,55.77,65.75,0.0,0,262.03,
SH01918,2025-06-01,Delhi,North,Delhi → North,BlueLine,Road,Standard,Clear,244.4,150.3,6.18,1.028,16.88,17.65,0.0,0,41.94,5.0
SH01919,2025-06-01,Mumbai,West,Mumbai → West,TransGo,Road,Standard,Rain,148.3,156.5,6.64,1.026,27.84,20.1,7.74,1,36.99,4.0
SH01920,2025-06-01,Mumbai,North,Mumbai → North,BlueLine,Road,Standard,Storm,89.0,1291.8,6.05,1.015,53.14,47.3,5.84,1,181.93,5.0
SH01921,2025-06-01,Bengaluru,North,Bengaluru → North,BlueLine,Rail,Standard,Clear,5296.5,2006.3,1.69,0.993,75.66,93.66,0.0,0,360.86,4.0
SH01922,2025-06-01,Bengaluru,West,Bengaluru → West,RapidFreight,Road,Standard,Rain,2097.4,1071.2,6.12,1.021,33.95,39.14,0.0,0,344.07,
SH01923,2025-06-02,Bengaluru,North,Bengaluru → North,BlueLine,Air,Express,Rain,102.3,2090.6,4.0,1.028,29.89,30.97,0.0,0,374.66,5.0
SH01924,2025-06-02,Mumbai,East,Mumbai → East,SwiftMove,Road,Standard,Fog,368.3,1965.4,6.05,1.018,66.03,63.44,2.59,1,281.98,5.0
SH01925,2025-06-02,Delhi,West,Delhi → West,TransGo,Road,Standard,Rain,207.9,1572.7,4.56,1.02,55.78,51.73,4.05,1,201.52,4.0
SH01926,2025-06-02,Bengaluru,North,Bengaluru → North,BlueLine,Air,Express,Clear,64.3,2403.3,3.65,1.031,23.44,31.53,0.0,0,379.25,4.0
SH01927,2025-06-02,Bengaluru,South,Bengaluru → South,BlueLine,Road,Standard,Storm,465.6,255.6,4.06,1.018,35.32,19.6,15.72,1,81.22,4.0
SH01928,2025-06-02,Mumbai,North,Mumbai → North,SwiftMove,Road,Standard,Rain,94.3,1408.2,5.25,1.017,42.16,50.09,0.0,0,193.41,3.0
SH01929,2025-06-02,Nagpur,East,Nagpur → East,RapidFreight,Air,Express,Rain,1373.7,1140.2,7.52,1.022,29.79,28.14,1.65,1,1923.41,4.0
SH01930,2025-06-02,Bengaluru,East,Bengaluru → East,BlueLine,Air,Express,Rain,627.8,2148.2,5.81,1.006,29.55,31.08,0.0,0,879.32,4.0
SH01931,2025-06-02,Bengaluru,North,Bengaluru → North,TransGo,Rail,Standard,Storm,,2408.5,4.66,1.03,115.33,106.51,8.81,1,186.25,4.0
SH01932,2025-06-02,Bengaluru,West,Bengaluru → West,RapidFreight,Rail,Standard,Rain,690.4,1111.7,6.47,1.007,58.87,65.09,0.0,0,130.67,3.0
SH01933,2025-06-02,Delhi,South,Delhi → South,SwiftMove,Rail,Standard,Rain,471.0,2037.9,5.53,1.003,89.36,95.25,0.0,0,178.34,5.0
SH01934,2025-06-02,Kolkata,North,Kolkata → North,SwiftMove,Rail,Standard,Clear,387.5,1647.0,4.29,1.017,76.21,83.91,0.0,0,170.97,5.0
SH01935,2025-06-02,Mumbai,South,Mumbai → South,RapidFreight,Road,Standard,Rain,226.6,1074.8,6.75,1.015,34.34,42.1,0.0,0,178.7,5.0
SH01936,2025-06-02,Nagpur,West,Nagpur → West,SwiftMove,Road,Express,Clear,107.9,810.2,5.9,1.005,25.12,28.24,0.0,0,131.6,5.0
SH01937,2025-06-02,Delhi,South,Delhi → South,SwiftMove,Rail,Standard,Clear,285.5,2312.0,5.58,1.014,93.77,104.0,0.0,0,202.54,5.0
SH01938,2025-06-03,Kolkata,West,Kolkata → West,BlueLine,Rail,Standard,Fog,86.0,2218.6,6.7,1.004,104.17,102.17,1.99,1,194.87,5.0
SH01939,2025-06-03,Mumbai,West,Mumbai → West,BlueLine,Road,Standard,Rain,144.1,83.1,5.37,1.027,20.84,18.34,2.5,1,26.69,5.0
SH01940,2025-06-03,Bengaluru,West,Bengaluru → West,RapidFreight,Road,Standard,Clear,188.0,1053.7,5.53,1.024,28.82,38.72,0.0,0,177.56,5.0
SH01941,2025-06-03,Bengaluru,South,Bengaluru → South,SwiftMove,Road,Standard,Clear,149.4,349.0,6.2,1.011,15.94,21.84,0.0,0,68.73,4.0
SH01942,2025-06-03,Delhi,East,Delhi → East,TransGo,Road,Standard,Rain,26.2,1586.9,4.43,1.017,54.82,52.07,2.75,1,166.65,5.0
SH01943,2025-06-03,Mumbai,North,Mumbai → North,BlueLine,Road,Standard,Rain,84.9,1523.8,7.94,1.033,57.36,52.86,4.5,1,198.75,5.0
SH01944,2025-06-03,Delhi,South,Delhi → South,BlueLine,Road,Standard,Rain,143.5,2227.6,5.29,1.026,64.52,67.42,0.0,0,308.57,5.0
SH01945,2025-06-03,Mumbai,East,Mumbai → East,TransGo,Road,Standard,Storm,411.7,2238.0,5.93,1.019,81.42,69.97,11.45,1,304.2,4.0
SH01946,2025-06-03,Nagpur,West,Nagpur → West,BlueLine,Air,Express,Clear,206.1,903.2,4.14,1.012,20.75,27.72,0.0,0,358.55,5.0
SH01947,2025-06-03,Nagpur,East,Nagpur → East,RapidFreight,Air,Express,Rain,95.3,1129.0,3.94,1.005,24.41,28.12,0.0,0,335.01,4.0
SH01948,2025-06-04,Nagpur,East,Nagpur → East,RapidFreight,Air,Express,Clear,230.2,1064.9,7.35,1.026,22.59,28.01,0.0,0,525.4,4.0
SH01949,2025-06-04,Nagpur,West,Nagpur → West,BlueLine,Road,Standard,Storm,31.2,839.0,4.72,1.033,32.74,32.43,0.32,1,110.98,5.0
SH01950,2025-06-04,Delhi,West,Delhi → West,BlueLine,Road,Standard,Rain,1510.3,1463.9,3.77,1.017,47.48,49.12,0.0,0,262.2,4.0
SH01951,2025-06-04,Kolkata,North,Kolkata → North,TransGo,Road,Standard,Rain,537.7,1719.5,5.7,1.007,59.52,56.4,3.12,1,230.18,4.0
SH01952,2025-06-04,Kolkata,Central,Kolkata → Central,RapidFreight,Road,Standard,Rain,242.9,1065.4,5.31,1.012,38.33,40.73,0.0,0,166.6,5.0
SH01953,2025-06-04,Bengaluru,East,Bengaluru → East,BlueLine,Road,Standard,Rain,512.1,1927.3,6.17,1.011,53.83,59.65,0.0,0,237.57,5.0
SH01954,2025-06-04,Mumbai,South,Mumbai → South,BlueLine,Road,Standard,Rain,319.3,1076.3,5.51,1.023,37.7,42.14,0.0,0,161.4,4.0
SH01955,2025-06-04,Mumbai,South,Mumbai → South,SwiftMove,Road,Standard,Clear,84.9,1010.2,8.13,1.019,34.2,40.55,0.0,0,132.01,4.0
SH01956,2025-06-04,Nagpur,West,Nagpur → West,SwiftMove,Road,Standard,Storm,923.4,942.4,4.27,1.031,53.83,34.9,18.92,1,199.55,3.0
SH01957,2025-06-04,Mumbai,South,Mumbai → South,TransGo,Road,Standard,Storm,260.9,961.7,3.74,1.017,54.26,39.39,14.87,1,142.26,4.0
SH01958,2025-06-04,Mumbai,South,Mumbai → South,RapidFreight,Road,Standard,Clear,151.3,981.4,5.27,1.004,30.43,39.86,0.0,0,156.37,4.0
SH01959,2025-06-04,Bengaluru,East,Bengaluru → East,TransGo,Rail,Standard,Storm,576.1,1950.1,3.51,1.019,94.94,91.87,3.07,1,160.21,5.0
SH01960,2025-06-04,Nagpur,West,Nagpur → West,SwiftMove,Air,Express,Rain,83.1,823.3,5.51,0.995,23.08,27.58,0.0,0,221.15,5.0
SH01961,2025-06-04,Mumbai,West,Mumbai → West,SwiftMove,Road,Standard,Rain,285.9,210.6,6.4,1.003,23.65,21.4,2.25,1,59.57,5.0
SH01962,2025-06-05,Mumbai,West,Mumbai → West,TransGo,Road,Express,Rain,136.0,264.8,8.02,1.029,27.02,21.55,5.47,1,48.89,4.0
SH01963,2025-06-05,Mumbai,South,Mumbai → South,SwiftMove,Air,Express,Clear,263.7,1011.0,6.9,1.024,23.04,31.94,0.0,0,440.14,5.0
SH01964,2025-06-05,Mumbai,East,Mumbai → East,RapidFreight,Road,Standard,Clear,1106.8,2061.3,6.13,1.014,51.43,65.74,0.0,0,417.05,5.0
SH01965,2025-06-05,Nagpur,West,Nagpur → West,BlueLine,Road,Standard,Clear,2779.9,861.2,8.8,1.027,32.18,32.96,0.0,0,247.81,5.0
SH01966,2025-06-05,Mumbai,West,Mumbai → West,RapidFreight,Road,Standard,Rain,182.6,348.2,7.25,1.022,28.28,24.69,3.59,1,77.4,5.0
SH01967,2025-06-05,Kolkata,Central,Kolkata → Central,SwiftMove,Road,Express,Rain,129.1,1084.0,7.32,1.032,28.91,36.5,0.0,0,188.05,5.0
SH01968,2025-06-05,Bengaluru,North,Bengaluru → North,RapidFreight,Road,Express,Clear,140.8,2041.9,4.48,1.018,40.99,53.59,0.0,0,385.18,5.0
SH01969,2025-06-05,Nagpur,Central,Nagpur → Central,SwiftMove,Road,Standard,Clear,307.9,290.8,4.28,1.015,12.05,19.29,0.0,0,68.84,5.0
SH01970,2025-06-05,Mumbai,Central,Mumbai → Central,TransGo,Road,Standard,Rain,1685.4,777.5,9.35,1.023,46.96,34.98,11.98,1,186.63,4.0
SH01971,2025-06-05,Mumbai,South,Mumbai → South,TransGo,Road,Standard,Rain,98.5,1007.4,7.92,1.009,41.15,40.48,0.67,1,126.6,5.0
SH01972,2025-06-05,Delhi,South,Delhi → South,TransGo,Road,Express,Clear,84.5,1984.1,5.13,1.021,45.25,53.03,0.0,0,298.23,4.0
SH01973,2025-06-05,Nagpur,West,Nagpur → West,RapidFreight,Rail,Standard,Clear,311.0,939.4,1.0,1.015,50.08,58.43,0.0,0,119.33,4.0
SH01974,2025-06-05,Delhi,South,Delhi → South,TransGo,Rail,Standard,Clear,81.8,2092.9,6.03,1.01,85.4,97.01,0.0,0,148.37,5.0
SH01975,2025-06-06,Nagpur,Central,Nagpur → Central,BlueLine,Road,Standard,Rain,468.6,95.1,3.77,1.026,14.11,14.6,0.0,0,52.73,4.0
SH01976,2025-06-06,Nagpur,South,Nagpur → South,BlueLine,Rail,Standard,Clear,1057.8,1127.4,6.0,1.014,61.95,64.44,0.0,0,139.22,4.0
SH01977,2025-06-06,Kolkata,South,Kolkata → South,SwiftMove,Road,Express,Clear,49.1,1824.5,2.41,1.026,41.6,51.04,0.0,0,265.49,4.0
SH01978,2025-06-06,Mumbai,South,Mumbai → South,TransGo,Road,Standard,Rain,353.2,968.0,7.33,1.015,41.87,39.54,2.33,1,120.22,4.0
SH01979,2025-06-06,Bengaluru,South,Bengaluru → South,TransGo,Road,Standard,Rain,288.4,285.6,5.99,1.015,28.68,20.32,8.36,1,52.4,4.0
SH01980,2025-06-06,Mumbai,South,Mumbai → South,SwiftMove,Road,Standard,Rain,176.3,909.7,8.84,1.007,36.73,38.14,0.0,0,136.65,5.0
SH01981,2025-06-06,Nagpur,Central,Nagpur → Central,RapidFreight,Road,Standard,Clear,96.1,163.9,4.51,1.02,8.25,16.25,0.0,0,41.81,4.0
SH01982,2025-06-06,Bengaluru,East,Bengaluru → East,SwiftMove,Road,Standard,Clear,268.3,1825.6,3.2,1.02,46.78,57.21,0.0,0,224.86,5.0
SH01983,2025-06-06,Delhi,South,Delhi → South,BlueLine,Road,Standard,Clear,185.9,1979.6,6.01,1.037,50.83,61.48,0.0,0,256.96,5.0
SH01984,2025-06-06,Mumbai,West,Mumbai → West,RapidFreight,Road,Express,Rain,,290.8,8.34,1.028,24.85,22.06,2.78,1,85.87,5.0
SH01985,2025-06-06,Nagpur,South,Nagpur → South,BlueLine,Rail,Standard,Rain,73.7,1097.3,5.09,1.014,52.69,63.48,0.0,0,104.69,5.0
SH01986,2025-06-07,Kolkata,West,Kolkata → West,RapidFreight,Road,Express,Storm,266.0,2136.3,5.16,1.013,54.79,57.17,0.0,0,477.32,5.0
SH01987,2025-06-07,Bengaluru,North,Bengaluru → North,SwiftMove,Road,Standard,Clear,339.4,2079.1,5.2,1.013,52.7,63.29,0.0,0,341.62,5.0
SH01988,2025-06-07,Delhi,West,Delhi → West,TransGo,Rail,Standard,Rain,322.3,1307.9,7.09,1.014,58.0,71.93,0.0,0,108.18,5.0
SH01989,2025-06-07,Bengaluru,South,Bengaluru → South,TransGo,Road,Standard,Fog,744.7,175.8,5.7,1.006,23.06,17.69,5.37,1,68.75,4.0
SH01990,2025-06-07,Nagpur,Central,Nagpur → Central,SwiftMove,Road,Express,Rain,112.9,348.9,6.43,1.008,21.99,19.18,2.81,1,75.5,5.0
SH01991,2025-06-07,Nagpur,East,Nagpur → East,TransGo,Road,Standard,Rain,,1044.8,2.58,1.014,38.35,37.36,0.99,1,134.15,4.0
SH01992,2025-06-07,Kolkata,North,Kolkata → North,BlueLine,Air,Express,Clear,208.2,1680.2,5.17,1.01,24.32,31.97,0.0,0,443.21,4.0
SH01993,2025-06-07,Bengaluru,East,Bengaluru → East,SwiftMove,Road,Express,Clear,83.6,1809.4,5.52,1.019,35.13,49.02,0.0,0,302.27,4.0
SH01994,2025-06-07,Bengaluru,South,Bengaluru → South,SwiftMove,Road,Standard,Fog,130.7,169.3,2.11,1.027,10.68,17.53,0.0,0,44.2,5.0
SH01995,2025-06-07,Mumbai,East,Mumbai → East,SwiftMove,Road,Standard,Clear,213.7,2147.0,8.97,1.024,55.43,67.79,0.0,0,294.11,5.0
SH01996,2025-06-07,Kolkata,East,Kolkata → East,SwiftMove,Road,Standard,Clear,62.5,335.6,5.12,1.004,17.76,23.24,0.0,0,56.02,5.0
SH01997,2025-06-07,Delhi,North,Delhi → North,SwiftMove,Road,Standard,Rain,1057.3,68.2,3.92,1.033,14.36,15.68,0.0,0,87.85,5.0
SH01998,2025-06-08,Bengaluru,East,Bengaluru → East,RapidFreight,Rail,Standard,Rain,177.7,2002.9,6.69,1.025,90.38,93.56,0.0,0,217.79,4.0
SH01999,2025-06-08,Mumbai,Central,Mumbai → Central,SwiftMove,Road,Standard,Rain,446.1,809.6,4.21,1.017,34.52,35.75,0.0,0,126.12,5.0
SH02000,2025-06-08,Delhi,South,Delhi → South,SwiftMove,Rail,Standard,Rain,304.7,2233.9,5.57,1.027,104.04,101.51,2.53,1,190.21,5.0
SH02001,2025-06-08,Mumbai,West,Mumbai → West,TransGo,Road,Express,Rain,47.4,78.5,6.47,1.009,23.61,17.89,5.72,1,24.83,5.0
SH02002,2025-06-08,Nagpur,South,Nagpur → South,SwiftMove,Rail,Standard,Rain,200.8,1017.0,5.93,1.02,53.07,60.91,0.0,0,93.38,5.0
SH02003,2025-06-08,Delhi,North,Delhi → North,RapidFreight,Road,Standard,Clear,124.7,249.9,6.86,1.04,12.68,20.04,0.0,0,56.83,5.0
SH02004,2025-06-08,Nagpur,West,Nagpur → West,TransGo,Air,Express,Rain,571.1,857.9,3.76,1.035,34.12,27.64,6.47,1,696.57,4.0
SH02005,2025-06-08,Bengaluru,West,Bengaluru → West,RapidFreight,Road,Standard,Clear,65.0,1093.9,7.44,1.003,33.38,39.68,0.0,0,186.36,4.0
SH02006,2025-06-08,Bengaluru,North,Bengaluru → North,BlueLine,Road,Standard,Rain,355.7,2464.1,7.07,1.016,69.23,72.51,0.0,0,265.01,5.0
SH02007,2025-06-08,Mumbai,West,Mumbai → West,BlueLine,Road,Standard,Clear,428.2,320.7,5.94,1.019,22.26,24.03,0.0,0,61.02,5.0
SH02008,2025-06-08,Bengaluru,North,Bengaluru → North,RapidFreight,Road,Standard,Clear,419.1,2439.0,5.33,1.023,49.55,71.91,0.0,0,441.28,5.0
SH02009,2025-06-08,Mumbai,Central,Mumbai → Central,SwiftMove,Rail,Standard,Rain,1458.4,913.7,4.53,1.005,53.29,61.64,0.0,0,155.78,5.0
SH02010,2025-06-08,Kolkata,Central,Kolkata → Central,TransGo,Road,Standard,Rain,106.5,1039.4,3.59,1.033,38.67,40.1,0.0,0,122.75,4.0
SH02011,2025-06-08,Delhi,Central,Delhi → Central,SwiftMove,Road,Standard,Clear,458.5,1176.4,4.61,1.026,29.71,42.23,0.0,0,165.9,5.0
SH02012,2025-06-08,Delhi,East,Delhi → East,SwiftMove,Road,Standard,Storm,118.1,1456.6,6.67,0.995,58.4,48.95,9.45,1,200.77,4.0
SH02013,2025-06-08,Bengaluru,South,Bengaluru → South,TransGo,Road,Standard,Clear,305.0,145.1,6.84,1.018,18.34,16.95,1.39,1,40.18,4.0
SH02014,2025-06-08,Mumbai,North,Mumbai → North,SwiftMove,Rail,Standard,Clear,181.8,1582.9,6.13,1.01,74.92,83.02,0.0,0,163.87,5.0
SH02015,2025-06-09,Delhi,South,Delhi → South,BlueLine,Air,Express,Rain,279.5,2150.1,4.4,0.997,34.72,31.65,3.07,1,586.81,4.0
SH02016,2025-06-09,Mumbai,North,Mumbai → North,BlueLine,Rail,Standard,Rain,176.1,1543.1,6.75,1.019,73.94,81.74,0.0,0,133.16,5.0
SH02017,2025-06-09,Bengaluru,North,Bengaluru → North,BlueLine,Road,Express,Clear,56.0,2110.5,4.96,1.018,41.99,54.94,0.0,0,335.38,4.0
SH02018,2025-06-09,Mumbai,North,Mumbai → North,RapidFreight,Rail,Standard,Storm,42.6,1493.3,5.8,1.027,83.23,80.15,3.08,1,142.79,5.0
SH02019,2025-06-09,Bengaluru,Central,Bengaluru → Central,RapidFreight,Rail,Standard,Clear,1274.3,1135.5,4.76,1.016,57.46,65.85,0.0,0,195.24,4.0
SH02020,2025-06-09,Bengaluru,Central,Bengaluru → Central,RapidFreight,Air,Express,Rain,31.5,961.8,5.85,1.033,24.38,28.98,0.0,0,219.53,4.0
SH02021,2025-06-09,Delhi,South,Delhi → South,TransGo,Road,Standard,Rain,130.8,2421.0,4.66,1.024,67.2,72.05,0.0,0,276.79,
SH02022,2025-06-09,Bengaluru,Central,Bengaluru → Central,RapidFreight,Road,Express,Storm,190.1,956.7,4.46,1.021,24.52,32.27,0.0,0,204.99,5.0
SH02023,2025-06-09,Nagpur,South,Nagpur → South,TransGo,Road,Express,Rain,174.4,1148.2,5.49,1.013,35.61,34.88,0.73,1,174.94,4.0
SH02024,2025-06-09,Nagpur,West,Nagpur → West,SwiftMove,Road,Standard,Storm,693.9,885.3,5.21,1.028,43.07,33.54,9.54,1,176.38,4.0
SH02025,2025-06-09,Bengaluru,West,Bengaluru → West,TransGo,Road,Standard,Rain,246.7,915.1,4.47,1.023,36.89,35.4,1.49,1,143.68,5.0
SH02026,2025-06-09,Nagpur,West,Nagpur → West,BlueLine,Road,Standard,Clear,437.5,821.1,5.1,1.016,24.85,32.0,0.0,0,117.03,5.0
SH02027,2025-06-09,Delhi,South,Delhi → South,BlueLine,Rail,Standard,Rain,175.3,2205.8,4.04,1.012,91.37,100.61,0.0,0,168.02,4.0
SH02028,2025-06-10,Mumbai,North,Mumbai → North,TransGo,Road,Standard,Clear,65.3,1365.6,6.38,1.018,39.04,49.07,0.0,0,154.87,5.0
SH02029,2025-06-10,Delhi,West,Delhi → West,BlueLine,Rail,Standard,Clear,80.9,1300.8,5.84,1.033,54.47,71.7,0.0,0,109.89,5.0
SH02030,2025-06-10,Delhi,East,Delhi → East,BlueLine,Rail,Standard,Clear,365.2,1471.2,4.27,1.023,62.5,77.15,0.0,0,142.1,4.0
SH02031,2025-06-10,Mumbai,South,Mumbai → South,RapidFreight,Road,Standard,Clear,118.5,919.0,6.5,1.018,29.87,38.37,0.0,0,150.96,5.0
SH02032,2025-06-10,Nagpur,Central,Nagpur → Central,BlueLine,Road,Standard,Rain,1549.4,285.7,4.76,1.009,17.66,19.17,0.0,0,142.98,5.0
SH02033,2025-06-10,Mumbai,North,Mumbai → North,RapidFreight,Road,Standard,Rain,180.7,1376.2,5.37,1.003,42.2,49.32,0.0,0,205.97,4.0
SH02034,2025-06-10,Delhi,West,Delhi → West,RapidFreight,Road,Standard,Clear,529.6,1504.4,3.38,1.039,36.41,50.09,0.0,0,251.86,5.0
SH02035,2025-06-10,Delhi,West,Delhi → West,SwiftMove,Rail,Standard,Rain,146.1,1421.9,6.5,1.011,70.92,75.57,0.0,0,146.02,5.0
SH02036,2025-06-10,Mumbai,South,Mumbai → South,SwiftMove,Road,Standard,Clear,242.5,946.3,7.5,1.034,36.31,39.02,0.0,0,153.02,5.0
SH02037,2025-06-10,Kolkata,South,Kolkata → South,RapidFreight,Road,Express,Rain,110.6,1926.1,4.49,1.026,39.72,53.04,0.0,0,384.89,5.0
SH02038,2025-06-11,Nagpur,South,Nagpur → South,SwiftMove,Air,Express,Rain,501.8,1020.1,5.91,1.01,29.56,27.93,1.63,1,662.91,4.0
SH02039,2025-06-11,Mumbai,Central,Mumbai → Central,SwiftMove,Road,Standard,Storm,218.8,785.4,6.71,1.004,44.54,35.17,9.38,1,120.87,4.0
SH02040,2025-06-11,Delhi,South,Delhi → South,TransGo,Road,Standard,Rain,87.4,2025.6,7.23,1.005,60.38,62.58,0.0,0,227.14,5.0
SH02041,2025-06-11,Mumbai,West,Mumbai → West,RapidFreight,Road,Express,Clear,116.8,285.9,5.15,1.0,14.32,21.97,0.0,0,81.3,
SH02042,2025-06-11,Bengaluru,North,Bengaluru → North,TransGo,Rail,Standard,Clear,427.2,2162.9,7.2,1.016,86.66,98.67,0.0,0,170.97,5.0
SH02043,2025-06-11,Bengaluru,Central,Bengaluru → Central,SwiftMove,Road,Standard,Rain,109.8,1030.0,4.14,1.032,41.82,38.15,3.67,1,126.12,4.0
SH02044,2025-06-11,Delhi,West,Delhi → West,TransGo,Road,Standard,Rain,391.0,1344.3,6.63,1.012,47.93,46.26,1.68,1,156.0,5.0
SH02045,2025-06-11,Nagpur,South,Nagpur → South,BlueLine,Road,Standard,Rain,52.9,1041.8,4.5,1.007,34.3,37.28,0.0,0,138.07,4.0
SH02046,2025-06-11,Delhi,Central,Delhi → Central,TransGo,Road,Standard,Clear,70.9,973.7,2.73,1.014,32.3,37.38,0.0,0,117.93,4.0
SH02047,2025-06-11,Bengaluru,North,Bengaluru → North,BlueLine,Road,Standard,Rain,174.3,2059.4,5.75,1.029,50.28,62.82,0.0,0,265.24,5.0
SH02048,2025-06-12,Bengaluru,South,Bengaluru → South,BlueLine,Road,Standard,Clear,230.3,182.1,1.91,1.03,10.22,17.84,0.0,0,34.54,
SH02049,2025-06-12,Nagpur,South,Nagpur → South,SwiftMove,Road,Express,Rain,283.1,1075.3,5.76,1.03,29.36,33.45,0.0,0,210.92,5.0
SH02050,2025-06-12,Bengaluru,East,Bengaluru → East,SwiftMove,Road,Standard,Fog,228.6,1998.2,2.99,1.04,56.7,61.35,0.0,0,248.34,5.0
SH02051,2025-06-12,Mumbai,South,Mumbai → South,SwiftMove,Rail,Standard,Rain,379.4,947.0,4.79,1.017,59.05,62.7,0.0,0,110.83,4.0
SH02052,2025-06-12,Delhi,South,Delhi → South,TransGo,Road,Standard,Storm,1292.2,2140.7,6.64,1.03,90.25,65.34,24.91,1,354.54,4.0
SH02053,2025-06-12,Nagpur,South,Nagpur → South,SwiftMove,Rail,Standard,Clear,138.4,1039.8,3.82,1.029,52.47,61.64,0.0,0,93.68,4.0
SH02054,2025-06-12,Bengaluru,South,Bengaluru → South,TransGo,Road,Standard,Fog,183.3,272.2,4.63,1.028,25.4,20.0,5.4,1,46.36,
SH02055,2025-06-12,Kolkata,East,Kolkata → East,BlueLine,Road,Standard,Clear,464.4,173.0,2.88,1.028,13.04,19.34,0.0,0,59.48,4.0
SH02056,2025-06-12,Bengaluru,South,Bengaluru → South,TransGo,Road,Standard,Rain,250.9,233.4,5.24,1.018,25.41,19.07,6.34,1,45.35,4.0
SH02057,2025-06-13,Bengaluru,Central,Bengaluru → Central,BlueLine,Road,Standard,Rain,124.4,934.7,3.97,1.034,33.03,35.87,0.0,0,122.61,4.0
SH02058,2025-06-13,Mumbai,East,Mumbai → East,BlueLine,Rail,Standard,Rain,676.5,1964.0,4.52,1.029,78.58,95.19,0.0,0,174.72,5.0
SH02059,2025-06-13,Bengaluru,East,Bengaluru → East,SwiftMove,Road,Standard,Clear,149.6,1777.6,4.72,1.015,44.97,56.06,0.0,0,230.82,4.0
SH02060,2025-06-13,Kolkata,Central,Kolkata → Central,BlueLine,Rail,Standard,Rain,63.3,1205.3,4.88,1.012,66.49,69.8,0.0,0,115.65,5.0
SH02061,2025-06-13,Bengaluru,West,Bengaluru → West,RapidFreight,Road,Standard,Clear,101.2,1073.8,5.16,1.019,28.01,39.2,0.0,0,176.68,5.0
SH02062,2025-06-13,Delhi,East,Delhi → East,SwiftMove,Rail,Standard,Rain,161.3,1456.3,5.56,1.009,62.46,76.67,0.0,0,111.75,5.0
SH02063,2025-06-13,Bengaluru,South,Bengaluru → South,TransGo,Road,Standard,Rain,39.9,253.0,3.24,1.029,23.72,19.54,4.18,1,49.42,5.0
SH02064,2025-06-14,Mumbai,East,Mumbai → East,BlueLine,Road,Standard,Rain,552.0,2141.4,6.44,1.021,59.54,67.65,0.0,0,328.9,4.0
SH02065,2025-06-14,Bengaluru,East,Bengaluru → East,TransGo,Road,Standard,Storm,77.6,1842.7,2.77,1.025,74.68,57.62,17.06,1,255.34,3.0
SH02066,2025-06-14,Bengaluru,West,Bengaluru → West,BlueLine,Road,Standard,Rain,443.3,1008.2,5.05,1.026,36.63,37.63,0.0,0,163.55,4.0
SH02067,2025-06-14,Nagpur,Central,Nagpur → Central,SwiftMove,Road,Standard,Rain,529.1,146.4,4.64,1.018,17.93,15.83,2.1,1,65.44,4.0
SH02068,2025-06-14,Bengaluru,South,Bengaluru → South,RapidFreight,Road,Standard,Clear,202.9,141.9,5.45,1.023,9.03,16.87,0.0,0,44.64,5.0
SH02069,2025-06-14,Mumbai,North,Mumbai → North,BlueLine,Rail,Standard,Clear,4226.4,1520.9,5.31,1.011,78.33,81.03,0.0,0,307.24,4.0
SH02070,2025-06-15,Mumbai,East,Mumbai → East,SwiftMove,Road,Standard,Rain,82.3,1943.2,7.74,1.004,54.48,62.91,0.0,0,295.08,4.0
SH02071,2025-06-15,Kolkata,South,Kolkata → South,SwiftMove,Air,Express,Rain,141.6,1874.7,5.61,1.019,25.32,32.32,0.0,0,396.91,4.0
SH02072,2025-06-15,Bengaluru,West,Bengaluru → West,BlueLine,Rail,Standard,Clear,112.3,955.8,3.75,1.017,51.6,60.11,0.0,0,86.98,5.0
SH02073,2025-06-15,Kolkata,Central,Kolkata → Central,RapidFreight,Rail,Standard,Rain,73.8,1210.7,3.18,1.008,49.41,69.98,0.0,0,144.98,5.0
SH02074,2025-06-15,Mumbai,West,Mumbai → West,BlueLine,Road,Express,Clear,336.3,105.2,6.08,1.018,14.69,18.42,0.0,0,50.55,4.0
SH02075,2025-06-15,Delhi,East,Delhi → East,SwiftMove,Road,Express,Clear,99.7,1588.9,3.47,1.035,32.17,45.26,0.0,0,243.25,5.0
SH02076,2025-06-15,Bengaluru,West,Bengaluru → West,TransGo,Air,Express,Rain,93.3,947.8,4.95,1.018,33.22,28.95,4.27,1,205.22,4.0
SH02077,2025-06-15,Nagpur,North,Nagpur → North,RapidFreight,Road,Standard,Clear,399.6,1193.2,2.84,1.026,29.66,40.91,0.0,0,208.97,5.0
SH02078,2025-06-15,Delhi,South,Delhi → South,TransGo,Road,Standard,Rain,51.2,2235.2,5.25,1.017,69.47,67.6,1.87,1,240.93,5.0
SH02079,2025-06-15,Bengaluru,West,Bengaluru → West,RapidFreight,Road,Standard,Clear,764.9,1058.8,6.57,1.014,37.49,38.84,0.0,0,219.7,5.0
SH02080,2025-06-15,Bengaluru,South,Bengaluru → South,SwiftMove,Road,Standard,Clear,599.8,113.5,4.89,1.005,10.65,16.19,0.0,0,57.66,5.0
SH02081,2025-06-15,Delhi,South,Delhi → South,SwiftMove,Rail,Standard,Rain,250.1,2001.0,5.38,1.032,83.39,94.07,0.0,0,185.54,5.0
SH02082,2025-06-15,Bengaluru,West,Bengaluru → West,BlueLine,Road,Standard,Rain,237.1,904.1,5.9,1.005,36.32,35.14,1.18,1,116.85,4.0
SH02083,2025-06-15,Mumbai,East,Mumbai → East,SwiftMove,Road,Standard,Rain,,1951.9,6.05,1.018,53.35,63.11,0.0,0,256.52,5.0
SH02084,2025-06-15,Mumbai,South,Mumbai → South,SwiftMove,Air,Express,Rain,84.8,913.6,5.25,1.017,28.95,31.77,0.0,0,231.84,5.0
SH02085,2025-06-16,Delhi,East,Delhi → East,SwiftMove,Road,Standard,Rain,43.0,1488.4,9.74,1.006,51.75,49.71,2.04,1,184.6,
SH02086,2025-06-16,Delhi,Central,Delhi → Central,BlueLine,Air,Express,Clear,446.5,967.2,6.25,1.017,23.57,29.56,0.0,0,669.42,4.0
SH02087,2025-06-16,Delhi,South,Delhi → South,BlueLine,Rail,Standard,Clear,63.1,2211.2,7.55,1.027,73.82,100.79,0.0,0,182.48,5.0
SH02088,2025-06-16,Mumbai,Central,Mumbai → Central,BlueLine,Road,Standard,Rain,346.2,843.7,4.03,1.019,30.81,36.56,0.0,0,115.17,5.0
SH02089,2025-06-16,Kolkata,East,Kolkata → East,TransGo,Road,Standard,Clear,826.0,149.4,3.97,1.025,16.6,18.78,0.0,0,67.39,
SH02090,2025-06-16,Mumbai,South,Mumbai → South,SwiftMove,Road,Express,Rain,23.3,954.0,7.19,1.021,32.8,35.09,0.0,0,142.58,5.0
SH02091,2025-06-16,Delhi,Central,Delhi → Central,TransGo,Road,Standard,Rain,206.1,1108.8,7.51,1.014,40.64,40.62,0.02,1,150.05,5.0
SH02092,2025-06-16,Delhi,West,Delhi → West,BlueLine,Road,Standard,Clear,379.4,1366.6,5.39,1.019,36.6,46.79,0.0,0,174.73,4.0
SH02093,2025-06-16,Bengaluru,East,Bengaluru → East,TransGo,Road,Express,Rain,530.5,2125.0,4.8,1.024,60.69,55.22,5.47,1,374.83,4.0
SH02094,2025-06-16,Kolkata,West,Kolkata → West,TransGo,Rail,Standard,Clear,60.4,1937.0,5.23,1.014,83.26,93.18,0.0,0,155.94,4.0
SH02095,2025-06-16,Bengaluru,West,Bengaluru → West,SwiftMove,Road,Standard,Clear,131.2,1029.2,7.92,1.003,31.58,38.13,0.0,0,136.5,5.0
SH02096,2025-06-16,Mumbai,East,Mumbai → East,RapidFreight,Road,Standard,Rain,181.1,1850.1,6.95,1.027,53.87,60.68,0.0,0,300.17,5.0
SH02097,2025-06-16,Mumbai,North,Mumbai → North,BlueLine,Rail,Standard,Storm,111.7,1514.1,9.34,1.023,98.03,80.82,17.21,1,141.8,5.0
SH02098,2025-06-16,Mumbai,West,Mumbai → West,TransGo,Road,Standard,Fog,,173.2,5.94,1.019,23.01,20.5,2.51,1,50.22,4.0
SH02099,2025-06-17,Delhi,West,Delhi → West,TransGo,Rail,Standard,Rain,158.2,1567.0,5.03,1.016,76.04,80.21,0.0,0,123.58,5.0
SH02100,2025-06-17,Delhi,West,Delhi → West,BlueLine,Air,Express,Clear,365.2,1546.3,5.48,1.031,23.75,30.59,0.0,0,539.71,
SH02101,2025-06-17,Mumbai,North,Mumbai → North,BlueLine,Road,Standard,Rain,,1574.4,6.72,1.026,56.82,54.07,2.75,1,206.38,4.0
SH02102,2025-06-17,Delhi,South,Delhi → South,TransGo,Road,Standard,Rain,322.7,2284.4,6.87,1.019,68.45,68.78,0.0,0,290.79,4.0
SH02103,2025-06-17,Kolkata,South,Kolkata → South,TransGo,Air,Express,Clear,394.9,1909.4,5.2,1.022,31.34,32.38,0.0,0,533.79,4.0
SH02104,2025-06-17,Nagpur,West,Nagpur → West,BlueLine,Road,Standard,Clear,415.1,812.0,4.08,1.021,24.89,31.78,0.0,0,136.48,5.0
SH02105,2025-06-17,Mumbai,North,Mumbai → North,RapidFreight,Road,Standard,Clear,212.4,1420.3,4.82,1.023,39.0,50.38,0.0,0,233.48,4.0
SH02106,2025-06-17,Kolkata,South,Kolkata → South,BlueLine,Road,Standard,Clear,128.6,2133.8,5.64,1.02,60.73,66.32,0.0,0,269.43,5.0
SH02107,2025-06-17,Bengaluru,North,Bengaluru → North,TransGo,Air,Express,Clear,528.0,1992.3,4.94,1.022,32.62,30.8,1.82,1,713.8,4.0
SH02108,2025-06-17,Mumbai,Central,Mumbai → Central,RapidFreight,Road,Standard,Rain,309.9,951.0,7.55,1.017,36.82,39.13,0.0,0,183.02,5.0
SH02109,2025-06-17,Mumbai,West,Mumbai → West,SwiftMove,Road,Standard,Clear,105.5,254.3,5.46,1.024,16.42,22.44,0.0,0,52.62,5.0
SH02110,2025-06-17,Mumbai,North,Mumbai → North,RapidFreight,Road,Standard,Rain,554.0,1361.8,5.62,1.01,42.72,48.98,0.0,0,274.3,5.0
SH02111,2025-06-17,Delhi,East,Delhi → East,BlueLine,Rail,Standard,Rain,533.0,1696.8,7.14,0.999,72.56,84.35,0.0,0,145.7,4.0
SH02112,2025-06-17,Mumbai,South,Mumbai → South,TransGo,Road,Standard,Clear,67.8,1030.2,3.96,1.005,36.77,41.03,0.0,0,111.28,4.0
SH02113,2025-06-17,Kolkata,East,Kolkata → East,BlueLine,Road,Express,Rain,456.8,77.6,5.18,1.015,20.23,16.73,3.5,1,58.42,4.0
SH02114,2025-06-18,Bengaluru,West,Bengaluru → West,BlueLine,Road,Standard,Clear,3991.8,963.9,2.66,1.017,29.88,36.57,0.0,0,377.46,5.0
SH02115,2025-06-18,Delhi,Central,Delhi → Central,SwiftMove,Road,Standard,Rain,708.0,1092.8,4.94,1.017,36.44,40.23,0.0,0,174.04,5.0
SH02116,2025-06-18,Mumbai,South,Mumbai → South,SwiftMove,Road,Standard,Clear,450.6,1026.9,1.39,1.03,32.66,40.95,0.0,0,189.72,4.0
SH02117,2025-06-18,Bengaluru,South,Bengaluru → South,TransGo,Road,Standard,Rain,129.6,309.4,7.08,1.022,25.6,20.89,4.72,1,46.72,4.0
SH02118,2025-06-18,Nagpur,West,Nagpur → West,BlueLine,Rail,Standard,Clear,265.8,832.9,5.61,1.019,42.38,55.03,0.0,0,93.9,5.0
SH02119,2025-06-18,Mumbai,South,Mumbai → South,TransGo,Road,Standard,Rain,327.5,1062.7,7.27,1.012,39.08,41.81,0.0,0,147.75,5.0
SH02120,2025-06-18,Kolkata,East,Kolkata → East,BlueLine,Road,Standard,Rain,110.3,307.7,8.51,1.008,25.07,22.57,2.5,1,53.2,5.0
SH02121,2025-06-18,Kolkata,West,Kolkata → West,BlueLine,Road,Standard,Rain,843.3,1935.0,6.18,1.01,57.1,61.56,0.0,0,280.7,5.0
SH02122,2025-06-18,Delhi,South,Delhi → South,SwiftMove,Rail,Standard,Rain,193.2,1993.0,5.61,1.031,78.73,93.82,0.0,0,168.76,5.0
SH02123,2025-06-18,Nagpur,North,Nagpur → North,TransGo,Road,Express,Storm,54.8,1144.6,4.33,1.018,40.03,34.81,5.22,1,191.22,4.0
SH02124,2025-06-18,Kolkata,West,Kolkata → West,TransGo,Road,Standard,Clear,608.6,2148.8,6.02,1.028,61.54,66.68,0.0,0,271.39,
SH02125,2025-06-18,Kolkata,Central,Kolkata → Central,SwiftMove,Road,Express,Rain,546.3,1249.2,5.61,1.031,37.44,39.74,0.0,0,235.77,5.0
SH02126,2025-06-18,Bengaluru,East,Bengaluru → East,BlueLine,Road,Standard,Rain,231.0,1987.2,6.76,1.025,63.38,61.08,2.29,1,278.32,
SH02127,2025-06-18,Mumbai,West,Mumbai → West,BlueLine,Road,Express,Clear,297.9,128.8,4.05,1.038,13.15,18.88,0.0,0,53.96,5.0
SH02128,2025-06-18,Mumbai,North,Mumbai → North,RapidFreight,Rail,Standard,Clear,110.3,1422.2,6.25,1.029,58.42,77.88,0.0,0,163.81,4.0
SH02129,2025-06-18,Delhi,West,Delhi → West,TransGo,Road,Standard,Clear,333.6,1295.1,6.15,1.027,42.63,45.08,0.0,0,181.69,5.0
SH02130,2025-06-18,Mumbai,South,Mumbai → South,SwiftMove,Rail,Standard,Storm,185.8,1067.0,6.39,1.018,74.99,66.54,8.46,1,122.63,3.0
SH02131,2025-06-18,Delhi,East,Delhi → East,RapidFreight,Road,Standard,Clear,26.4,1605.9,5.89,1.038,38.38,52.52,0.0,0,262.39,5.0
SH02132,2025-06-18,Delhi,West,Delhi → West,RapidFreight,Road,Standard,Rain,372.3,1572.3,4.89,1.019,40.99,51.72,0.0,0,255.98,5.0
SH02133,2025-06-19,Delhi,South,Delhi → South,TransGo,Road,Standard,Clear,168.2,2048.6,4.72,1.018,57.61,63.13,0.0,0,240.33,3.0
SH02134,2025-06-19,Bengaluru,Central,Bengaluru → Central,SwiftMove,Road,Standard,Clear,211.2,997.9,5.99,1.024,30.08,37.38,0.0,0,154.58,5.0
SH02135,2025-06-19,Kolkata,South,Kolkata → South,TransGo,Road,Standard,Clear,483.3,2047.8,4.82,1.024,62.37,64.26,0.0,0,245.05,5.0
SH02136,2025-06-19,Kolkata,South,Kolkata → South,RapidFreight,Road,Standard,Rain,256.2,2077.0,5.07,1.013,57.54,64.96,0.0,0,312.36,4.0
SH02137,2025-06-19,Mumbai,West,Mumbai → West,BlueLine,Road,Standard,Clear,174.4,72.3,5.92,1.024,13.67,18.08,0.0,0,29.16,5.0
SH02138,2025-06-19,Nagpur,North,Nagpur → North,BlueLine,Road,Standard,Rain,148.4,1188.2,3.14,1.017,36.53,40.79,0.0,0,164.81,5.0
SH02139,2025-06-19,Kolkata,North,Kolkata → North,BlueLine,Road,Express,Fog,71.4,1433.7,5.05,1.004,46.56,43.37,3.2,1,224.56,5.0
SH02140,2025-06-19,Delhi,West,Delhi → West,SwiftMove,Rail,Standard,Clear,594.6,1406.6,3.18,1.022,54.59,75.08,0.0,0,124.31,5.0
SH02141,2025-06-19,Bengaluru,South,Bengaluru → South,TransGo,Road,Standard,Clear,378.9,224.7,3.87,1.005,18.14,18.86,0.0,0,53.45,5.0
SH02142,2025-06-19,Delhi,South,Delhi → South,SwiftMove,Road,Standard,Clear,528.5,2072.3,5.22,1.023,53.17,63.7,0.0,0,290.65,4.0
SH02143,2025-06-19,Kolkata,Central,Kolkata → Central,TransGo,Air,Express,Rain,404.2,1247.7,3.83,1.038,30.45,31.21,0.0,0,511.1,4.0
SH02144,2025-06-19,Mumbai,Central,Mumbai → Central,BlueLine,Road,Standard,Rain,848.3,874.8,9.2,1.028,41.61,37.31,4.31,1,146.18,4.0
SH02145,2025-06-19,Nagpur,West,Nagpur → West,BlueLine,Air,Express,Clear,464.7,799.0,4.25,1.033,21.98,27.54,0.0,0,540.4,4.0
SH02146,2025-06-19,Bengaluru,West,Bengaluru → West,SwiftMove,Road,Standard,Clear,260.0,930.7,4.14,1.007,27.11,35.77,0.0,0,141.53,4.0
SH02147,2025-06-19,Kolkata,South,Kolkata → South,TransGo,Air,Express,Fog,191.6,2132.1,4.72,1.031,32.22,32.77,0.0,0,509.76,4.0
SH02148,2025-06-20,Mumbai,West,Mumbai → West,BlueLine,Road,Standard,Clear,280.8,190.6,6.1,1.012,16.35,20.92,0.0,0,48.69,5.0
SH02149,2025-06-20,Delhi,South,Delhi → South,SwiftMove,Rail,Standard,Clear,578.9,2236.8,3.62,1.026,114.17,101.6,12.57,1,191.22,4.0
SH02150,2025-06-20,Kolkata,South,Kolkata → South,BlueLine,Road,Standard,Rain,466.9,1814.0,4.89,1.022,54.56,58.66,0.0,0,240.45,5.0
SH02151,2025-06-20,Mumbai,North,Mumbai → North,SwiftMove,Road,Standard,Fog,759.7,1330.6,5.42,1.026,45.2,48.23,0.0,0,243.78,5.0
SH02152,2025-06-20,Mumbai,Central,Mumbai → Central,BlueLine,Road,Standard,Rain,234.2,941.6,5.69,1.036,33.63,38.91,0.0,0,140.85,5.0
SH02153,2025-06-20,Mumbai,West,Mumbai → West,SwiftMove,Road,Express,Rain,63.6,228.6,7.74,1.014,23.33,20.84,2.49,1,48.5,4.0
SH02154,2025-06-20,Delhi,South,Delhi → South,TransGo,Road,Standard,Rain,501.5,2268.0,5.36,1.026,67.66,68.39,0.0,0,307.82,
SH02155,2025-06-20,Kolkata,South,Kolkata → South,BlueLine,Road,Standard,Rain,58.0,2069.2,4.16,1.018,60.0,64.77,0.0,0,221.99,5.0
SH02156,2025-06-20,Mumbai,West,Mumbai → West,BlueLine,Road,Standard,Rain,396.5,79.8,4.21,1.021,17.17,18.26,0.0,0,42.8,4.0
SH02157,2025-06-20,Bengaluru,South,Bengaluru → South,SwiftMove,Road,Express,Clear,322.3,229.0,6.96,1.018,15.84,17.97,0.0,0,68.59,5.0
SH02158,2025-06-20,Delhi,West,Delhi → West,TransGo,Road,Standard,Rain,941.9,1537.1,6.92,1.012,50.42,50.88,0.0,0,240.43,5.0
SH02159,2025-06-21,Mumbai,South,Mumbai → South,SwiftMove,Road,Standard,Clear,282.2,984.0,2.93,1.008,27.29,39.93,0.0,0,138.48,5.0
SH02160,2025-06-21,Mumbai,North,Mumbai → North,SwiftMove,Road,Standard,Clear,90.7,1369.3,5.19,1.025,39.23,49.16,0.0,0,191.77,5.0
SH02161,2025-06-21,Bengaluru,North,Bengaluru → North,TransGo,Road,Standard,Rain,205.4,2040.7,5.79,1.002,64.43,62.37,2.07,1,233.57,5.0
SH02162,2025-06-21,Kolkata,Central,Kolkata → Central,BlueLine,Road,Standard,Clear,203.9,1035.8,5.14,1.024,37.3,40.02,0.0,0,131.0,4.0
SH02163,2025-06-21,Delhi,West,Delhi → West,TransGo,Road,Standard,Rain,203.3,1549.1,6.22,1.005,57.36,51.16,6.19,1,166.27,5.0
SH02164,2025-06-21,Bengaluru,South,Bengaluru → South,BlueLine,Road,Standard,Storm,101.2,183.7,3.79,1.026,39.01,17.88,21.13,1,39.92,3.0
SH02165,2025-06-21,Kolkata,South,Kolkata → South,SwiftMove,Road,Standard,Storm,851.2,2143.0,3.94,1.016,78.06,66.54,11.52,1,374.05,4.0
SH02166,2025-06-21,Bengaluru,South,Bengaluru → South,BlueLine,Road,Standard,Clear,169.6,150.6,2.07,1.033,11.56,17.08,0.0,0,42.02,5.0
SH02167,2025-06-21,Mumbai,West,Mumbai → West,RapidFreight,Road,Standard,Rain,489.7,233.7,5.49,1.026,20.63,21.95,0.0,0,86.11,5.0
SH02168,2025-06-21,Mumbai,North,Mumbai → North,SwiftMove,Road,Standard,Rain,143.8,1402.0,7.66,1.04,44.73,49.94,0.0,0,191.32,5.0
SH02169,2025-06-21,Bengaluru,North,Bengaluru → North,TransGo,Road,Standard,Clear,77.7,2074.4,6.82,1.011,58.57,63.18,0.0,0,232.69,5.0
SH02170,2025-06-21,Mumbai,West,Mumbai → West,TransGo,Road,Express,Clear,151.9,61.5,5.35,1.012,19.1,17.56,1.54,1,31.16,5.0
SH02171,2025-06-21,Bengaluru,South,Bengaluru → South,RapidFreight,Road,Standard,Clear,111.5,137.0,3.31,1.01,7.74,16.76,0.0,0,43.52,5.0
SH02172,2025-06-21,Mumbai,West,Mumbai → West,SwiftMove,Road,Standard,Rain,558.6,189.8,6.72,1.026,23.46,20.9,2.57,1,73.09,4.0
SH02173,2025-06-21,Delhi,Central,Delhi → Central,RapidFreight,Road,Express,Rain,234.5,984.8,4.82,1.023,25.72,33.4,0.0,0,201.59,
SH02174,2025-06-21,Mumbai,West,Mumbai → West,SwiftMove,Road,Express,Storm,741.6,287.4,3.94,1.011,34.8,22.0,12.8,1,118.26,4.0
SH02175,2025-06-22,Delhi,Central,Delhi → Central,RapidFreight,Rail,Standard,Storm,923.6,1206.0,6.55,1.035,71.82,68.67,3.15,1,181.35,3.0
SH02176,2025-06-22,Mumbai,West,Mumbai → West,SwiftMove,Road,Express,Clear,638.5,275.2,6.88,1.031,17.78,21.76,0.0,0,106.52,5.0
SH02177,2025-06-22,Bengaluru,South,Bengaluru → South,SwiftMove,Road,Standard,Clear,113.9,59.1,6.4,1.009,10.38,14.89,0.0,0,24.59,4.0
SH02178,2025-06-22,Kolkata,West,Kolkata → West,TransGo,Road,Express,Rain,33.6,2096.5,5.38,1.009,48.41,56.39,0.0,0,280.53,5.0
SH02179,2025-06-22,Delhi,East,Delhi → East,BlueLine,Road,Standard,Clear,443.9,1383.2,4.9,1.028,46.39,47.19,0.0,0,180.23,4.0
SH02180,2025-06-22,Nagpur,North,Nagpur → North,TransGo,Road,Standard,Rain,62.0,983.2,3.83,0.992,37.69,35.88,1.81,1,111.83,5.0
SH02181,2025-06-22,Bengaluru,South,Bengaluru → South,BlueLine,Road,Standard,Rain,25.4,91.2,3.64,1.028,16.0,15.66,0.34,1,21.57,5.0
SH02182,2025-06-22,Kolkata,South,Kolkata → South,BlueLine,Road,Standard,Rain,80.8,1739.7,5.61,1.022,51.05,56.88,0.0,0,187.24,5.0
SH02183,2025-06-23,Nagpur,South,Nagpur → South,BlueLine,Rail,Standard,Rain,408.2,1036.6,3.76,1.03,58.11,61.54,0.0,0,112.19,5.0
SH02184,2025-06-23,Delhi,South,Delhi → South,TransGo,Road,Express,Clear,1047.5,2211.6,3.74,1.024,47.2,57.5,0.0,0,358.1,4.0
SH02185,2025-06-23,Delhi,Central,Delhi → Central,BlueLine,Rail,Standard,Clear,125.6,1144.8,7.16,1.035,55.98,66.72,0.0,0,105.25,4.0
SH02186,2025-06-23,Bengaluru,East,Bengaluru → East,SwiftMove,Road,Express,Clear,102.8,2147.6,5.03,1.022,41.39,55.67,0.0,0,327.44,5.0
SH02187,2025-06-23,Mumbai,South,Mumbai → South,RapidFreight,Road,Express,Rain,114.0,1078.5,7.92,1.016,35.25,37.54,0.0,0,221.29,5.0
SH02188,2025-06-23,Mumbai,South,Mumbai → South,TransGo,Air,Express,Rain,242.5,1099.1,8.71,1.016,29.37,32.09,0.0,0,413.46,3.0
SH02189,2025-06-23,Delhi,Central,Delhi → Central,BlueLine,Road,Express,Storm,92.4,1062.9,4.96,1.024,35.7,34.93,0.77,1,195.81,5.0
SH02190,2025-06-23,Delhi,South,Delhi → South,BlueLine,Road,Express,Clear,771.9,2072.2,5.02,0.99,50.94,54.76,0.0,0,310.45,
SH02191,2025-06-23,Kolkata,Central,Kolkata → Central,RapidFreight,Road,Standard,Clear,111.3,1079.0,3.95,1.015,29.56,41.05,0.0,0,158.53,4.0
SH02192,2025-06-23,Mumbai,West,Mumbai → West,SwiftMove,Road,Standard,Clear,360.5,124.2,6.66,1.036,14.74,19.33,0.0,0,50.98,4.0
SH02193,2025-06-24,Mumbai,South,Mumbai → South,SwiftMove,Road,Standard,Clear,442.6,1115.9,8.06,1.014,37.57,43.09,0.0,0,186.23,4.0
SH02194,2025-06-24,Delhi,North,Delhi → North,RapidFreight,Road,Standard,Rain,372.0,303.5,6.74,1.04,21.34,21.32,0.02,1,84.67,4.0
SH02195,2025-06-24,Nagpur,West,Nagpur → West,SwiftMove,Rail,Standard,Rain,678.7,849.3,6.1,1.018,53.72,55.55,0.0,0,108.91,5.0
SH02196,2025-06-24,Mumbai,West,Mumbai → West,BlueLine,Road,Express,Rain,433.5,295.3,6.62,1.03,24.67,22.15,2.52,1,84.43,
SH02197,2025-06-24,Mumbai,South,Mumbai → South,RapidFreight,Road,Standard,Rain,80.3,1000.4,4.79,1.01,34.72,40.32,0.0,0,144.31,5.0
SH02198,2025-06-24,Kolkata,East,Kolkata → East,TransGo,Road,Standard,Clear,444.4,191.1,6.09,1.04,22.04,19.78,2.26,1,57.6,5.0
SH02199,2025-06-24,Mumbai,North,Mumbai → North,BlueLine,Road,Express,Clear,198.9,1299.2,5.7,1.016,33.55,41.87,0.0,0,184.2,5.0
SH02200,2025-06-24,Mumbai,West,Mumbai → West,RapidFreight,Road,Express,Rain,110.0,234.7,5.15,1.027,16.98,20.96,0.0,0,64.25,5.0
SH02201,2025-06-24,Nagpur,West,Nagpur → West,TransGo,Road,Standard,Rain,276.7,764.2,4.96,1.013,38.11,30.63,7.47,1,121.5,4.0
SH02202,2025-06-24,Mumbai,South,Mumbai → South,BlueLine,Road,Standard,Rain,209.1,1048.8,4.24,1.019,36.59,41.48,0.0,0,141.73,5.0
SH02203,2025-06-24,Delhi,North,Delhi → North,SwiftMove,Road,Standard,Rain,213.1,215.2,4.16,1.013,18.3,19.21,0.0,0,56.74,5.0
SH02204,2025-06-24,Mumbai,West,Mumbai → West,SwiftMove,Road,Standard,Clear,197.8,152.3,6.85,1.002,15.42,20.0,0.0,0,41.2,5.0
SH02205,2025-06-24,Bengaluru,South,Bengaluru → South,RapidFreight,Road,Standard,Clear,103.2,70.2,7.11,1.021,9.65,15.16,0.0,0,25.01,5.0
SH02206,2025-06-24,Bengaluru,South,Bengaluru → South,RapidFreight,Road,Standard,Clear,116.5,230.0,4.92,1.041,10.68,18.98,0.0,0,60.96,5.0
SH02207,2025-06-24,Bengaluru,West,Bengaluru → West,BlueLine,Air,Express,Rain,475.0,915.3,4.53,1.019,33.63,28.89,4.74,1,625.18,4.0
SH02208,2025-06-24,Kolkata,East,Kolkata → East,RapidFreight,Road,Standard,Rain,325.4,80.5,4.35,1.025,13.99,17.13,0.0,0,51.24,5.0
SH02209,2025-06-24,Mumbai,North,Mumbai → North,TransGo,Road,Standard,Clear,121.7,1601.3,5.29,1.015,49.81,54.71,0.0,0,172.61,5.0
SH02210,2025-06-25,Delhi,East,Delhi → East,SwiftMove,Road,Standard,Clear,1213.0,1596.8,5.23,1.023,47.73,52.31,0.0,0,245.28,4.0
SH02211,2025-06-25,Bengaluru,North,Bengaluru → North,BlueLine,Rail,Standard,Rain,149.5,2472.3,4.87,1.009,103.65,108.55,0.0,0,178.31,5.0
SH02212,2025-06-25,Delhi,North,Delhi → North,SwiftMove,Road,Standard,Clear,132.6,282.0,5.58,1.023,16.43,20.81,0.0,0,56.0,4.0
SH02213,2025-06-25,Bengaluru,South,Bengaluru → South,SwiftMove,Road,Standard,Rain,216.4,225.2,3.27,1.01,22.3,18.87,3.43,1,51.06,4.0
SH02214,2025-06-25,Bengaluru,East,Bengaluru → East,RapidFreight,Road,Standard,Rain,759.7,1968.8,5.5,1.012,57.76,60.64,0.0,0,362.67,5.0
SH02215,2025-06-25,Bengaluru,South,Bengaluru → South,BlueLine,Road,Express,Rain,217.1,252.7,5.22,1.011,16.36,18.44,0.0,0,61.16,5.0
SH02216,2025-06-25,Kolkata,South,Kolkata → South,SwiftMove,Road,Standard,Clear,219.1,2010.8,3.49,1.007,54.95,63.37,0.0,0,288.51,
SH02217,2025-06-25,Mumbai,West,Mumbai → West,TransGo,Road,Standard,Clear,74.5,194.9,6.36,0.99,22.75,21.02,1.73,1,32.34,
SH02218,2025-06-25,Mumbai,North,Mumbai → North,SwiftMove,Road,Standard,Clear,111.0,1588.8,6.93,1.017,49.32,54.42,0.0,0,211.92,4.0
SH02219,2025-06-25,Bengaluru,South,Bengaluru → South,TransGo,Road,Standard,Rain,263.0,164.2,4.4,1.026,26.5,17.41,9.09,1,39.05,4.0
SH02220,2025-06-25,Mumbai,East,Mumbai → East,BlueLine,Road,Standard,Clear,361.4,2022.2,8.14,1.016,49.76,64.8,0.0,0,267.38,5.0
SH02221,2025-06-26,Mumbai,East,Mumbai → East,BlueLine,Road,Standard,Rain,219.4,1928.8,7.6,1.029,67.87,62.56,5.3,1,248.61,4.0
SH02222,2025-06-26,Kolkata,East,Kolkata → East,SwiftMove,Road,Standard,Fog,129.5,46.0,2.56,1.025,9.49,16.3,0.0,0,27.96,4.0
SH02223,2025-06-26,Mumbai,North,Mumbai → North,TransGo,Road,Standard,Rain,69.1,1354.5,6.21,1.015,47.47,48.8,0.0,0,176.17,5.0
SH02224,2025-06-26,Nagpur,North,Nagpur → North,TransGo,Road,Standard,Rain,189.6,977.1,4.82,1.016,40.66,35.73,4.92,1,119.12,5.0
SH02225,2025-06-26,Mumbai,West,Mumbai → West,SwiftMove,Road,Express,Clear,91.7,204.1,7.59,1.003,16.07,20.36,0.0,0,46.65,
SH02226,2025-06-26,Mumbai,West,Mumbai → West,BlueLine,Road,Standard,Clear,149.1,306.6,4.34,1.029,17.46,23.7,0.0,0,71.83,4.0
SH02227,2025-06-26,Delhi,East,Delhi → East,SwiftMove,Road,Standard,Rain,365.6,1686.4,7.69,1.027,54.92,54.45,0.47,1,229.58,5.0
SH02228,2025-06-26,Bengaluru,Central,Bengaluru → Central,TransGo,Road,Standard,Clear,321.5,1049.4,5.65,1.018,42.36,38.62,3.75,1,139.61,5.0
SH02229,2025-06-26,Mumbai,Central,Mumbai → Central,BlueLine,Road,Express,Clear,211.4,861.9,6.22,1.017,28.66,33.28,0.0,0,152.75,5.0
SH02230,2025-06-26,Kolkata,North,Kolkata → North,RapidFreight,Road,Express,Rain,755.6,1434.8,5.02,1.021,36.95,43.39,0.0,0,320.95,5.0
SH02231,2025-06-26,Delhi,South,Delhi → South,BlueLine,Rail,Standard,Rain,1688.5,2281.5,6.51,1.023,98.12,103.03,0.0,0,233.04,4.0
SH02232,2025-06-26,Nagpur,East,Nagpur → East,RapidFreight,Road,Standard,Rain,69.4,1246.9,4.23,1.019,38.63,42.2,0.0,0,185.64,5.0
SH02233,2025-06-26,Bengaluru,West,Bengaluru → West,TransGo,Road,Standard,Clear,288.8,1029.8,4.34,1.018,35.7,38.15,0.0,0,145.02,5.0
SH02234,2025-06-26,Mumbai,North,Mumbai → North,RapidFreight,Road,Standard,Clear,127.9,1562.4,7.02,1.012,45.18,53.78,0.0,0,277.35,5.0
SH02235,2025-06-27,Mumbai,South,Mumbai → South,RapidFreight,Road,Express,Rain,664.1,932.5,4.84,1.013,31.06,34.67,0.0,0,218.54,5.0
SH02236,2025-06-27,Delhi,West,Delhi → West,BlueLine,Road,Standard,Rain,564.2,1434.5,5.11,1.017,37.34,48.42,0.0,0,184.08,4.0
SH02237,2025-06-27,Delhi,North,Delhi → North,BlueLine,Road,Express,Rain,144.5,131.9,4.09,1.011,19.58,16.64,2.94,1,41.31,
SH02238,2025-06-27,Delhi,West,Delhi → West,BlueLine,Road,Standard,Storm,,1447.0,5.59,1.009,66.39,48.72,17.67,1,199.77,3.0
SH02239,2025-06-27,Mumbai,West,Mumbai → West,TransGo,Road,Standard,Rain,959.2,168.0,6.31,1.03,27.17,20.37,6.8,1,84.04,4.0
SH02240,2025-06-27,Kolkata,North,Kolkata → North,TransGo,Rail,Standard,Rain,243.0,1425.0,5.35,1.013,73.62,76.82,0.0,0,107.06,4.0
SH02241,2025-06-27,Mumbai,Central,Mumbai → Central,SwiftMove,Air,Express,Clear,700.9,881.5,6.17,1.0,25.83,31.71,0.0,0,832.1,5.0
SH02242,2025-06-27,Delhi,South,Delhi → South,BlueLine,Road,Standard,Storm,272.8,2056.3,5.67,1.018,68.31,63.32,5.0,1,298.47,5.0
SH02243,2025-06-28,Kolkata,Central,Kolkata → Central,SwiftMove,Road,Standard,Rain,565.3,1138.9,5.75,1.015,41.06,42.49,0.0,0,170.7,5.0
SH02244,2025-06-28,Kolkata,West,Kolkata → West,RapidFreight,Road,Standard,Clear,193.8,1844.5,5.64,1.015,53.11,59.39,0.0,0,310.85,5.0
SH02245,2025-06-28,Mumbai,South,Mumbai → South,BlueLine,Rail,Standard,Rain,112.4,1032.3,4.59,1.017,57.07,65.43,0.0,0,91.24,5.0
SH02246,2025-06-28,Delhi,South,Delhi → South,TransGo,Rail,Standard,Storm,150.8,2385.8,4.08,1.03,108.81,106.36,2.44,1,195.29,5.0
SH02247,2025-06-28,Bengaluru,North,Bengaluru → North,TransGo,Road,Express,Rain,153.8,2307.4,5.49,1.017,64.97,58.81,6.16,1,331.41,4.0
SH02248,2025-06-28,Bengaluru,West,Bengaluru → West,TransGo,Road,Express,Clear,397.3,1095.5,3.56,1.027,29.0,35.0,0.0,0,160.74,5.0
SH02249,2025-06-28,Delhi,West,Delhi → West,TransGo,Road,Standard,Rain,118.9,1494.2,7.94,1.017,62.11,49.85,12.26,1,173.79,4.0
SH02250,2025-06-28,Nagpur,South,Nagpur → South,BlueLine,Rail,Standard,Rain,174.3,1012.5,5.3,1.025,57.78,60.77,0.0,0,97.06,4.0
SH02251,2025-06-28,Kolkata,Central,Kolkata → Central,BlueLine,Road,Standard,Clear,285.9,1039.5,3.77,1.026,30.73,40.1,0.0,0,127.37,5.0
SH02252,2025-07-01,Nagpur,South,Nagpur → South,BlueLine,Road,Standard,Storm,42.2,1049.2,4.44,1.001,47.43,37.46,9.97,1,126.28,5.0
SH02253,2025-07-01,Delhi,North,Delhi → North,SwiftMove,Road,Standard,Clear,479.1,344.4,6.44,1.005,16.61,22.3,0.0,0,80.16,5.0
SH02254,2025-07-01,Bengaluru,East,Bengaluru → East,SwiftMove,Road,Standard,Clear,115.1,1721.4,6.01,1.011,42.22,54.72,0.0,0,210.91,5.0
SH02255,2025-07-01,Mumbai,South,Mumbai → South,BlueLine,Rail,Standard,Clear,167.0,1024.5,6.23,1.011,58.19,65.18,0.0,0,104.74,5.0
SH02256,2025-07-01,Mumbai,South,Mumbai → South,TransGo,Road,Express,Clear,165.1,1114.2,6.61,1.026,36.05,38.24,0.0,0,145.38,5.0
SH02257,2025-07-01,Delhi,West,Delhi → West,SwiftMove,Road,Standard,Clear,154.0,1458.0,6.47,1.022,43.58,48.98,0.0,0,172.82,5.0
SH02258,2025-07-01,Delhi,North,Delhi → North,SwiftMove,Road,Express,Rain,317.3,239.6,6.07,1.011,13.68,18.76,0.0,0,73.71,5.0
SH02259,2025-07-01,Nagpur,North,Nagpur → North,TransGo,Road,Express,Clear,90.4,1138.2,5.0,1.011,31.92,34.69,0.0,0,144.66,5.0
SH02260,2025-07-01,Mumbai,South,Mumbai → South,TransGo,Road,Express,Clear,343.4,945.6,7.28,1.023,34.85,34.93,0.0,0,159.77,4.0
SH02261,2025-07-01,Delhi,West,Delhi → West,RapidFreight,Road,Standard,Clear,483.1,1449.9,5.55,1.021,35.4,48.79,0.0,0,267.71,4.0
SH02262,2025-07-01,Mumbai,East,Mumbai → East,RapidFreight,Road,Express,Rain,322.7,2050.0,6.86,1.008,47.28,56.62,0.0,0,403.89,5.0
SH02263,2025-07-01,Delhi,Central,Delhi → Central,TransGo,Road,Standard,Clear,885.4,1188.3,6.47,0.998,45.49,42.52,2.97,1,186.02,5.0
SH02264,2025-07-01,Mumbai,West,Mumbai → West,TransGo,Road,Standard,Clear,469.5,291.1,4.14,0.997,21.76,23.33,0.0,0,66.3,4.0
SH02265,2025-07-02,Delhi,North,Delhi → North,RapidFreight,Road,Express,Clear,130.1,136.4,5.07,0.995,8.41,16.73,0.0,0,45.35,4.0
SH02266,2025-07-02,Delhi,North,Delhi → North,TransGo,Road,Standard,Clear,154.7,302.8,4.51,1.011,20.41,21.3,0.0,0,52.12,4.0
SH02267,2025-07-02,Bengaluru,South,Bengaluru → South,SwiftMove,Road,Express,Clear,181.0,68.3,6.27,0.999,9.04,14.82,0.0,0,30.73,5.0
SH02268,2025-07-02,Kolkata,South,Kolkata → South,TransGo,Road,Express,Clear,333.7,1831.5,3.67,1.006,48.7,51.18,0.0,0,261.76,
SH02269,2025-07-02,Delhi,South,Delhi → South,BlueLine,Rail,Standard,Clear,56.0,2237.6,7.78,1.018,86.33,101.63,0.0,0,183.99,5.0
SH02270,2025-07-02,Mumbai,West,Mumbai → West,TransGo,Road,Standard,Clear,339.6,270.9,4.41,1.001,19.85,22.84,0.0,0,58.24,4.0
SH02271,2025-07-02,Mumbai,South,Mumbai → South,SwiftMove,Road,Express,Clear,90.8,974.3,5.97,1.015,26.47,35.49,0.0,0,167.98,4.0
SH02272,2025-07-02,Delhi,North,Delhi → North,TransGo,Road,Standard,Rain,,298.1,5.57,1.017,24.27,21.19,3.08,1,44.42,5.0
SH02273,2025-07-02,Delhi,Central,Delhi → Central,RapidFreight,Rail,Standard,Rain,121.7,1111.1,6.42,1.021,60.24,65.64,0.0,0,139.42,5.0
SH02274,2025-07-02,Nagpur,South,Nagpur → South,SwiftMove,Road,Standard,Rain,948.5,979.5,3.37,1.015,35.25,35.79,0.0,0,205.59,4.0
SH02275,2025-07-02,Delhi,South,Delhi → South,BlueLine,Road,Standard,Clear,784.0,2036.8,5.95,1.021,60.69,62.85,0.0,0,296.8,4.0
SH02276,2025-07-02,Mumbai,East,Mumbai → East,TransGo,Rail,Standard,Clear,339.6,2213.4,6.02,1.012,100.92,103.16,0.0,0,156.73,5.0
SH02277,2025-07-02,Bengaluru,North,Bengaluru → North,BlueLine,Rail,Standard,Storm,440.9,1993.4,5.16,1.018,92.15,93.25,0.0,0,199.61,4.0
SH02278,2025-07-02,Delhi,Central,Delhi → Central,RapidFreight,Road,Express,Rain,370.8,1102.1,4.3,1.015,33.05,35.7,0.0,0,195.99,4.0
SH02279,2025-07-02,Kolkata,South,Kolkata → South,BlueLine,Road,Standard,Clear,201.0,1783.8,3.56,1.002,44.37,57.94,0.0,0,188.23,4.0
SH02280,2025-07-02,Mumbai,South,Mumbai → South,RapidFreight,Road,Express,Clear,23.8,955.5,5.35,1.026,24.3,35.12,0.0,0,190.09,4.0
SH02281,2025-07-03,Delhi,South,Delhi → South,RapidFreight,Road,Standard,Clear,359.2,2090.1,5.47,1.01,63.66,64.12,0.0,0,333.12,5.0
SH02282,2025-07-03,Delhi,West,Delhi → West,SwiftMove,Road,Express,Rain,354.3,1309.3,8.25,1.017,42.45,39.77,2.67,1,205.11,4.0
SH02283,2025-07-03,Mumbai,North,Mumbai → North,TransGo,Road,Standard,Clear,372.4,1389.0,7.89,1.018,50.16,49.63,0.53,1,177.88,5.0
SH02284,2025-07-03,Delhi,Central,Delhi → Central,BlueLine,Rail,Standard,Clear,273.2,972.1,6.36,1.012,52.76,61.2,0.0,0,101.74,4.0
SH02285,2025-07-03,Bengaluru,North,Bengaluru → North,SwiftMove,Road,Express,Rain,328.8,2448.8,2.1,1.001,54.78,61.58,0.0,0,354.25,5.0
SH02286,2025-07-03,Delhi,East,Delhi → East,BlueLine,Road,Express,Clear,111.2,1627.2,4.07,0.995,40.82,46.02,0.0,0,229.26,5.0
SH02287,2025-07-03,Mumbai,West,Mumbai → West,SwiftMove,Road,Standard,Rain,353.4,117.1,7.15,1.007,17.01,19.16,0.0,0,48.74,5.0
SH02288,2025-07-03,Kolkata,North,Kolkata → North,RapidFreight,Road,Standard,Rain,203.6,1428.0,5.29,1.004,44.98,49.41,0.0,0,213.03,4.0
SH02289,2025-07-03,Delhi,North,Delhi → North,TransGo,Road,Standard,Clear,1478.2,291.5,3.22,0.996,22.48,21.03,1.44,1,130.78,5.0
SH02290,2025-07-03,Bengaluru,West,Bengaluru → West,BlueLine,Road,Express,Rain,202.2,1037.7,4.7,1.007,31.49,33.86,0.0,0,161.12,
SH02291,2025-07-03,Bengaluru,East,Bengaluru → East,SwiftMove,Road,Standard,Rain,240.5,1928.8,6.65,1.007,55.24,59.69,0.0,0,287.73,4.0
SH02292,2025-07-03,Mumbai,Central,Mumbai → Central,RapidFreight,Road,Standard,Rain,100.4,866.8,5.1,1.016,31.26,37.12,0.0,0,138.09,5.0
SH02293,2025-07-03,Mumbai,North,Mumbai → North,RapidFreight,Road,Express,Rain,301.8,1584.2,6.64,1.018,45.08,47.47,0.0,0,316.56,5.0
SH02294,2025-07-03,Mumbai,South,Mumbai → South,TransGo,Road,Standard,Rain,266.0,1002.0,7.57,1.003,41.54,40.36,1.19,1,131.85,5.0
SH02295,2025-07-03,Nagpur,North,Nagpur → North,BlueLine,Air,Express,Storm,55.2,983.1,4.33,1.026,40.46,27.86,12.6,1,217.07,3.0
SH02296,2025-07-03,Bengaluru,West,Bengaluru → West,BlueLine,Road,Express,Clear,261.2,990.6,5.4,1.028,25.24,32.94,0.0,0,169.29,5.0
SH02297,2025-07-03,Nagpur,West,Nagpur → West,BlueLine,Air,Express,Clear,869.2,810.6,3.71,1.016,27.18,27.56,0.0,0,1146.95,5.0
SH02298,2025-07-03,Nagpur,West,Nagpur → West,BlueLine,Road,Standard,Rain,167.5,827.7,4.12,1.027,29.49,32.16,0.0,0,129.92,5.0
SH02299,2025-07-03,Nagpur,West,Nagpur → West,SwiftMove,Rail,Standard,Clear,,794.0,5.63,1.003,38.23,53.79,0.0,0,93.24,5.0
SH02300,2025-07-03,Bengaluru,South,Bengaluru → South,SwiftMove,Road,Standard,Rain,61.2,287.4,6.18,1.021,18.13,20.36,0.0,0,49.96,5.0
SH02301,2025-07-03,Bengaluru,North,Bengaluru → North,BlueLine,Road,Standard,Clear,108.3,2258.6,6.01,0.994,59.98,67.59,0.0,0,260.13,5.0
SH02302,2025-07-04,Kolkata,South,Kolkata → South,BlueLine,Road,Express,Rain,687.2,2124.1,5.07,1.014,55.94,56.93,0.0,0,366.16,5.0
SH02303,2025-07-04,Mumbai,West,Mumbai → West,TransGo,Road,Express,Clear,142.4,207.6,4.69,1.005,21.29,20.43,0.86,1,48.55,4.0
SH02304,2025-07-04,Delhi,South,Delhi → South,BlueLine,Road,Standard,Clear,710.1,2387.6,3.23,1.036,65.65,71.25,0.0,0,328.14,3.0
SH02305,2025-07-04,Delhi,Central,Delhi → Central,RapidFreight,Road,Standard,Clear,249.2,1130.3,5.08,1.015,24.32,41.13,0.0,0,213.01,5.0
SH02306,2025-07-04,Delhi,West,Delhi → West,RapidFreight,Road,Standard,Storm,98.8,1584.4,5.1,1.012,60.45,52.01,8.44,1,297.78,4.0
SH02307,2025-07-04,Mumbai,North,Mumbai → North,RapidFreight,Air,Express,Clear,275.7,1599.6,5.44,1.012,31.38,32.98,0.0,0,713.69,5.0
SH02308,2025-07-04,Bengaluru,West,Bengaluru → West,SwiftMove,Road,Standard,Clear,176.5,921.7,2.81,1.012,22.58,35.56,0.0,0,123.22,5.0
SH02309,2025-07-05,Mumbai,South,Mumbai → South,BlueLine,Road,Standard,Clear,81.1,1003.1,6.28,0.993,35.2,40.38,0.0,0,124.51,5.0
SH02310,2025-07-05,Kolkata,West,Kolkata → West,RapidFreight,Rail,Standard,Clear,328.6,2097.3,7.66,1.016,86.92,98.3,0.0,0,200.61,4.0
SH02311,2025-07-05,Kolkata,West,Kolkata → West,RapidFreight,Road,Standard,Clear,482.1,1947.0,5.16,1.007,53.83,61.85,0.0,0,335.48,5.0
SH02312,2025-07-05,Nagpur,North,Nagpur → North,SwiftMove,Road,Standard,Storm,64.8,1041.1,4.5,1.023,30.12,37.27,0.0,0,166.67,5.0
SH02313,2025-07-05,Delhi,North,Delhi → North,SwiftMove,Road,Standard,Fog,83.5,171.1,6.27,1.006,20.95,18.15,2.8,1,39.02,5.0
SH02314,2025-07-05,Delhi,Central,Delhi → Central,TransGo,Road,Standard,Storm,60.4,1129.7,5.69,1.007,56.63,41.12,15.51,1,152.15,4.0
SH02315,2025-07-05,Kolkata,South,Kolkata → South,RapidFreight,Road,Standard,Rain,1501.2,1944.8,5.7,1.019,56.96,61.79,0.0,0,450.02,5.0
SH02316,2025-07-05,Bengaluru,Central,Bengaluru → Central,RapidFreight,Rail,Standard,Rain,154.1,953.2,4.53,1.018,45.81,60.03,0.0,0,126.72,4.0
SH02317,2025-07-05,Delhi,South,Delhi → South,SwiftMove,Road,Express,Rain,539.7,2153.5,5.42,1.008,57.21,56.36,0.86,1,382.97,4.0
SH02318,2025-07-05,Kolkata,North,Kolkata → North,SwiftMove,Rail,Standard,Clear,127.6,1624.7,2.46,0.996,79.37,83.2,0.0,0,142.95,5.0
SH02319,2025-07-05,Bengaluru,North,Bengaluru → North,SwiftMove,Road,Standard,Clear,215.3,2260.1,4.37,0.999,66.34,67.62,0.0,0,342.68,4.0
SH02320,2025-07-06,Mumbai,West,Mumbai → West,BlueLine,Road,Standard,Clear,1181.7,331.0,7.63,1.003,23.81,24.28,0.0,0,131.37,5.0
SH02321,2025-07-06,Nagpur,East,Nagpur → East,BlueLine,Road,Standard,Clear,189.1,1041.3,2.9,0.999,25.93,37.27,0.0,0,143.84,4.0
SH02322,2025-07-06,Kolkata,West,Kolkata → West,BlueLine,Road,Standard,Clear,547.9,2256.8,7.59,1.017,57.76,69.27,0.0,0,325.97,5.0
SH02323,2025-07-06,Mumbai,Central,Mumbai → Central,TransGo,Road,Standard,Clear,225.4,912.9,4.96,1.002,37.13,38.22,0.0,0,105.89,5.0
SH02324,2025-07-06,Mumbai,West,Mumbai → West,BlueLine,Road,Standard,Clear,213.2,149.5,6.47,1.024,14.75,19.93,0.0,0,43.19,5.0
SH02325,2025-07-06,Delhi,Central,Delhi → Central,BlueLine,Air,Express,Rain,320.7,1152.5,4.72,1.004,35.97,29.89,6.08,1,504.83,5.0
SH02326,2025-07-07,Bengaluru,South,Bengaluru → South,BlueLine,Road,Standard,Storm,61.7,303.0,3.5,1.018,31.1,20.74,10.37,1,61.12,4.0
SH02327,2025-07-07,Kolkata,North,Kolkata → North,SwiftMove,Rail,Standard,Rain,489.8,1592.3,4.93,1.005,68.1,82.16,0.0,0,164.22,5.0
SH02328,2025-07-07,Bengaluru,East,Bengaluru → East,TransGo,Road,Standard,Rain,156.0,1889.1,3.65,1.013,60.06,58.74,1.32,1,208.77,5.0
SH02329,2025-07-07,Bengaluru,West,Bengaluru → West,TransGo,Air,Express,Clear,17.4,1015.0,3.74,1.016,25.34,29.07,0.0,0,157.74,5.0
SH02330,2025-07-07,Bengaluru,South,Bengaluru → South,BlueLine,Road,Standard,Clear,389.6,126.9,6.72,0.996,14.19,16.51,0.0,0,41.64,4.0
SH02331,2025-07-07,Mumbai,East,Mumbai → East,RapidFreight,Road,Standard,Rain,149.7,2056.5,5.2,1.014,52.05,65.62,0.0,0,339.06,4.0
SH02332,2025-07-07,Mumbai,North,Mumbai → North,RapidFreight,Road,Standard,Clear,239.3,1421.5,5.4,0.98,38.46,50.41,0.0,0,250.55,5.0
SH02333,2025-07-07,Mumbai,South,Mumbai → South,SwiftMove,Rail,Standard,Clear,200.2,1017.8,5.66,1.004,51.7,64.96,0.0,0,102.24,4.0
SH02334,2025-07-07,Mumbai,East,Mumbai → East,SwiftMove,Road,Standard,Rain,397.2,2179.1,7.93,1.017,71.04,68.56,2.48,1,285.78,4.0
SH02335,2025-07-08,Kolkata,West,Kolkata → West,SwiftMove,Rail,Standard,Storm,324.9,2124.8,4.98,0.992,107.28,99.18,8.11,1,206.25,4.0
SH02336,2025-07-08,Delhi,South,Delhi → South,TransGo,Road,Standard,Clear,125.3,2422.1,5.91,1.025,68.12,72.08,0.0,0,325.22,4.0
SH02337,2025-07-08,Mumbai,North,Mumbai → North,TransGo,Rail,Standard,Clear,121.4,1334.5,6.96,1.006,70.06,75.08,0.0,0,112.09,5.0
SH02338,2025-07-08,Mumbai,North,Mumbai → North,SwiftMove,Road,Standard,Rain,94.2,1580.1,9.7,1.001,52.88,54.21,0.0,0,190.03,4.0
SH02339,2025-07-08,Mumbai,East,Mumbai → East,BlueLine,Road,Standard,Clear,383.6,1846.0,5.84,1.018,48.19,60.58,0.0,0,260.36,5.0
SH02340,2025-07-08,Delhi,North,Delhi → North,RapidFreight,Road,Standard,Clear,93.3,190.1,4.78,1.007,9.66,18.6,0.0,0,45.39,5.0
SH02341,2025-07-08,Nagpur,East,Nagpur → East,SwiftMove,Road,Standard,Storm,462.0,1126.5,5.65,1.024,41.38,39.31,2.06,1,208.34,4.0
SH02342,2025-07-08,Nagpur,West,Nagpur → West,TransGo,Road,Standard,Clear,,915.9,3.3,0.999,36.38,34.27,2.11,1,110.3,4.0
SH02343,2025-07-08,Delhi,Central,Delhi → Central,BlueLine,Road,Standard,Clear,82.7,996.3,7.42,1.014,30.2,37.92,0.0,0,133.62,5.0
SH02344,2025-07-08,Bengaluru,North,Bengaluru → North,BlueLine,Rail,Standard,Rain,662.2,2267.8,5.63,1.022,98.18,102.02,0.0,0,195.61,
SH02345,2025-07-08,Delhi,North,Delhi → North,BlueLine,Road,Standard,Clear,20.2,40.2,4.35,1.013,10.5,15.01,0.0,0,18.77,5.0
SH02346,2025-07-08,Mumbai,West,Mumbai → West,SwiftMove,Road,Standard,Storm,230.8,117.1,6.55,1.0,30.32,19.16,11.17,1,44.3,
SH02347,2025-07-08,Mumbai,West,Mumbai → West,TransGo,Road,Express,Rain,65.7,82.9,6.67,1.017,27.51,17.98,9.53,1,26.33,5.0
SH02348,2025-07-08,Mumbai,East,Mumbai → East,SwiftMove,Rail,Standard,Rain,78.4,2005.0,4.42,1.029,85.57,96.5,0.0,0,186.3,5.0
SH02349,2025-07-08,Bengaluru,South,Bengaluru → South,TransGo,Road,Standard,Rain,279.1,141.9,7.07,1.011,23.76,16.87,6.89,1,43.58,5.0
SH02350,2025-07-08,Delhi,Central,Delhi → Central,BlueLine,Road,Express,Rain,236.1,1141.5,6.8,1.004,40.56,36.48,4.08,1,180.87,4.0
SH02351,2025-07-08,Mumbai,South,Mumbai → South,SwiftMove,Road,Standard,Clear,215.6,1035.8,4.26,1.003,30.13,41.16,0.0,0,134.18,4.0
SH02352,2025-07-08,Mumbai,West,Mumbai → West,TransGo,Road,Standard,Rain,138.9,188.7,4.88,1.019,19.73,20.87,0.0,0,37.64,4.0
SH02353,2025-07-08,Delhi,South,Delhi → South,RapidFreight,Road,Standard,Clear,313.1,2453.3,7.41,1.011,67.38,72.83,0.0,0,396.65,4.0
SH02354,2025-07-09,Mumbai,East,Mumbai → East,SwiftMove,Road,Standard,Rain,649.4,1869.6,5.31,0.998,55.87,61.14,0.0,0,293.37,5.0
SH02355,2025-07-09,Delhi,South,Delhi → South,TransGo,Road,Standard,Clear,481.0,1979.9,5.74,1.032,56.76,61.49,0.0,0,277.89,5.0
SH02356,2025-07-09,Nagpur,South,Nagpur → South,SwiftMove,Road,Standard,Clear,98.4,1012.7,6.16,1.0,29.59,36.59,0.0,0,157.39,5.0
SH02357,2025-07-09,Delhi,South,Delhi → South,RapidFreight,Rail,Standard,Clear,73.1,2389.4,5.67,1.005,91.65,106.48,0.0,0,242.09,3.0
SH02358,2025-07-09,Mumbai,South,Mumbai → South,SwiftMove,Road,Standard,Clear,73.7,977.0,3.45,0.996,31.29,39.76,0.0,0,128.93,5.0
SH02359,2025-07-09,Bengaluru,West,Bengaluru → West,RapidFreight,Rail,Standard,Clear,220.2,1061.4,5.28,1.0,62.49,63.48,0.0,0,120.25,4.0
SH02360,2025-07-09,Nagpur,South,Nagpur → South,SwiftMove,Rail,Standard,Storm,264.0,925.6,5.16,1.02,66.33,57.99,8.34,1,109.66,4.0
SH02361,2025-07-09,Delhi,West,Delhi → West,RapidFreight,Road,Standard,Rain,1196.9,1504.8,4.56,1.017,40.74,50.1,0.0,0,314.54,4.0
SH02362,2025-07-09,Nagpur,South,Nagpur → South,BlueLine,Road,Standard,Clear,126.3,1104.0,3.02,1.018,28.28,38.77,0.0,0,151.38,5.0
SH02363,2025-07-09,Delhi,West,Delhi → West,TransGo,Road,Standard,Rain,44.0,1310.0,5.88,1.0,44.72,45.44,0.0,0,146.21,4.0
SH02364,2025-07-09,Delhi,West,Delhi → West,RapidFreight,Road,Standard,Clear,118.3,1580.8,6.81,1.003,48.83,51.92,0.0,0,236.57,5.0
SH02365,2025-07-09,Bengaluru,West,Bengaluru → West,SwiftMove,Road,Standard,Rain,87.7,968.0,3.38,1.021,36.8,36.67,0.14,1,110.42,4.0
SH02366,2025-07-09,Delhi,South,Delhi → South,TransGo,Air,Express,Clear,432.7,2470.3,4.73,0.992,29.57,32.22,0.0,0,680.43,4.0
SH02367,2025-07-10,Nagpur,North,Nagpur → North,SwiftMove,Road,Standard,Rain,94.8,1151.2,5.27,1.02,35.45,39.91,0.0,0,158.91,4.0
SH02368,2025-07-10,Bengaluru,South,Bengaluru → South,RapidFreight,Road,Express,Rain,528.0,332.7,4.11,1.023,15.93,20.01,0.0,0,136.64,5.0
SH02369,2025-07-10,Kolkata,West,Kolkata → West,TransGo,Road,Standard,Clear,551.1,1923.1,7.44,1.012,50.68,61.27,0.0,0,207.75,5.0
SH02370,2025-07-10,Bengaluru,Central,Bengaluru → Central,BlueLine,Road,Standard,Clear,751.2,1055.7,2.86,1.021,29.34,38.77,0.0,0,190.12,4.0
SH02371,2025-07-10,Bengaluru,East,Bengaluru → East,BlueLine,Air,Express,Clear,208.1,1819.9,6.55,1.007,25.77,30.49,0.0,0,546.65,5.0
SH02372,2025-07-10,Delhi,East,Delhi → East,SwiftMove,Rail,Standard,Clear,202.7,1684.9,7.31,1.017,62.96,83.97,0.0,0,179.45,5.0
SH02373,2025-07-10,Mumbai,West,Mumbai → West,TransGo,Road,Standard,Rain,267.5,341.2,7.23,0.995,33.88,24.53,9.35,1,64.5,4.0
SH02374,2025-07-10,Nagpur,North,Nagpur → North,TransGo,Rail,Standard,Rain,410.9,1163.4,5.17,1.021,68.44,65.59,2.85,1,108.29,4.0
SH02375,2025-07-10,Delhi,West,Delhi → West,SwiftMove,Road,Standard,Clear,1587.8,1308.9,3.41,0.989,38.13,45.41,0.0,0,267.87,4.0
SH02376,2025-07-10,Kolkata,Central,Kolkata → Central,SwiftMove,Rail,Standard,Clear,40.0,1214.4,6.27,1.013,50.23,70.09,0.0,0,119.75,4.0
SH02377,2025-07-10,Bengaluru,South,Bengaluru → South,BlueLine,Road,Standard,Clear,813.3,216.5,5.74,1.019,17.78,18.66,0.0,0,75.5,5.0
SH02378,2025-07-10,Mumbai,West,Mumbai → West,SwiftMove,Road,Standard,Clear,198.0,169.4,5.77,1.012,14.28,20.41,0.0,0,42.06,5.0
SH02379,2025-07-10,Bengaluru,North,Bengaluru → North,SwiftMove,Rail,Standard,Clear,173.5,2387.4,5.77,1.011,81.05,105.84,0.0,0,218.43,5.0
SH02380,2025-07-10,Mumbai,East,Mumbai → East,TransGo,Road,Standard,Rain,117.0,2272.6,4.54,1.002,64.75,70.8,0.0,0,256.05,5.0
SH02381,2025-07-10,Mumbai,North,Mumbai → North,TransGo,Road,Standard,Rain,770.9,1446.2,2.99,1.029,45.47,51.0,0.0,0,195.58,5.0
SH02382,2025-07-10,Mumbai,North,Mumbai → North,RapidFreight,Rail,Standard,Rain,392.1,1557.4,7.82,0.993,73.62,82.2,0.0,0,165.88,
SH02383,2025-07-11,Bengaluru,North,Bengaluru → North,BlueLine,Road,Standard,Storm,126.9,2156.2,6.8,1.009,65.0,65.13,0.0,0,305.76,5.0
SH02384,2025-07-11,Bengaluru,Central,Bengaluru → Central,BlueLine,Rail,Standard,Rain,177.5,1118.3,4.96,1.006,60.36,65.3,0.0,0,111.73,5.0
SH02385,2025-07-11,Delhi,South,Delhi → South,SwiftMove,Air,Express,Clear,731.4,2085.4,1.95,1.013,24.49,31.54,0.0,0,1013.39,5.0
SH02386,2025-07-11,Nagpur,South,Nagpur → South,SwiftMove,Air,Express,Storm,97.0,973.0,2.21,1.021,34.4,27.85,6.55,1,299.54,4.0
SH02387,2025-07-11,Delhi,South,Delhi → South,TransGo,Road,Express,Rain,501.3,2397.8,5.55,1.017,63.43,61.16,2.28,1,323.53,5.0
SH02388,2025-07-11,Delhi,North,Delhi → North,TransGo,Road,Standard,Clear,481.0,79.4,5.7,1.01,16.93,15.95,0.98,1,43.21,
SH02389,2025-07-11,Mumbai,South,Mumbai → South,BlueLine,Road,Standard,Rain,269.2,994.6,7.67,1.005,38.84,40.18,0.0,0,130.3,5.0
SH02390,2025-07-11,Mumbai,South,Mumbai → South,RapidFreight,Road,Standard,Rain,269.9,1072.8,6.36,0.995,41.21,42.05,0.0,0,191.31,5.0
SH02391,2025-07-11,Mumbai,East,Mumbai → East,SwiftMove,Rail,Standard,Clear,129.9,2134.3,4.01,1.009,85.99,100.63,0.0,0,179.29,5.0
SH02392,2025-07-11,Mumbai,Central,Mumbai → Central,SwiftMove,Air,Express,Storm,822.0,779.0,5.41,1.032,29.26,31.53,0.0,0,914.59,4.0
SH02393,2025-07-11,Mumbai,West,Mumbai → West,RapidFreight,Road,Standard,Clear,566.8,300.4,6.18,1.017,15.95,23.55,0.0,0,96.67,5.0
SH02394,2025-07-11,Bengaluru,North,Bengaluru → North,BlueLine,Road,Standard,Clear,18.3,2165.8,3.83,1.022,52.73,65.36,0.0,0,242.66,4.0
SH02395,2025-07-11,Mumbai,Central,Mumbai → Central,SwiftMove,Air,Express,Rain,139.1,782.4,5.24,0.997,29.69,31.53,0.0,0,246.66,4.0
SH02396,2025-07-12,Mumbai,North,Mumbai → North,RapidFreight,Air,Express,Rain,497.5,1573.8,7.26,1.015,28.85,32.93,0.0,0,888.72,4.0
SH02397,2025-07-12,Mumbai,Central,Mumbai → Central,BlueLine,Road,Standard,Rain,331.0,850.6,6.44,1.002,35.2,36.73,0.0,0,113.17,4.0
SH02398,2025-07-12,Nagpur,South,Nagpur → South,SwiftMove,Road,Standard,Storm,694.2,1045.4,4.21,1.016,39.35,37.37,1.98,1,173.68,5.0
SH02399,2025-07-12,Bengaluru,East,Bengaluru → East,BlueLine,Air,Express,Clear,214.4,1739.1,2.8,1.007,25.86,30.35,0.0,0,447.38,4.0
SH02400,2025-07-12,Mumbai,East,Mumbai → East,SwiftMove,Air,Express,Clear,129.5,2180.2,7.41,1.011,25.46,34.01,0.0,0,420.71,4.0
SH02401,2025-07-12,Mumbai,South,Mumbai → South,TransGo,Rail,Standard,Clear,248.4,929.3,3.7,1.029,64.93,62.13,2.8,1,90.56,5.0
SH02402,2025-07-12,Delhi,East,Delhi → East,SwiftMove,Road,Standard,Clear,71.4,1588.1,2.98,1.015,38.42,52.1,0.0,0,218.84,4.0
SH02403,2025-07-12,Bengaluru,South,Bengaluru → South,RapidFreight,Road,Standard,Rain,106.3,138.6,5.26,1.002,13.29,16.8,0.0,0,41.35,5.0
SH02404,2025-07-12,Delhi,East,Delhi → East,SwiftMove,Road,Standard,Clear,22.0,1719.2,6.59,1.02,49.18,55.24,0.0,0,203.15,5.0
SH02405,2025-07-13,Nagpur,North,Nagpur → North,TransGo,Road,Standard,Rain,252.4,1023.0,6.43,1.0,48.32,36.84,11.49,1,143.18,5.0
SH02406,2025-07-13,Kolkata,East,Kolkata → East,TransGo,Road,Standard,Clear,110.8,71.4,3.01,0.997,16.69,16.91,0.0,0,26.5,
SH02407,2025-07-13,Bengaluru,West,Bengaluru → West,BlueLine,Road,Standard,Clear,635.4,1050.2,5.54,1.006,35.86,38.64,0.0,0,159.1,5.0
SH02408,2025-07-13,Mumbai,West,Mumbai → West,RapidFreight,Road,Express,Rain,76.5,294.0,7.11,1.028,25.26,22.13,3.14,1,85.8,5.0
SH02409,2025-07-13,Mumbai,West,Mumbai → West,BlueLine,Road,Standard,Clear,318.6,63.6,5.84,1.002,14.82,17.87,0.0,0,36.39,5.0
SH02410,2025-07-13,Delhi,West,Delhi → West,TransGo,Road,Express,Clear,111.1,1457.0,5.03,1.013,36.43,42.67,0.0,0,213.26,5.0
SH02411,2025-07-13,Kolkata,South,Kolkata → South,TransGo,Air,Express,Rain,68.3,1800.8,5.73,1.008,29.23,32.19,0.0,0,294.98,5.0
SH02412,2025-07-13,Mumbai,South,Mumbai → South,SwiftMove,Road,Standard,Storm,240.8,1039.4,5.61,1.006,47.97,41.25,6.72,1,153.63,4.0
SH02413,2025-07-13,Mumbai,Central,Mumbai → Central,TransGo,Air,Express,Clear,83.5,885.7,6.08,1.011,28.55,31.72,0.0,0,206.91,5.0
SH02414,2025-07-13,Bengaluru,West,Bengaluru → West,BlueLine,Road,Standard,Clear,138.8,981.5,4.52,1.011,31.44,36.99,0.0,0,133.78,4.0
SH02415,2025-07-13,Bengaluru,Central,Bengaluru → Central,TransGo,Rail,Standard,Rain,71.9,1039.1,4.1,1.012,72.67,62.77,9.9,1,79.29,3.0
SH02416,2025-07-14,Nagpur,North,Nagpur → North,BlueLine,Road,Standard,Clear,125.8,1188.0,6.13,1.016,32.94,40.79,0.0,0,142.77,
SH02417,2025-07-14,Mumbai,East,Mumbai → East,RapidFreight,Air,Express,Rain,138.3,2038.7,7.12,1.002,25.75,33.76,0.0,0,571.35,
SH02418,2025-07-14,Bengaluru,North,Bengaluru → North,TransGo,Road,Standard,Rain,120.7,2434.1,7.58,1.0,67.28,71.79,0.0,0,298.91,5.0
SH02419,2025-07-14,Delhi,East,Delhi → East,RapidFreight,Air,Express,Clear,,1481.0,4.2,1.019,24.35,30.47,0.0,0,688.44,5.0
SH02420,2025-07-14,Bengaluru,North,Bengaluru → North,SwiftMove,Road,Standard,Clear,190.6,2151.0,6.51,1.003,54.77,65.01,0.0,0,267.4,5.0
SH02421,2025-07-14,Delhi,West,Delhi → West,BlueLine,Road,Standard,Clear,70.6,1377.2,4.06,1.019,38.87,47.05,0.0,0,169.17,4.0
SH02422,2025-07-14,Kolkata,South,Kolkata → South,SwiftMove,Road,Express,Rain,275.5,1952.7,5.22,0.993,45.7,53.56,0.0,0,338.14,5.0
SH02423,2025-07-14,Kolkata,South,Kolkata → South,RapidFreight,Road,Standard,Storm,141.8,1736.8,5.78,1.012,58.2,56.81,1.39,1,283.21,4.0
SH02424,2025-07-14,Bengaluru,South,Bengaluru → South,SwiftMove,Road,Standard,Rain,528.4,256.8,7.62,0.998,18.64,19.63,0.0,0,69.83,4.0
SH02425,2025-07-14,Bengaluru,East,Bengaluru → East,SwiftMove,Road,Standard,Rain,163.8,1774.3,4.21,1.03,54.23,55.98,0.0,0,237.51,5.0
SH02426,2025-07-15,Bengaluru,East,Bengaluru → East,RapidFreight,Road,Express,Clear,120.1,2078.0,5.87,1.007,37.46,54.3,0.0,0,361.89,4.0
SH02427,2025-07-15,Bengaluru,West,Bengaluru → West,SwiftMove,Road,Express,Rain,134.6,1028.5,6.19,1.011,35.3,33.68,1.62,1,158.64,4.0
SH02428,2025-07-15,Kolkata,Central,Kolkata → Central,BlueLine,Road,Standard,Storm,218.8,1186.0,3.61,1.011,47.11,43.61,3.49,1,164.75,5.0
SH02429,2025-07-15,Mumbai,South,Mumbai → South,RapidFreight,Rail,Standard,Clear,92.5,951.6,7.54,0.994,56.2,62.85,0.0,0,124.6,5.0
SH02430,2025-07-15,Nagpur,West,Nagpur → West,BlueLine,Rail,Standard,Clear,1236.4,930.8,7.69,1.013,51.95,58.16,0.0,0,120.46,5.0
SH02431,2025-07-15,Mumbai,South,Mumbai → South,SwiftMove,Road,Express,Clear,635.9,1038.0,7.91,1.012,30.43,36.74,0.0,0,198.26,5.0
SH02432,2025-07-15,Delhi,North,Delhi → North,TransGo,Road,Standard,Clear,1278.6,251.6,7.85,0.994,26.6,20.08,6.52,1,106.9,4.0
SH02433,2025-07-15,Bengaluru,South,Bengaluru → South,BlueLine,Road,Express,Clear,470.5,315.4,4.08,1.002,14.96,19.67,0.0,0,92.11,5.0
SH02434,2025-07-15,Delhi,West,Delhi → West,SwiftMove,Road,Express,Clear,585.3,1391.2,6.36,1.001,33.99,41.38,0.0,0,276.19,5.0
SH02435,2025-07-15,Kolkata,South,Kolkata → South,TransGo,Road,Standard,Clear,359.0,1776.5,5.28,1.015,53.88,57.76,0.0,0,210.62,4.0
SH02436,2025-07-15,Nagpur,South,Nagpur → South,BlueLine,Rail,Standard,Clear,307.2,1080.5,4.06,1.021,53.16,62.94,0.0,0,104.88,4.0
SH02437,2025-07-15,Mumbai,North,Mumbai → North,TransGo,Rail,Standard,Rain,211.6,1404.6,5.19,1.01,82.48,77.32,5.16,1,134.64,5.0
SH02438,2025-07-15,Nagpur,Central,Nagpur → Central,SwiftMove,Road,Standard,Rain,66.2,48.5,3.51,1.01,13.19,13.49,0.0,0,22.67,5.0
SH02439,2025-07-15,Delhi,Central,Delhi → Central,RapidFreight,Road,Express,Rain,219.0,1022.5,5.7,1.055,35.63,34.14,1.5,1,252.7,4.0
SH02440,2025-07-15,Mumbai,East,Mumbai → East,RapidFreight,Road,Standard,Rain,453.4,1989.9,4.99,1.023,55.32,64.02,0.0,0,342.07,5.0
SH02441,2025-07-16,Bengaluru,North,Bengaluru → North,TransGo,Rail,Standard,Rain,46.3,2315.5,5.4,1.02,106.63,103.54,3.08,1,176.06,
SH02442,2025-07-16,Delhi,South,Delhi → South,BlueLine,Road,Standard,Clear,57.2,2074.4,3.9,1.015,57.72,63.75,0.0,0,252.2,4.0
SH02443,2025-07-16,Mumbai,East,Mumbai → East,SwiftMove,Rail,Standard,Rain,1038.4,2292.9,4.24,1.012,94.09,105.7,0.0,0,230.21,4.0
SH02444,2025-07-16,Bengaluru,West,Bengaluru → West,TransGo,Road,Express,Clear,44.5,1048.2,4.03,0.999,27.55,34.07,0.0,0,162.59,5.0
SH02445,2025-07-16,Kolkata,Central,Kolkata → Central,SwiftMove,Road,Standard,Clear,191.2,1068.4,4.89,1.013,31.85,40.8,0.0,0,182.18,4.0
SH02446,2025-07-16,Bengaluru,East,Bengaluru → East,SwiftMove,Road,Standard,Clear,680.5,1927.2,6.38,1.009,47.34,59.65,0.0,0,288.87,5.0
SH02447,2025-07-16,Kolkata,East,Kolkata → East,SwiftMove,Road,Standard,Clear,168.1,350.0,5.75,1.005,19.71,23.59,0.0,0,61.76,5.0
SH02448,2025-07-16,Bengaluru,East,Bengaluru → East,RapidFreight,Rail,Standard,Clear,644.9,2054.7,9.03,1.0,76.06,95.21,0.0,0,268.66,5.0
SH02449,2025-07-16,Mumbai,South,Mumbai → South,BlueLine,Rail,Standard,Rain,1648.1,1071.9,6.1,1.014,63.69,66.69,0.0,0,131.3,5.0
SH02450,2025-07-16,Bengaluru,West,Bengaluru → West,SwiftMove,Road,Standard,Clear,221.1,919.7,5.19,1.011,30.32,35.51,0.0,0,148.48,
SH02451,2025-07-16,Kolkata,South,Kolkata → South,TransGo,Road,Standard,Rain,201.5,1995.5,5.66,1.015,65.05,63.01,2.04,1,229.45,5.0
SH02452,2025-07-16,Bengaluru,South,Bengaluru → South,RapidFreight,Road,Standard,Rain,195.0,41.6,5.97,1.008,14.57,14.47,0.09,1,38.99,4.0
SH02453,2025-07-16,Kolkata,North,Kolkata → North,TransGo,Air,Express,Clear,232.2,1562.2,5.33,1.01,34.28,31.76,2.51,1,413.91,4.0
SH02454,2025-07-17,Delhi,South,Delhi → South,SwiftMove,Road,Standard,Storm,658.8,2178.9,6.71,1.006,67.35,66.25,1.1,1,381.04,4.0
SH02455,2025-07-17,Delhi,Central,Delhi → Central,RapidFreight,Road,Standard,Clear,223.7,1073.7,6.3,1.005,29.61,39.77,0.0,0,170.33,
SH02456,2025-07-17,Delhi,East,Delhi → East,RapidFreight,Road,Express,Clear,64.3,1558.3,6.72,1.013,32.71,44.66,0.0,0,287.65,5.0
SH02457,2025-07-17,Nagpur,South,Nagpur → South,SwiftMove,Road,Standard,Clear,163.0,1020.6,7.22,1.0,31.34,36.78,0.0,0,162.86,5.0
SH02458,2025-07-17,Kolkata,South,Kolkata → South,RapidFreight,Rail,Standard,Rain,649.6,2124.5,3.87,1.006,88.92,99.17,0.0,0,219.63,5.0
SH02459,2025-07-17,Bengaluru,North,Bengaluru → North,SwiftMove,Road,Standard,Clear,56.1,2076.6,3.01,1.005,46.74,63.23,0.0,0,244.64,5.0
SH02460,2025-07-17,Kolkata,East,Kolkata → East,SwiftMove,Road,Express,Clear,71.4,129.6,5.34,1.005,11.35,17.75,0.0,0,37.0,5.0
SH02461,2025-07-17,Bengaluru,North,Bengaluru → North,RapidFreight,Road,Standard,Clear,466.4,2087.0,5.74,1.018,48.5,63.47,0.0,0,333.09,4.0
SH02462,2025-07-17,Kolkata,East,Kolkata → East,SwiftMove,Road,Standard,Rain,105.0,74.2,5.47,1.024,19.95,16.98,2.97,1,26.58,4.0
SH02463,2025-07-17,Kolkata,West,Kolkata → West,SwiftMove,Road,Express,Clear,53.8,1903.4,3.46,1.01,38.28,52.59,0.0,0,316.22,5.0
SH02464,2025-07-17,Mumbai,Central,Mumbai → Central,SwiftMove,Air,Express,Storm,881.5,842.9,4.82,1.018,41.34,31.64,9.7,1,1047.93,4.0
SH02465,2025-07-17,Bengaluru,East,Bengaluru → East,SwiftMove,Road,Standard,Rain,377.2,1726.7,5.24,1.016,50.26,54.84,0.0,0,250.54,5.0
SH02466,2025-07-17,Mumbai,Central,Mumbai → Central,RapidFreight,Rail,Standard,Clear,186.3,778.2,5.95,0.996,42.58,57.31,0.0,0,99.89,5.0
SH02467,2025-07-17,Bengaluru,North,Bengaluru → North,SwiftMove,Air,Express,Clear,50.3,2450.1,6.45,0.997,22.61,31.61,0.0,0,367.15,4.0
SH02468,2025-07-17,Kolkata,South,Kolkata → South,TransGo,Road,Standard,Fog,214.7,1837.4,3.68,1.018,67.92,59.22,8.7,1,200.72,4.0
SH02469,2025-07-17,Kolkata,South,Kolkata → South,TransGo,Rail,Standard,Clear,25.2,2018.3,4.62,1.01,78.83,95.77,0.0,0,167.4,4.0
SH02470,2025-07-17,Bengaluru,North,Bengaluru → North,RapidFreight,Rail,Standard,Clear,172.8,2418.7,3.84,1.03,92.27,106.84,0.0,0,262.71,
SH02471,2025-07-17,Delhi,South,Delhi → South,BlueLine,Air,Express,Rain,103.4,2273.5,6.56,1.027,31.6,31.87,0.0,0,429.89,5.0
SH02472,2025-07-17,Delhi,East,Delhi → East,BlueLine,Rail,Standard,Rain,44.1,1686.4,4.99,0.995,72.91,84.02,0.0,0,141.07,4.0
SH02473,2025-07-18,Bengaluru,South,Bengaluru → South,BlueLine,Road,Standard,Rain,80.2,67.2,3.82,1.009,15.41,15.08,0.33,1,23.58,4.0
SH02474,2025-07-18,Mumbai,East,Mumbai → East,RapidFreight,Road,Standard,Clear,753.4,2282.1,6.26,1.008,61.41,71.02,0.0,0,398.47,5.0
SH02475,2025-07-18,Delhi,West,Delhi → West,SwiftMove,Road,Standard,Rain,139.0,1418.4,4.44,1.031,44.3,48.03,0.0,0,193.68,5.0
SH02476,2025-07-18,Delhi,Central,Delhi → Central,BlueLine,Road,Standard,Clear,36.1,1173.1,3.97,1.011,37.71,42.16,0.0,0,143.16,4.0
SH02477,2025-07-18,Bengaluru,South,Bengaluru → South,TransGo,Road,Express,Clear,99.7,190.0,2.49,1.017,13.66,17.21,0.0,0,38.95,5.0
SH02478,2025-07-18,Mumbai,South,Mumbai → South,TransGo,Road,Standard,Clear,3300.0,948.9,6.87,1.01,42.22,39.08,3.14,1,287.62,5.0
SH02479,2025-07-18,Bengaluru,North,Bengaluru → North,SwiftMove,Rail,Standard,Rain,1027.0,2440.1,7.6,1.005,105.58,107.52,0.0,0,219.22,
SH02480,2025-07-18,Delhi,North,Delhi → North,BlueLine,Road,Standard,Rain,44.5,66.2,7.34,1.007,21.96,15.64,6.32,1,20.68,4.0
SH02481,2025-07-18,Delhi,South,Delhi → South,BlueLine,Road,Standard,Rain,225.4,2186.9,6.93,1.015,61.63,66.44,0.0,0,239.15,5.0
SH02482,2025-07-18,Delhi,West,Delhi → West,BlueLine,Rail,Standard,Clear,258.0,1468.6,4.58,0.986,61.56,77.06,0.0,0,125.53,4.0
SH02483,2025-07-18,Kolkata,West,Kolkata → West,SwiftMove,Road,Standard,Clear,1644.9,1889.1,4.81,1.016,53.28,60.46,0.0,0,322.82,5.0
SH02484,2025-07-18,Bengaluru,West,Bengaluru → West,TransGo,Air,Express,Clear,132.2,1003.1,3.81,0.992,25.76,29.05,0.0,0,255.26,5.0
SH02485,2025-07-18,Mumbai,North,Mumbai → North,BlueLine,Rail,Standard,Storm,116.8,1606.0,6.45,1.006,81.09,83.75,0.0,0,139.63,5.0
SH02486,2025-07-19,Mumbai,East,Mumbai → East,SwiftMove,Rail,Standard,Clear,519.5,2146.8,5.79,1.011,76.99,101.03,0.0,0,178.92,3.0
SH02487,2025-07-19,Delhi,North,Delhi → North,BlueLine,Road,Express,Clear,275.1,165.6,3.38,1.01,12.09,17.3,0.0,0,46.35,
SH02488,2025-07-19,Delhi,East,Delhi → East,BlueLine,Road,Standard,Storm,145.4,1481.6,4.92,1.035,61.31,49.55,11.76,1,190.09,5.0
SH02489,2025-07-19,Mumbai,Central,Mumbai → Central,BlueLine,Air,Express,Clear,65.0,820.3,6.53,1.02,27.79,31.6,0.0,0,207.33,5.0
SH02490,2025-07-19,Mumbai,North,Mumbai → North,TransGo,Rail,Standard,Rain,93.4,1580.2,5.51,1.014,83.47,82.93,0.54,1,120.42,
SH02491,2025-07-19,Delhi,East,Delhi → East,BlueLine,Road,Standard,Clear,253.1,1419.2,4.39,1.003,37.61,48.05,0.0,0,176.96,
SH02492,2025-07-19,Delhi,Central,Delhi → Central,BlueLine,Rail,Standard,Clear,976.0,1135.0,5.63,1.006,56.74,66.41,0.0,0,143.12,5.0
SH02493,2025-07-19,Bengaluru,North,Bengaluru → North,SwiftMove,Rail,Standard,Rain,65.6,2117.3,4.39,0.994,74.51,97.21,0.0,0,174.95,5.0
SH02494,2025-07-19,Nagpur,South,Nagpur → South,TransGo,Road,Standard,Clear,67.9,994.9,5.13,1.012,33.46,36.16,0.0,0,141.67,5.0
SH02495,2025-07-19,Bengaluru,South,Bengaluru → South,TransGo,Road,Standard,Storm,234.5,297.0,5.56,1.012,40.29,20.59,19.7,1,60.05,3.0
SH02496,2025-07-19,Kolkata,West,Kolkata → West,BlueLine,Air,Express,Clear,186.1,1915.3,3.03,1.005,24.65,32.39,0.0,0,479.36,5.0
SH02497,2025-07-19,Mumbai,South,Mumbai → South,SwiftMove,Road,Standard,Clear,,915.9,4.33,1.02,24.34,38.29,0.0,0,138.68,4.0
SH02498,2025-07-19,Bengaluru,East,Bengaluru → East,BlueLine,Road,Express,Storm,324.0,2024.0,3.64,1.001,58.32,53.24,5.08,1,408.8,5.0
SH02499,2025-07-19,Nagpur,Central,Nagpur → Central,BlueLine,Road,Express,Clear,299.4,40.5,4.07,0.997,8.76,13.12,0.0,0,43.6,5.0
SH02500,2025-07-19,Kolkata,West,Kolkata → West,RapidFreight,Air,Express,Clear,927.0,2275.9,4.05,1.016,23.85,33.03,0.0,0,1420.13,
SH02501,2025-07-20,Bengaluru,North,Bengaluru → North,SwiftMove,Road,Standard,Storm,431.0,2188.4,2.49,1.014,65.46,65.91,0.0,0,360.39,3.0
SH02502,2025-07-20,Bengaluru,South,Bengaluru → South,TransGo,Road,Standard,Rain,438.9,144.1,6.23,1.009,23.57,16.93,6.64,1,55.07,4.0
SH02503,2025-07-20,Kolkata,North,Kolkata → North,BlueLine,Road,Standard,Storm,212.4,1504.3,4.05,1.011,47.65,51.24,0.0,0,221.22,5.0
SH02504,2025-07-20,Mumbai,East,Mumbai → East,BlueLine,Road,Standard,Rain,102.2,2078.6,5.21,1.004,62.59,66.15,0.0,0,266.58,4.0
SH02505,2025-07-20,Bengaluru,East,Bengaluru → East,TransGo,Road,Standard,Clear,445.1,1822.3,3.84,1.01,60.07,57.13,2.93,1,223.53,5.0
SH02506,2025-07-20,Delhi,West,Delhi → West,BlueLine,Road,Standard,Fog,425.3,1431.3,5.63,1.002,53.63,48.34,5.28,1,190.96,4.0
SH02507,2025-07-20,Mumbai,West,Mumbai → West,RapidFreight,Road,Standard,Fog,359.6,82.0,8.94,1.012,22.99,18.31,4.67,1,44.64,4.0
SH02508,2025-07-21,Kolkata,South,Kolkata → South,SwiftMove,Road,Standard,Clear,226.1,2055.6,5.5,1.007,57.67,64.45,0.0,0,289.94,4.0
SH02509,2025-07-21,Nagpur,South,Nagpur → South,TransGo,Rail,Standard,Fog,60.4,1113.7,5.44,1.02,68.47,64.0,4.47,1,104.98,5.0
SH02510,2025-07-21,Nagpur,West,Nagpur → West,TransGo,Road,Standard,Clear,299.5,946.7,3.74,1.009,34.26,35.01,0.0,0,132.59,5.0
SH02511,2025-07-21,Mumbai,North,Mumbai → North,RapidFreight,Rail,Standard,Clear,232.2,1375.6,6.88,1.009,58.46,76.39,0.0,0,149.86,4.0
SH02512,2025-07-21,Delhi,South,Delhi → South,SwiftMove,Road,Standard,Clear,78.9,2108.9,5.81,1.011,59.61,64.58,0.0,0,289.25,4.0
SH02513,2025-07-21,Kolkata,North,Kolkata → North,TransGo,Road,Express,Clear,195.6,1582.3,4.9,1.003,47.17,46.29,0.88,1,228.08,4.0
SH02514,2025-07-21,Delhi,East,Delhi → East,SwiftMove,Air,Express,Rain,41.0,1714.8,4.78,0.999,25.34,30.88,0.0,0,260.79,5.0
SH02515,2025-07-21,Mumbai,Central,Mumbai → Central,RapidFreight,Road,Standard,Clear,48.0,876.4,6.81,1.017,27.22,37.35,0.0,0,120.87,5.0
SH02516,2025-07-21,Delhi,Central,Delhi → Central,BlueLine,Rail,Standard,Rain,717.7,1037.6,5.88,1.004,56.25,63.3,0.0,0,102.88,5.0
SH02517,2025-07-21,Bengaluru,North,Bengaluru → North,SwiftMove,Rail,Standard,Rain,898.7,2290.5,1.13,0.998,83.52,102.74,0.0,0,201.95,
SH02518,2025-07-21,Mumbai,East,Mumbai → East,SwiftMove,Rail,Standard,Clear,47.1,1852.9,3.95,1.01,67.47,91.64,0.0,0,155.4,5.0
SH02519,2025-07-21,Bengaluru,East,Bengaluru → East,TransGo,Air,Express,Clear,203.6,2020.0,3.68,1.008,27.24,30.85,0.0,0,463.91,4.0
SH02520,2025-07-21,Mumbai,South,Mumbai → South,RapidFreight,Road,Standard,Clear,248.4,1056.5,8.48,1.012,32.55,41.66,0.0,0,185.08,4.0
SH02521,2025-07-21,Delhi,West,Delhi → West,SwiftMove,Road,Express,Rain,458.5,1365.7,6.88,1.021,33.56,40.88,0.0,0,260.84,5.0
SH02522,2025-07-21,Delhi,West,Delhi → West,TransGo,Road,Standard,Fog,45.4,1472.6,6.03,1.006,54.77,49.33,5.44,1,161.69,5.0
SH02523,2025-07-21,Nagpur,West,Nagpur → West,SwiftMove,Road,Standard,Rain,154.0,768.2,4.29,1.005,26.55,30.73,0.0,0,102.71,5.0
SH02524,2025-07-21,Bengaluru,North,Bengaluru → North,TransGo,Rail,Standard,Clear,353.5,2157.5,2.38,1.006,90.09,98.5,0.0,0,192.22,4.0
SH02525,2025-07-21,Mumbai,North,Mumbai → North,BlueLine,Rail,Standard,Clear,988.2,1490.0,7.83,1.004,76.59,80.05,0.0,0,146.53,5.0
SH02526,2025-07-21,Kolkata,North,Kolkata → North,BlueLine,Air,Express,Storm,347.1,1615.7,5.97,1.014,39.62,31.86,7.76,1,664.25,4.0
SH02527,2025-07-21,Delhi,West,Delhi → West,SwiftMove,Air,Express,Storm,341.5,1441.3,3.91,1.014,40.48,30.4,10.08,1,604.62,4.0
SH02528,2025-07-21,Delhi,North,Delhi → North,TransGo,Road,Standard,Clear,863.1,226.6,6.22,1.01,24.99,19.48,5.52,1,83.63,4.0
SH02529,2025-07-21,Delhi,North,Delhi → North,SwiftMove,Road,Standard,Rain,293.2,158.8,4.4,1.02,19.72,17.86,1.87,1,56.24,4.0
SH02530,2025-07-21,Delhi,West,Delhi → West,TransGo,Road,Express,Fog,210.1,1577.2,5.13,1.007,43.42,45.04,0.0,0,214.95,4.0
SH02531,2025-07-21,Bengaluru,South,Bengaluru → South,BlueLine,Road,Standard,Rain,114.8,250.4,5.95,1.005,20.69,19.47,1.22,1,40.37,5.0
SH02532,2025-07-22,Bengaluru,South,Bengaluru → South,SwiftMove,Road,Standard,Rain,55.7,283.8,6.62,1.015,17.52,20.28,0.0,0,53.15,4.0
SH02533,2025-07-22,Nagpur,West,Nagpur → West,TransGo,Road,Standard,Clear,45.7,852.6,5.84,1.026,31.5,32.75,0.0,0,127.55,5.0
SH02534,2025-07-22,Bengaluru,Central,Bengaluru → Central,SwiftMove,Road,Standard,Storm,162.8,1112.0,5.66,1.003,45.9,40.12,5.78,1,158.33,5.0
SH02535,2025-07-22,Kolkata,South,Kolkata → South,BlueLine,Air,Express,Storm,388.2,2027.0,3.22,1.009,48.33,32.59,15.74,1,741.65,4.0
SH02536,2025-07-22,Mumbai,West,Mumbai → West,BlueLine,Road,Standard,Rain,173.6,85.3,6.5,1.007,21.06,18.39,2.67,1,28.33,5.0
SH02537,2025-07-22,Bengaluru,East,Bengaluru → East,SwiftMove,Road,Standard,Clear,86.5,1850.7,5.18,1.009,43.93,57.82,0.0,0,277.76,5.0
SH02538,2025-07-22,Kolkata,South,Kolkata → South,TransGo,Rail,Standard,Clear,52.2,1808.8,4.45,1.013,70.87,89.08,0.0,0,135.44,5.0
SH02539,2025-07-22,Kolkata,South,Kolkata → South,TransGo,Rail,Standard,Storm,222.5,2068.4,6.99,1.013,103.08,97.37,5.71,1,163.15,4.0
SH02540,2025-07-23,Kolkata,South,Kolkata → South,RapidFreight,Road,Standard,Rain,120.7,2109.1,4.87,1.005,55.87,65.73,0.0,0,333.58,4.0
SH02541,2025-07-23,Bengaluru,West,Bengaluru → West,SwiftMove,Road,Standard,Clear,545.0,1112.1,3.61,1.002,32.68,40.12,0.0,0,146.38,5.0
SH02542,2025-07-23,Mumbai,South,Mumbai → South,RapidFreight,Road,Standard,Storm,192.3,1121.4,6.1,1.004,56.79,43.22,13.57,1,224.25,4.0
SH02543,2025-07-23,Mumbai,Central,Mumbai → Central,SwiftMove,Rail,Standard,Rain,974.7,836.2,5.1,1.011,56.3,59.16,0.0,0,127.96,5.0
SH02544,2025-07-23,Bengaluru,West,Bengaluru → West,TransGo,Road,Standard,Rain,556.9,1119.9,3.12,1.004,39.31,40.31,0.0,0,178.51,5.0
SH02545,2025-07-23,Nagpur,Central,Nagpur → Central,TransGo,Road,Standard,Clear,419.4,213.5,7.44,1.022,18.38,17.44,0.94,1,55.42,4.0
SH02546,2025-07-23,Kolkata,South,Kolkata → South,BlueLine,Road,Standard,Clear,118.7,1736.6,7.82,1.017,55.09,56.81,0.0,0,194.86,4.0
SH02547,2025-07-23,Mumbai,North,Mumbai → North,SwiftMove,Road,Standard,Clear,166.3,1290.1,5.26,1.001,39.57,47.26,0.0,0,176.83,4.0
SH02548,2025-07-23,Bengaluru,South,Bengaluru → South,SwiftMove,Road,Standard,Clear,169.9,102.2,6.35,0.997,10.74,15.92,0.0,0,39.5,4.0
SH02549,2025-07-23,Bengaluru,North,Bengaluru → North,RapidFreight,Road,Standard,Rain,289.4,2175.6,4.31,1.006,60.03,65.6,0.0,0,337.69,5.0
SH02550,2025-07-23,Nagpur,Central,Nagpur → Central,RapidFreight,Road,Standard,Fog,166.0,91.2,7.14,1.012,15.28,14.51,0.77,1,40.29,5.0
SH02551,2025-07-23,Delhi,West,Delhi → West,TransGo,Road,Standard,Rain,309.1,1330.0,6.87,0.99,49.09,45.91,3.18,1,174.98,5.0
SH02552,2025-07-23,Mumbai,East,Mumbai → East,TransGo,Road,Standard,Rain,641.7,2179.6,6.33,1.017,68.96,68.57,0.39,1,258.28,
SH02553,2025-07-23,Bengaluru,South,Bengaluru → South,BlueLine,Road,Standard,Rain,181.5,142.7,5.41,1.007,19.65,16.89,2.76,1,32.98,4.0
SH02554,2025-07-24,Bengaluru,Central,Bengaluru → Central,SwiftMove,Road,Standard,Rain,113.1,1004.7,3.48,0.992,34.79,37.54,0.0,0,136.35,4.0
SH02555,2025-07-24,Bengaluru,West,Bengaluru → West,TransGo,Rail,Standard,Rain,942.0,961.6,5.08,1.015,52.36,60.29,0.0,0,128.12,4.0
SH02556,2025-07-24,Nagpur,West,Nagpur → West,SwiftMove,Road,Standard,Rain,65.4,919.4,3.8,1.003,30.0,34.35,0.0,0,128.94,4.0
SH02557,2025-07-24,Bengaluru,South,Bengaluru → South,TransGo,Road,Standard,Clear,436.9,349.1,4.14,1.01,21.25,21.84,0.0,0,72.14,4.0
SH02558,2025-07-24,Bengaluru,West,Bengaluru → West,SwiftMove,Rail,Standard,Clear,60.5,980.4,6.18,0.999,57.05,60.89,0.0,0,80.04,5.0
SH02559,2025-07-24,Mumbai,East,Mumbai → East,TransGo,Rail,Standard,Clear,101.5,2290.2,5.94,1.015,92.54,105.61,0.0,0,172.19,5.0
SH02560,2025-07-24,Kolkata,South,Kolkata → South,RapidFreight,Road,Standard,Clear,551.1,1788.7,4.77,1.016,54.48,58.05,0.0,0,297.98,5.0
SH02561,2025-07-24,Delhi,North,Delhi → North,SwiftMove,Road,Express,Rain,81.2,165.7,6.87,0.995,18.55,17.3,1.24,1,45.57,5.0
SH02562,2025-07-24,Mumbai,South,Mumbai → South,BlueLine,Road,Standard,Clear,265.8,964.6,6.79,1.013,32.62,39.46,0.0,0,131.66,5.0
SH02563,2025-07-24,Delhi,Central,Delhi → Central,TransGo,Rail,Standard,Rain,270.6,1124.8,4.76,0.996,63.18,66.08,0.0,0,111.24,5.0
SH02564,2025-07-24,Nagpur,South,Nagpur → South,SwiftMove,Road,Standard,Clear,2027.7,1086.7,6.68,1.025,32.6,38.36,0.0,0,271.88,5.0
SH02565,2025-07-24,Nagpur,West,Nagpur → West,SwiftMove,Road,Standard,Rain,537.1,814.9,3.71,1.019,24.87,31.85,0.0,0,151.3,4.0
SH02566,2025-07-24,Mumbai,North,Mumbai → North,SwiftMove,Road,Standard,Rain,60.3,1607.8,3.62,1.001,47.77,54.87,0.0,0,227.29,5.0
SH02567,2025-07-24,Mumbai,South,Mumbai → South,TransGo,Road,Standard,Clear,158.9,1107.4,4.99,1.006,34.74,42.88,0.0,0,164.35,5.0
SH02568,2025-07-24,Mumbai,North,Mumbai → North,SwiftMove,Road,Standard,Rain,74.6,1344.2,7.14,1.002,46.0,48.56,0.0,0,166.47,4.0
SH02569,2025-07-24,Delhi,South,Delhi → South,RapidFreight,Road,Standard,Storm,200.1,2009.3,5.66,0.998,66.42,62.19,4.23,1,328.18,4.0
SH02570,2025-07-24,Delhi,East,Delhi → East,TransGo,Road,Standard,Rain,120.2,1692.8,4.85,0.988,62.76,54.61,8.15,1,197.08,4.0
SH02571,2025-07-25,Nagpur,East,Nagpur → East,RapidFreight,Road,Standard,Clear,612.2,1262.7,5.35,1.014,39.83,42.58,0.0,0,241.42,5.0
SH02572,2025-07-25,Mumbai,West,Mumbai → West,BlueLine,Road,Standard,Clear,437.1,106.7,5.35,1.034,19.9,18.91,1.0,1,50.3,5.0
SH02573,2025-07-25,Delhi,Central,Delhi → Central,BlueLine,Rail,Standard,Rain,172.4,1181.9,4.78,1.003,73.98,67.9,6.08,1,112.07,5.0
SH02574,2025-07-25,Kolkata,East,Kolkata → East,SwiftMove,Road,Standard,Rain,514.9,337.6,5.25,1.01,26.2,23.29,2.91,1,89.17,4.0
SH02575,2025-07-25,Bengaluru,West,Bengaluru → West,SwiftMove,Road,Standard,Clear,220.9,993.8,6.95,1.015,27.98,37.29,0.0,0,136.66,5.0
SH02576,2025-07-25,Delhi,North,Delhi → North,TransGo,Road,Express,Clear,215.3,281.6,7.78,1.02,23.7,19.58,4.12,1,54.52,5.0
SH02577,2025-07-25,Bengaluru,West,Bengaluru → West,TransGo,Rail,Standard,Clear,298.0,903.8,4.99,1.006,55.29,58.44,0.0,0,104.72,4.0
SH02578,2025-07-25,Delhi,East,Delhi → East,TransGo,Road,Standard,Clear,175.4,1636.9,5.43,1.016,48.34,53.27,0.0,0,194.0,5.0
SH02579,2025-07-25,Bengaluru,North,Bengaluru → North,TransGo,Rail,Standard,Clear,568.1,2350.6,4.1,1.012,80.8,104.66,0.0,0,200.09,5.0
SH02580,2025-07-25,Delhi,West,Delhi → West,RapidFreight,Road,Standard,Clear,618.8,1450.6,5.55,0.996,39.41,48.81,0.0,0,243.25,5.0
SH02581,2025-07-25,Mumbai,Central,Mumbai → Central,SwiftMove,Air,Express,Storm,148.9,941.2,5.81,1.009,47.63,31.82,15.81,1,337.53,4.0
SH02582,2025-07-26,Nagpur,Central,Nagpur → Central,BlueLine,Road,Express,Rain,129.0,48.4,5.23,1.017,16.38,13.28,3.11,1,28.43,5.0
SH02583,2025-07-26,Delhi,North,Delhi → North,RapidFreight,Road,Standard,Clear,30.8,155.8,4.99,1.008,8.91,17.78,0.0,0,34.81,5.0
SH02584,2025-07-26,Delhi,Central,Delhi → Central,TransGo,Road,Express,Storm,918.5,1148.6,7.57,1.029,47.26,36.62,10.65,1,244.85,
SH02585,2025-07-26,Nagpur,Central,Nagpur → Central,BlueLine,Road,Standard,Clear,10.0,49.6,5.42,1.027,9.19,13.51,0.0,0,16.7,4.0
SH02586,2025-07-26,Nagpur,West,Nagpur → West,TransGo,Road,Standard,Clear,335.7,877.7,6.54,1.008,32.54,33.35,0.0,0,120.81,5.0
SH02587,2025-07-26,Mumbai,East,Mumbai → East,RapidFreight,Road,Standard,Rain,336.8,2292.6,7.33,1.014,65.95,71.28,0.0,0,363.06,4.0
SH02588,2025-07-26,Bengaluru,North,Bengaluru → North,BlueLine,Road,Standard,Clear,43.6,2368.2,6.51,1.003,60.33,70.21,0.0,0,296.95,5.0
SH02589,2025-07-26,Nagpur,West,Nagpur → West,TransGo,Road,Express,Storm,794.5,773.7,3.88,0.994,44.82,27.52,17.29,1,164.26,3.0
SH02590,2025-07-26,Bengaluru,South,Bengaluru → South,SwiftMove,Road,Express,Clear,190.2,227.4,5.58,1.01,14.85,17.94,0.0,0,60.2,5.0
SH02591,2025-07-26,Kolkata,East,Kolkata → East,SwiftMove,Road,Standard,Rain,91.9,213.1,3.12,1.015,17.65,20.31,0.0,0,42.66,5.0
SH02592,2025-07-26,Nagpur,Central,Nagpur → Central,BlueLine,Road,Express,Clear,138.5,146.5,3.76,1.017,9.54,15.2,0.0,0,47.01,5.0
SH02593,2025-07-26,Delhi,West,Delhi → West,RapidFreight,Road,Express,Storm,94.9,1341.1,4.23,1.011,47.06,40.4,6.66,1,298.53,5.0
SH02594,2025-07-26,Nagpur,North,Nagpur → North,BlueLine,Road,Standard,Rain,154.5,1031.5,2.26,1.011,32.87,37.04,0.0,0,134.53,5.0
SH02595,2025-07-26,Bengaluru,East,Bengaluru → East,SwiftMove,Road,Standard,Rain,156.3,1764.5,4.94,1.028,51.12,55.75,0.0,0,240.94,5.0
SH02596,2025-07-26,Mumbai,North,Mumbai → North,RapidFreight,Rail,Standard,Rain,543.5,1542.4,6.62,1.019,66.57,81.72,0.0,0,183.34,5.0
SH02597,2025-07-26,Delhi,North,Delhi → North,RapidFreight,Road,Standard,Clear,414.3,46.6,4.03,1.017,6.54,15.17,0.0,0,50.35,
SH02598,2025-07-27,Delhi,West,Delhi → West,BlueLine,Road,Standard,Clear,246.4,1454.1,5.03,1.006,38.93,48.89,0.0,0,197.15,5.0
SH02599,2025-07-27,Mumbai,West,Mumbai → West,SwiftMove,Road,Standard,Clear,132.4,302.5,4.3,1.009,15.49,23.6,0.0,0,50.33,
SH02600,2025-07-27,Delhi,West,Delhi → West,SwiftMove,Road,Standard,Fog,735.3,1507.2,6.09,1.008,56.27,50.16,6.11,1,236.1,5.0
SH02601,2025-07-27,Mumbai,South,Mumbai → South,SwiftMove,Rail,Standard,Storm,616.7,1024.9,5.91,1.02,60.68,65.19,0.0,0,157.55,5.0
SH02602,2025-07-27,Delhi,Central,Delhi → Central,BlueLine,Road,Standard,Clear,252.3,1136.5,7.15,1.024,34.16,41.28,0.0,0,147.14,5.0
SH02603,2025-07-27,Bengaluru,South,Bengaluru → South,RapidFreight,Road,Standard,Clear,27.6,74.1,7.59,1.023,9.9,15.25,0.0,0,22.63,4.0
SH02604,2025-07-27,Bengaluru,West,Bengaluru → West,BlueLine,Road,Standard,Rain,828.8,961.1,4.89,1.01,29.98,36.5,0.0,0,176.63,4.0
SH02605,2025-07-27,Kolkata,East,Kolkata → East,TransGo,Road,Standard,Clear,146.4,101.4,2.44,1.0,18.45,17.63,0.82,1,30.21,4.0
SH02606,2025-07-27,Bengaluru,East,Bengaluru → East,RapidFreight,Road,Standard,Clear,159.7,2107.7,4.84,1.026,55.13,63.97,0.0,0,310.55,5.0
SH02607,2025-07-27,Nagpur,East,Nagpur → East,SwiftMove,Road,Standard,Rain,204.4,1040.7,2.41,1.019,31.76,37.26,0.0,0,150.19,5.0
SH02608,2025-07-27,Mumbai,East,Mumbai → East,SwiftMove,Rail,Standard,Clear,1125.0,1851.9,4.08,1.002,76.51,91.61,0.0,0,193.22,4.0
SH02609,2025-07-28,Bengaluru,West,Bengaluru → West,BlueLine,Road,Express,Storm,1133.4,1018.7,2.53,1.007,41.21,33.49,7.72,1,230.4,4.0
SH02610,2025-07-28,Kolkata,North,Kolkata → North,TransGo,Rail,Standard,Clear,130.7,1465.3,6.16,0.998,87.35,78.11,9.25,1,136.56,3.0
SH02611,2025-07-28,Kolkata,North,Kolkata → North,SwiftMove,Road,Standard,Storm,1096.0,1675.7,3.7,0.999,66.15,55.35,10.8,1,277.59,4.0
SH02612,2025-07-28,Kolkata,East,Kolkata → East,SwiftMove,Road,Express,Fog,176.6,332.2,7.48,1.012,22.49,21.73,0.76,1,85.3,4.0
SH02613,2025-07-28,Nagpur,Central,Nagpur → Central,BlueLine,Road,Express,Rain,655.5,248.4,3.9,1.019,18.44,17.2,1.24,1,97.89,4.0
SH02614,2025-07-28,Bengaluru,West,Bengaluru → West,TransGo,Rail,Standard,Clear,115.1,1051.8,4.57,1.008,61.04,63.17,0.0,0,85.33,4.0
SH02615,2025-07-28,Mumbai,North,Mumbai → North,RapidFreight,Rail,Standard,Rain,1521.9,1396.8,7.05,1.013,67.54,77.07,0.0,0,214.58,4.0
SH02616,2025-07-28,Mumbai,South,Mumbai → South,TransGo,Rail,Standard,Clear,206.6,1112.1,6.68,1.007,80.38,67.98,12.41,1,91.12,3.0
SH02617,2025-07-28,Kolkata,East,Kolkata → East,SwiftMove,Road,Standard,Clear,576.3,65.8,4.83,0.991,10.61,16.78,0.0,0,59.97,5.0
SH02618,2025-07-28,Bengaluru,South,Bengaluru → South,RapidFreight,Road,Express,Clear,341.9,262.4,7.35,1.015,13.29,18.63,0.0,0,84.22,
SH02619,2025-07-28,Delhi,West,Delhi → West,SwiftMove,Road,Standard,Rain,2475.6,1554.9,3.75,1.004,52.68,51.3,1.37,1,317.22,5.0
SH02620,2025-07-28,Nagpur,Central,Nagpur → Central,SwiftMove,Road,Standard,Rain,343.5,188.0,4.39,1.005,15.5,16.83,0.0,0,50.43,5.0
SH02621,2025-07-28,Delhi,West,Delhi → West,BlueLine,Air,Express,Clear,105.0,1312.7,4.02,0.985,22.51,30.17,0.0,0,269.93,5.0
SH02622,2025-07-28,Nagpur,South,Nagpur → South,SwiftMove,Road,Standard,Clear,578.7,978.1,2.85,1.014,26.39,35.76,0.0,0,177.33,4.0
SH02623,2025-07-28,Delhi,Central,Delhi → Central,BlueLine,Air,Express,Rain,1894.9,1112.9,4.19,1.002,34.31,29.82,4.49,1,1976.8,5.0
SH02624,2025-07-28,Mumbai,East,Mumbai → East,SwiftMove,Road,Express,Clear,175.6,2237.3,6.2,1.001,58.85,60.3,0.0,0,400.86,5.0
SH02625,2025-07-28,Mumbai,North,Mumbai → North,BlueLine,Road,Standard,Storm,147.1,1410.1,4.37,1.013,55.32,50.13,5.19,1,179.26,4.0
SH02626,2025-07-28,Bengaluru,Central,Bengaluru → Central,RapidFreight,Air,Express,Rain,103.3,1095.3,6.18,1.011,25.51,29.21,0.0,0,300.78,3.0
SH02627,2025-08-01,Mumbai,East,Mumbai → East,SwiftMove,Road,Express,Clear,46.4,1890.2,8.0,1.034,40.59,53.49,0.0,0,285.75,5.0
SH02628,2025-08-01,Bengaluru,Central,Bengaluru → Central,BlueLine,Road,Express,Clear,71.3,1031.5,3.63,1.029,24.13,33.74,0.0,0,167.47,5.0
SH02629,2025-08-01,Kolkata,South,Kolkata → South,TransGo,Road,Standard,Rain,1068.9,1962.4,5.7,1.032,74.38,62.22,12.16,1,257.29,4.0
SH02630,2025-08-01,Delhi,West,Delhi → West,BlueLine,Rail,Standard,Clear,624.3,1603.5,5.79,1.024,62.76,81.37,0.0,0,163.34,5.0
SH02631,2025-08-01,Bengaluru,North,Bengaluru → North,RapidFreight,Road,Standard,Clear,119.8,2350.8,6.02,1.017,57.02,69.8,0.0,0,375.77,5.0
SH02632,2025-08-01,Mumbai,North,Mumbai → North,TransGo,Air,Express,Clear,105.1,1351.4,6.48,1.012,26.88,32.54,0.0,0,305.33,5.0
SH02633,2025-08-01,Mumbai,West,Mumbai → West,TransGo,Road,Standard,Rain,68.7,328.0,7.42,1.028,28.67,24.21,4.46,1,48.83,4.0
SH02634,2025-08-01,Kolkata,South,Kolkata → South,RapidFreight,Air,Express,Storm,514.2,1886.0,3.93,1.019,39.74,32.34,7.4,1,1042.0,5.0
SH02635,2025-08-01,Bengaluru,East,Bengaluru → East,TransGo,Road,Express,Rain,584.8,1845.9,2.85,1.022,47.98,49.74,0.0,0,284.63,4.0
SH02636,2025-08-01,Mumbai,North,Mumbai → North,RapidFreight,Road,Standard,Rain,145.1,1541.0,5.44,1.021,43.71,53.27,0.0,0,224.43,4.0
SH02637,2025-08-01,Bengaluru,East,Bengaluru → East,SwiftMove,Road,Express,Clear,383.4,1919.8,7.2,1.019,40.96,51.19,0.0,0,290.98,5.0
SH02638,2025-08-01,Bengaluru,Central,Bengaluru → Central,SwiftMove,Road,Standard,Clear,137.2,1112.9,8.18,1.013,37.49,40.14,0.0,0,142.01,5.0
SH02639,2025-08-01,Mumbai,North,Mumbai → North,BlueLine,Road,Standard,Rain,80.0,1356.2,8.2,1.038,49.28,48.84,0.43,1,198.74,4.0
SH02640,2025-08-01,Mumbai,North,Mumbai → North,SwiftMove,Rail,Standard,Rain,301.2,1443.2,4.98,1.033,68.23,78.55,0.0,0,135.29,4.0
SH02641,2025-08-02,Delhi,South,Delhi → South,RapidFreight,Rail,Standard,Clear,548.8,2338.4,7.58,1.038,85.93,104.85,0.0,0,254.08,4.0
SH02642,2025-08-02,Nagpur,West,Nagpur → West,TransGo,Road,Express,Rain,118.7,896.9,4.15,1.032,32.56,29.95,2.61,1,124.93,4.0
SH02643,2025-08-02,Delhi,South,Delhi → South,SwiftMove,Road,Standard,Storm,259.7,2194.8,3.64,1.021,66.65,66.63,0.02,1,335.53,5.0
SH02644,2025-08-02,Nagpur,North,Nagpur → North,RapidFreight,Road,Standard,Clear,904.7,969.5,2.62,1.026,21.5,35.55,0.0,0,208.48,5.0
SH02645,2025-08-02,Bengaluru,South,Bengaluru → South,BlueLine,Road,Standard,Rain,275.7,289.0,6.59,1.03,21.21,20.4,0.81,1,65.48,5.0
SH02646,2025-08-02,Delhi,North,Delhi → North,RapidFreight,Road,Express,Rain,487.8,349.9,6.37,1.025,17.91,20.92,0.0,0,121.1,4.0
SH02647,2025-08-02,Kolkata,Central,Kolkata → Central,SwiftMove,Road,Standard,Rain,482.6,1168.2,3.88,1.025,39.3,43.19,0.0,0,155.28,5.0
SH02648,2025-08-02,Delhi,West,Delhi → West,BlueLine,Road,Standard,Rain,278.9,1294.8,5.37,1.033,41.83,45.07,0.0,0,166.53,
SH02649,2025-08-02,Kolkata,East,Kolkata → East,RapidFreight,Road,Express,Rain,161.1,49.0,6.08,1.024,17.33,16.16,1.16,1,35.96,5.0
SH02650,2025-08-02,Bengaluru,East,Bengaluru → East,TransGo,Air,Express,Rain,368.9,1766.0,6.07,1.036,40.81,30.4,10.41,1,652.14,4.0
SH02651,2025-08-02,Delhi,North,Delhi → North,BlueLine,Road,Standard,Rain,350.1,188.1,4.52,1.032,19.27,18.56,0.71,1,53.99,5.0
SH02652,2025-08-02,Delhi,South,Delhi → South,BlueLine,Rail,Standard,Rain,285.0,2384.3,6.37,1.022,88.62,106.32,0.0,0,172.14,5.0
SH02653,2025-08-02,Bengaluru,West,Bengaluru → West,TransGo,Road,Standard,Rain,2707.0,1072.1,3.06,1.049,43.72,39.16,4.56,1,278.54,4.0
SH02654,2025-08-02,Nagpur,North,Nagpur → North,SwiftMove,Road,Standard,Rain,194.2,978.6,5.02,1.017,34.69,35.77,0.0,0,140.09,5.0
SH02655,2025-08-02,Bengaluru,North,Bengaluru → North,SwiftMove,Road,Express,Rain,233.0,2316.4,4.72,1.054,48.71,58.98,0.0,0,375.26,5.0
SH02656,2025-08-02,Bengaluru,North,Bengaluru → North,TransGo,Road,Standard,Rain,31.8,2171.9,5.38,1.032,62.38,65.51,0.0,0,275.27,4.0
SH02657,2025-08-02,Mumbai,South,Mumbai → South,BlueLine,Road,Express,Clear,47.3,939.9,7.4,1.046,33.37,34.81,0.0,0,158.9,5.0
SH02658,2025-08-02,Delhi,West,Delhi → West,SwiftMove,Road,Standard,Clear,66.8,1430.9,4.48,1.02,33.95,48.33,0.0,0,196.29,5.0
SH02659,2025-08-03,Nagpur,West,Nagpur → West,SwiftMove,Road,Standard,Rain,197.4,810.4,6.27,1.027,27.56,31.74,0.0,0,109.18,5.0
SH02660,2025-08-03,Bengaluru,South,Bengaluru → South,TransGo,Road,Express,Rain,41.0,160.1,3.01,1.041,26.62,16.62,10.0,1,32.98,
SH02661,2025-08-03,Kolkata,Central,Kolkata → Central,TransGo,Road,Express,Rain,81.3,1254.0,5.51,1.033,40.56,39.84,0.72,1,183.15,5.0
SH02662,2025-08-03,Delhi,South,Delhi → South,BlueLine,Road,Express,Clear,53.5,2362.2,5.08,1.033,44.52,60.46,0.0,0,347.25,4.0
SH02663,2025-08-03,Delhi,South,Delhi → South,SwiftMove,Road,Standard,Rain,394.0,2416.9,4.96,1.016,70.36,71.96,0.0,0,284.99,5.0
SH02664,2025-08-03,Bengaluru,Central,Bengaluru → Central,TransGo,Air,Express,Rain,498.1,961.0,3.62,1.032,41.14,28.98,12.16,1,614.92,5.0
SH02665,2025-08-03,Delhi,West,Delhi → West,BlueLine,Road,Standard,Clear,,1387.2,9.18,1.023,44.16,47.28,0.0,0,156.61,5.0
SH02666,2025-08-03,Delhi,South,Delhi → South,SwiftMove,Air,Express,Clear,284.2,2410.2,4.23,1.024,25.43,32.11,0.0,0,699.83,5.0
SH02667,2025-08-03,Mumbai,North,Mumbai → North,RapidFreight,Rail,Standard,Rain,181.9,1456.7,5.83,1.026,68.44,78.98,0.0,0,168.82,5.0
SH02668,2025-08-04,Delhi,East,Delhi → East,BlueLine,Air,Express,Clear,192.8,1489.9,4.65,1.043,25.82,30.49,0.0,0,420.88,4.0
SH02669,2025-08-04,Mumbai,Central,Mumbai → Central,BlueLine,Air,Express,Clear,219.4,947.7,5.11,1.042,25.58,31.83,0.0,0,387.37,4.0
SH02670,2025-08-04,Nagpur,South,Nagpur → South,TransGo,Air,Express,Clear,50.0,1035.2,3.51,1.025,23.71,27.96,0.0,0,213.49,4.0
SH02671,2025-08-04,Mumbai,West,Mumbai → West,BlueLine,Road,Standard,Rain,322.1,94.5,5.38,1.037,23.62,18.61,5.0,1,38.34,4.0
SH02672,2025-08-04,Mumbai,West,Mumbai → West,RapidFreight,Road,Standard,Rain,870.4,75.7,4.69,1.031,13.16,18.16,0.0,0,74.31,5.0
SH02673,2025-08-04,Kolkata,North,Kolkata → North,BlueLine,Road,Standard,Rain,15.8,1644.9,4.12,1.038,48.94,54.61,0.0,0,200.45,3.0
SH02674,2025-08-04,Kolkata,South,Kolkata → South,TransGo,Rail,Standard,Clear,189.2,1922.8,3.73,1.043,73.55,92.72,0.0,0,143.06,5.0
SH02675,2025-08-04,Mumbai,South,Mumbai → South,SwiftMove,Road,Standard,Fog,193.9,1005.4,5.02,1.019,34.93,40.44,0.0,0,134.33,5.0
SH02676,2025-08-04,Mumbai,North,Mumbai → North,SwiftMove,Road,Express,Clear,52.1,1573.2,5.1,1.021,37.66,47.26,0.0,0,249.3,4.0
SH02677,2025-08-04,Nagpur,South,Nagpur → South,RapidFreight,Rail,Standard,Clear,2244.4,967.3,4.11,1.013,50.83,59.33,0.0,0,199.05,4.0
SH02678,2025-08-04,Bengaluru,North,Bengaluru → North,BlueLine,Rail,Standard,Clear,707.2,2385.2,6.03,1.025,80.61,105.77,0.0,0,224.29,4.0
SH02679,2025-08-04,Nagpur,North,Nagpur → North,SwiftMove,Road,Express,Rain,572.5,1162.9,7.11,1.028,38.59,35.17,3.42,1,217.4,
SH02680,2025-08-04,Nagpur,Central,Nagpur → Central,TransGo,Road,Standard,Rain,172.9,286.9,8.13,1.021,23.83,19.2,4.63,1,49.38,4.0
SH02681,2025-08-04,Mumbai,North,Mumbai → North,SwiftMove,Road,Express,Clear,282.5,1580.3,5.99,1.028,34.78,47.4,0.0,0,264.53,5.0
SH02682,2025-08-04,Mumbai,North,Mumbai → North,BlueLine,Road,Standard,Rain,349.6,1494.6,6.07,1.032,45.26,52.16,0.0,0,189.25,5.0
SH02683,2025-08-04,Nagpur,South,Nagpur → South,BlueLine,Rail,Standard,Rain,148.3,1021.3,4.32,1.055,57.54,61.05,0.0,0,99.67,5.0
SH02684,2025-08-05,Delhi,South,Delhi → South,BlueLine,Rail,Standard,Rain,75.5,1985.3,4.14,1.031,77.35,93.57,0.0,0,156.17,5.0
SH02685,2025-08-05,Mumbai,Central,Mumbai → Central,RapidFreight,Road,Standard,Clear,2300.9,813.1,6.8,1.035,31.75,35.83,0.0,0,305.0,5.0
SH02686,2025-08-05,Mumbai,North,Mumbai → North,SwiftMove,Rail,Standard,Storm,507.2,1400.8,4.89,1.032,91.45,77.2,14.25,1,135.82,4.0
SH02687,2025-08-05,Bengaluru,West,Bengaluru → West,SwiftMove,Rail,Standard,Rain,839.2,910.5,5.78,1.018,50.46,58.66,0.0,0,132.8,5.0
SH02688,2025-08-05,Delhi,North,Delhi → North,SwiftMove,Road,Standard,Clear,229.5,88.3,7.25,1.043,14.92,16.17,0.0,0,34.12,5.0
SH02689,2025-08-05,Kolkata,East,Kolkata → East,SwiftMove,Road,Standard,Clear,227.3,239.5,7.21,1.02,18.62,20.94,0.0,0,55.0,
SH02690,2025-08-05,Mumbai,North,Mumbai → North,TransGo,Road,Standard,Rain,122.2,1467.1,4.12,1.018,57.38,51.5,5.89,1,181.1,4.0
SH02691,2025-08-05,Kolkata,South,Kolkata → South,SwiftMove,Road,Standard,Clear,104.0,2036.1,2.77,1.046,52.89,63.98,0.0,0,235.86,3.0
SH02692,2025-08-05,Delhi,West,Delhi → West,BlueLine,Road,Standard,Clear,971.5,1345.3,5.79,1.045,43.5,46.28,0.0,0,213.62,5.0
SH02693,2025-08-05,Mumbai,East,Mumbai → East,SwiftMove,Road,Standard,Rain,57.9,2162.9,4.86,1.041,56.39,68.17,0.0,0,281.86,5.0
SH02694,2025-08-05,Bengaluru,North,Bengaluru → North,SwiftMove,Rail,Standard,Rain,1504.0,2233.4,5.44,1.039,101.21,100.92,0.29,1,290.57,5.0
SH02695,2025-08-05,Mumbai,West,Mumbai → West,RapidFreight,Road,Express,Storm,439.0,204.2,7.4,1.027,27.69,20.36,7.33,1,88.74,5.0
SH02696,2025-08-05,Mumbai,North,Mumbai → North,BlueLine,Road,Standard,Clear,254.7,1517.7,7.04,1.029,49.95,52.71,0.0,0,188.37,5.0
SH02697,2025-08-05,Delhi,Central,Delhi → Central,BlueLine,Rail,Standard,Clear,860.4,1098.4,7.03,1.035,53.73,65.24,0.0,0,128.24,5.0
SH02698,2025-08-05,Delhi,East,Delhi → East,BlueLine,Rail,Standard,Rain,596.8,1626.1,6.68,1.042,69.03,82.09,0.0,0,161.23,5.0
SH02699,2025-08-05,Delhi,East,Delhi → East,TransGo,Rail,Standard,Storm,684.2,1660.8,4.91,1.027,106.14,83.2,22.93,1,151.77,
SH02700,2025-08-06,Mumbai,Central,Mumbai → Central,BlueLine,Rail,Standard,Clear,124.2,783.7,6.87,1.029,48.21,57.49,0.0,0,81.98,5.0
SH02701,2025-08-06,Delhi,South,Delhi → South,RapidFreight,Road,Standard,Clear,129.0,2270.8,5.35,1.034,51.67,68.46,0.0,0,329.04,5.0
SH02702,2025-08-06,Bengaluru,East,Bengaluru → East,SwiftMove,Road,Express,Rain,80.2,2016.6,7.43,1.028,45.87,53.09,0.0,0,319.57,5.0
SH02703,2025-08-06,Nagpur,South,Nagpur → South,SwiftMove,Rail,Standard,Rain,205.5,1064.9,5.77,1.042,52.07,62.44,0.0,0,101.85,5.0
SH02704,2025-08-06,Kolkata,South,Kolkata → South,BlueLine,Rail,Standard,Clear,500.1,1905.9,8.49,1.035,81.8,92.18,0.0,0,151.04,4.0
SH02705,2025-08-06,Kolkata,Central,Kolkata → Central,BlueLine,Road,Standard,Rain,28.3,1087.6,3.51,1.046,36.73,41.26,0.0,0,126.87,5.0
SH02706,2025-08-06,Delhi,North,Delhi → North,BlueLine,Road,Express,Clear,198.0,109.2,6.2,1.019,12.74,16.2,0.0,0,48.12,5.0
SH02707,2025-08-06,Nagpur,West,Nagpur → West,TransGo,Road,Express,Clear,358.2,815.5,5.32,1.029,32.77,28.35,4.42,1,140.91,5.0
SH02708,2025-08-06,Delhi,South,Delhi → South,TransGo,Rail,Standard,Clear,895.7,2146.8,3.07,1.036,93.92,98.73,0.0,0,174.59,5.0
SH02709,2025-08-06,Delhi,South,Delhi → South,TransGo,Road,Standard,Rain,372.5,2154.2,7.91,1.007,63.33,65.66,0.0,0,265.1,5.0
SH02710,2025-08-06,Mumbai,West,Mumbai → West,SwiftMove,Road,Express,Rain,165.5,65.4,5.03,1.024,13.3,17.63,0.0,0,37.44,4.0
SH02711,2025-08-06,Delhi,North,Delhi → North,SwiftMove,Road,Standard,Rain,135.4,324.8,5.85,1.008,21.66,21.83,0.0,0,60.24,5.0
SH02712,2025-08-06,Mumbai,West,Mumbai → West,SwiftMove,Road,Standard,Clear,109.6,110.1,4.56,1.021,11.8,18.99,0.0,0,30.89,4.0
SH02713,2025-08-06,Delhi,East,Delhi → East,SwiftMove,Road,Express,Clear,336.5,1450.5,8.0,1.024,41.96,42.55,0.0,0,251.84,5.0
SH02714,2025-08-07,Bengaluru,West,Bengaluru → West,TransGo,Road,Express,Clear,138.8,1008.2,5.69,1.017,30.14,33.28,0.0,0,150.94,5.0
SH02715,2025-08-07,Bengaluru,North,Bengaluru → North,SwiftMove,Road,Standard,Clear,218.0,2195.7,4.99,1.045,46.15,66.08,0.0,0,272.21,5.0
SH02716,2025-08-07,Bengaluru,West,Bengaluru → West,SwiftMove,Road,Standard,Rain,629.1,1104.8,4.43,1.025,33.89,39.95,0.0,0,190.9,4.0
SH02717,2025-08-07,Kolkata,South,Kolkata → South,TransGo,Road,Standard,Clear,113.6,1868.9,4.2,1.024,53.52,59.98,0.0,0,209.09,5.0
SH02718,2025-08-07,Mumbai,East,Mumbai → East,SwiftMove,Air,Express,Clear,124.0,2170.1,3.98,1.041,25.83,33.99,0.0,0,409.23,5.0
SH02719,2025-08-07,Delhi,South,Delhi → South,RapidFreight,Road,Standard,Rain,216.9,2122.0,3.64,1.028,51.23,64.89,0.0,0,326.66,5.0
SH02720,2025-08-07,Kolkata,South,Kolkata → South,BlueLine,Rail,Standard,Clear,560.3,2009.4,4.84,1.021,91.1,95.49,0.0,0,169.11,5.0
SH02721,2025-08-07,Delhi,South,Delhi → South,RapidFreight,Road,Express,Rain,374.0,2017.0,3.8,1.024,44.64,53.68,0.0,0,363.89,3.0
SH02722,2025-08-07,Nagpur,North,Nagpur → North,RapidFreight,Road,Standard,Storm,503.4,1026.3,2.78,1.022,44.35,36.91,7.43,1,226.31,
SH02723,2025-08-07,Bengaluru,East,Bengaluru → East,TransGo,Road,Standard,Clear,166.5,1797.3,6.46,1.018,56.47,56.54,0.0,0,203.07,5.0
SH02724,2025-08-07,Bengaluru,North,Bengaluru → North,TransGo,Road,Standard,Clear,1744.9,1980.0,3.78,1.028,63.63,60.91,2.71,1,315.12,
SH02725,2025-08-07,Delhi,East,Delhi → East,BlueLine,Rail,Standard,Clear,643.1,1623.5,4.91,1.031,66.86,82.01,0.0,0,158.24,
SH02726,2025-08-07,Bengaluru,West,Bengaluru → West,RapidFreight,Rail,Standard,Clear,,948.1,3.8,1.036,50.4,59.86,0.0,0,175.21,4.0
SH02727,2025-08-07,Delhi,East,Delhi → East,TransGo,Road,Standard,Clear,89.1,1611.3,6.91,1.024,47.69,52.65,0.0,0,195.14,5.0
SH02728,2025-08-07,Mumbai,South,Mumbai → South,BlueLine,Road,Express,Storm,92.3,903.8,5.23,1.016,40.28,34.11,6.17,1,159.96,4.0
SH02729,2025-08-07,Mumbai,North,Mumbai → North,RapidFreight,Road,Standard,Storm,62.2,1546.7,6.85,1.038,51.73,53.41,0.0,0,277.2,4.0
SH02730,2025-08-07,Delhi,North,Delhi → North,SwiftMove,Road,Standard,Rain,149.6,91.9,6.81,1.026,15.39,16.25,0.0,0,32.95,4.0
SH02731,2025-08-07,Kolkata,West,Kolkata → West,BlueLine,Rail,Standard,Clear,127.9,2104.8,7.67,1.037,90.8,98.54,0.0,0,175.27,4.0
SH02732,2025-08-07,Mumbai,North,Mumbai → North,TransGo,Rail,Standard,Rain,480.8,1426.2,6.41,1.03,77.71,78.01,0.0,0,119.5,
SH02733,2025-08-08,Nagpur,Central,Nagpur → Central,TransGo,Road,Standard,Clear,373.6,309.1,4.89,1.025,20.91,19.73,1.18,1,64.93,4.0
SH02734,2025-08-08,Mumbai,North,Mumbai → North,TransGo,Rail,Standard,Clear,168.8,1567.7,7.95,1.036,78.06,82.53,0.0,0,118.97,5.0
SH02735,2025-08-08,Bengaluru,Central,Bengaluru → Central,BlueLine,Road,Standard,Clear,61.8,991.3,5.4,1.04,30.02,37.22,0.0,0,123.63,5.0
SH02736,2025-08-08,Kolkata,South,Kolkata → South,BlueLine,Road,Standard,Rain,491.6,1746.4,5.57,1.032,53.27,57.04,0.0,0,284.33,5.0
SH02737,2025-08-08,Mumbai,North,Mumbai → North,RapidFreight,Rail,Standard,Storm,632.8,1545.7,4.77,1.022,89.89,81.83,8.07,1,185.72,4.0
SH02738,2025-08-08,Delhi,North,Delhi → North,TransGo,Road,Express,Clear,513.6,141.2,5.68,1.038,16.13,16.82,0.0,0,68.12,5.0
SH02739,2025-08-08,Bengaluru,West,Bengaluru → West,SwiftMove,Rail,Standard,Clear,128.8,1081.4,5.5,1.036,53.69,64.12,0.0,0,104.17,4.0
SH02740,2025-08-08,Mumbai,North,Mumbai → North,SwiftMove,Road,Express,Storm,218.8,1290.3,3.95,1.036,56.1,41.7,14.4,1,238.54,4.0
SH02741,2025-08-08,Bengaluru,East,Bengaluru → East,TransGo,Rail,Standard,Clear,29.8,2031.2,2.78,1.022,87.97,94.46,0.0,0,145.01,5.0
SH02742,2025-08-08,Bengaluru,West,Bengaluru → West,RapidFreight,Road,Standard,Clear,59.3,921.0,5.74,1.046,25.76,35.54,0.0,0,144.7,4.0
SH02743,2025-08-08,Bengaluru,East,Bengaluru → East,BlueLine,Road,Standard,Rain,202.6,2128.1,5.68,1.026,60.42,64.46,0.0,0,251.28,4.0
SH02744,2025-08-08,Delhi,West,Delhi → West,SwiftMove,Road,Standard,Clear,73.5,1437.5,6.16,1.033,36.71,48.49,0.0,0,192.77,5.0
SH02745,2025-08-08,Mumbai,East,Mumbai → East,SwiftMove,Rail,Standard,Storm,357.8,2162.6,4.42,1.026,105.73,101.53,4.2,1,208.5,5.0
SH02746,2025-08-08,Mumbai,West,Mumbai → West,SwiftMove,Road,Standard,Clear,84.8,156.2,6.17,1.027,13.81,20.09,0.0,0,39.49,4.0
SH02747,2025-08-08,Nagpur,West,Nagpur → West,BlueLine,Road,Standard,Clear,20.4,763.6,3.55,1.048,20.6,30.62,0.0,0,118.62,5.0
SH02748,2025-08-08,Delhi,North,Delhi → North,TransGo,Road,Standard,Rain,166.2,46.4,7.7,1.055,18.54,15.16,3.38,1,24.02,5.0
SH02749,2025-08-08,Kolkata,East,Kolkata → East,TransGo,Road,Standard,Clear,228.9,305.3,6.04,1.033,22.74,22.51,0.22,1,55.2,5.0
SH02750,2025-08-08,Delhi,Central,Delhi → Central,RapidFreight,Road,Standard,Rain,220.3,1039.3,5.55,1.036,28.16,38.95,0.0,0,183.22,
SH02751,2025-08-08,Bengaluru,North,Bengaluru → North,SwiftMove,Air,Express,Clear,228.5,2103.7,4.52,1.024,24.78,31.0,0.0,0,536.42,
SH02752,2025-08-08,Mumbai,North,Mumbai → North,BlueLine,Road,Standard,Rain,91.2,1447.5,4.1,1.036,46.95,51.03,0.0,0,174.41,4.0
SH02753,2025-08-09,Mumbai,East,Mumbai → East,SwiftMove,Road,Standard,Clear,233.5,2280.5,7.16,1.028,63.38,70.99,0.0,0,289.66,
SH02754,2025-08-09,Kolkata,East,Kolkata → East,RapidFreight,Road,Standard,Storm,155.4,297.5,4.43,1.007,32.33,22.33,10.0,1,76.13,5.0
SH02755,2025-08-09,Mumbai,East,Mumbai → East,SwiftMove,Rail,Standard,Rain,294.2,2179.2,6.79,1.045,76.53,102.06,0.0,0,224.21,5.0
SH02756,2025-08-09,Nagpur,South,Nagpur → South,RapidFreight,Road,Standard,Clear,467.1,1095.7,7.16,1.03,28.54,38.58,0.0,0,209.5,5.0
SH02757,2025-08-09,Bengaluru,West,Bengaluru → West,RapidFreight,Road,Standard,Clear,65.1,1117.7,5.64,1.018,32.82,40.25,0.0,0,218.79,5.0
SH02758,2025-08-09,Delhi,West,Delhi → West,RapidFreight,Rail,Standard,Rain,187.6,1328.5,3.89,1.038,59.23,72.59,0.0,0,144.2,4.0
SH02759,2025-08-09,Delhi,East,Delhi → East,SwiftMove,Road,Standard,Storm,370.6,1395.3,5.8,1.028,58.05,47.48,10.57,1,229.15,5.0
SH02760,2025-08-09,Bengaluru,North,Bengaluru → North,BlueLine,Rail,Standard,Clear,60.4,2086.9,3.76,1.03,86.89,96.24,0.0,0,172.61,5.0
SH02761,2025-08-09,Bengaluru,South,Bengaluru → South,SwiftMove,Road,Express,Fog,198.6,51.2,7.18,1.027,14.17,14.48,0.0,0,34.25,5.0
SH02762,2025-08-09,Mumbai,East,Mumbai → East,RapidFreight,Road,Standard,Rain,132.3,2297.7,7.16,1.025,63.25,71.4,0.0,0,351.29,4.0
SH02763,2025-08-09,Mumbai,West,Mumbai → West,TransGo,Road,Express,Clear,1111.7,335.3,5.44,1.024,26.05,22.94,3.12,1,128.65,4.0
SH02764,2025-08-09,Nagpur,North,Nagpur → North,TransGo,Rail,Standard,Clear,384.2,1073.3,3.0,1.039,61.81,62.71,0.0,0,113.47,5.0
SH02765,2025-08-09,Mumbai,North,Mumbai → North,TransGo,Road,Standard,Clear,273.4,1404.2,5.8,1.032,48.38,49.99,0.0,0,192.37,5.0
SH02766,2025-08-09,Delhi,West,Delhi → West,BlueLine,Rail,Standard,Clear,217.6,1505.6,5.25,1.039,60.2,78.25,0.0,0,130.04,4.0
SH02767,2025-08-09,Nagpur,Central,Nagpur → Central,RapidFreight,Road,Standard,Clear,41.3,212.5,8.05,1.023,10.85,17.42,0.0,0,42.66,5.0
SH02768,2025-08-10,Mumbai,South,Mumbai → South,TransGo,Rail,Standard,Rain,1135.8,962.5,7.22,1.028,56.0,63.2,0.0,0,114.67,5.0
SH02769,2025-08-10,Mumbai,North,Mumbai → North,SwiftMove,Road,Express,Rain,542.7,1608.7,5.54,1.012,39.05,47.96,0.0,0,314.98,5.0
SH02770,2025-08-10,Delhi,South,Delhi → South,SwiftMove,Road,Standard,Rain,148.9,2165.7,7.13,1.024,57.58,65.94,0.0,0,319.22,4.0
SH02771,2025-08-10,Bengaluru,Central,Bengaluru → Central,BlueLine,Road,Standard,Rain,114.0,1128.3,2.42,1.033,42.1,40.51,1.6,1,141.02,4.0
SH02772,2025-08-10,Mumbai,East,Mumbai → East,SwiftMove,Road,Standard,Clear,58.1,1929.8,5.44,1.026,54.23,62.58,0.0,0,272.93,4.0
SH02773,2025-08-10,Kolkata,South,Kolkata → South,BlueLine,Road,Standard,Clear,597.1,1978.2,5.02,1.04,51.85,62.6,0.0,0,311.84,4.0
SH02774,2025-08-10,Mumbai,East,Mumbai → East,TransGo,Road,Standard,Clear,163.4,2107.5,4.98,1.038,62.42,66.84,0.0,0,239.13,5.0
SH02775,2025-08-10,Bengaluru,South,Bengaluru → South,SwiftMove,Road,Standard,Clear,120.8,272.2,3.24,1.03,11.78,20.0,0.0,0,54.51,4.0
SH02776,2025-08-10,Bengaluru,West,Bengaluru → West,TransGo,Road,Standard,Clear,147.6,985.5,2.13,1.035,30.21,37.09,0.0,0,139.37,5.0
SH02777,2025-08-10,Bengaluru,North,Bengaluru → North,RapidFreight,Road,Standard,Clear,37.5,2034.0,6.29,1.042,46.56,62.21,0.0,0,294.23,5.0
SH02778,2025-08-10,Kolkata,West,Kolkata → West,SwiftMove,Road,Standard,Rain,2195.2,2273.6,4.6,1.043,56.43,69.67,0.0,0,405.6,4.0
SH02779,2025-08-10,Bengaluru,West,Bengaluru → West,SwiftMove,Road,Standard,Clear,97.0,1117.3,3.94,1.02,28.99,40.24,0.0,0,162.34,
SH02780,2025-08-10,Mumbai,South,Mumbai → South,TransGo,Rail,Standard,Rain,195.8,991.0,6.31,1.024,66.61,64.11,2.5,1,81.27,4.0
SH02781,2025-08-11,Delhi,East,Delhi → East,TransGo,Road,Standard,Clear,70.8,1416.4,5.6,1.019,41.19,47.98,0.0,0,151.83,5.0
SH02782,2025-08-11,Mumbai,East,Mumbai → East,RapidFreight,Road,Standard,Clear,678.3,1882.5,3.97,1.019,45.71,61.45,0.0,0,371.68,
SH02783,2025-08-11,Mumbai,South,Mumbai → South,SwiftMove,Road,Standard,Rain,38.2,939.3,6.56,1.023,34.77,38.85,0.0,0,130.99,5.0
SH02784,2025-08-11,Mumbai,Central,Mumbai → Central,SwiftMove,Road,Express,Rain,161.9,818.3,8.49,1.031,32.07,32.43,0.0,0,149.94,5.0
SH02785,2025-08-11,Bengaluru,Central,Bengaluru → Central,SwiftMove,Air,Express,Rain,145.0,1011.7,5.08,1.025,24.9,29.06,0.0,0,337.05,4.0
SH02786,2025-08-11,Delhi,North,Delhi → North,SwiftMove,Road,Standard,Clear,93.5,195.8,5.27,1.027,12.49,18.74,0.0,0,44.33,5.0
SH02787,2025-08-11,Mumbai,West,Mumbai → West,TransGo,Road,Express,Clear,58.5,109.7,6.36,1.034,18.15,18.5,0.0,0,32.33,4.0
SH02788,2025-08-11,Delhi,Central,Delhi → Central,RapidFreight,Road,Express,Clear,77.4,1199.4,9.84,1.033,31.88,37.61,0.0,0,222.92,5.0
SH02789,2025-08-11,Delhi,North,Delhi → North,BlueLine,Road,Express,Rain,199.2,327.8,4.84,1.048,22.51,20.49,2.02,1,77.02,3.0
SH02790,2025-08-11,Mumbai,South,Mumbai → South,BlueLine,Road,Standard,Rain,863.3,1060.7,5.27,1.045,38.69,41.76,0.0,0,183.54,4.0
SH02791,2025-08-11,Bengaluru,North,Bengaluru → North,SwiftMove,Rail,Standard,Rain,124.5,2356.8,4.38,1.041,86.97,104.86,0.0,0,196.79,5.0
SH02792,2025-08-11,Mumbai,South,Mumbai → South,SwiftMove,Road,Express,Storm,107.5,924.8,8.56,1.032,53.21,34.52,18.69,1,161.22,3.0
SH02793,2025-08-11,Nagpur,North,Nagpur → North,BlueLine,Road,Standard,Clear,192.6,1007.0,3.59,1.013,28.4,36.45,0.0,0,140.55,5.0
SH02794,2025-08-11,Mumbai,West,Mumbai → West,RapidFreight,Road,Express,Rain,701.4,249.9,7.17,1.026,22.13,21.26,0.87,1,107.61,5.0
SH02795,2025-08-11,Nagpur,North,Nagpur → North,SwiftMove,Rail,Standard,Clear,4224.6,1178.2,3.33,1.018,73.11,66.06,7.05,1,312.84,5.0
SH02796,2025-08-11,Mumbai,West,Mumbai → West,BlueLine,Road,Standard,Clear,583.3,264.6,7.28,1.023,18.92,22.69,0.0,0,72.9,5.0
SH02797,2025-08-11,Nagpur,South,Nagpur → South,TransGo,Road,Standard,Clear,49.0,929.8,3.04,1.027,29.95,34.6,0.0,0,112.92,5.0
SH02798,2025-08-11,Kolkata,West,Kolkata → West,TransGo,Rail,Standard,Clear,422.2,1885.1,4.57,1.023,86.83,91.52,0.0,0,151.66,4.0
SH02799,2025-08-12,Mumbai,East,Mumbai → East,TransGo,Road,Standard,Storm,41.5,1877.2,5.66,1.024,84.07,61.32,22.75,1,208.61,3.0
SH02800,2025-08-12,Delhi,Central,Delhi → Central,TransGo,Rail,Standard,Clear,328.1,1064.9,5.71,1.043,57.07,64.17,0.0,0,104.76,5.0
SH02801,2025-08-12,Delhi,East,Delhi → East,BlueLine,Road,Standard,Clear,97.7,1490.3,3.81,1.041,37.39,49.76,0.0,0,178.36,4.0
SH02802,2025-08-12,Delhi,East,Delhi → East,BlueLine,Road,Standard,Rain,796.9,1506.4,5.71,1.029,50.38,50.14,0.24,1,194.86,4.0
SH02803,2025-08-12,Delhi,North,Delhi → North,SwiftMove,Road,Standard,Storm,82.7,176.4,2.87,1.032,30.58,18.28,12.3,1,42.69,4.0
SH02804,2025-08-12,Bengaluru,South,Bengaluru → South,TransGo,Road,Standard,Clear,92.4,139.8,3.98,1.038,17.12,16.82,0.29,1,30.47,5.0
SH02805,2025-08-12,Bengaluru,South,Bengaluru → South,RapidFreight,Road,Standard,Clear,70.1,275.0,5.04,1.018,12.36,20.06,0.0,0,57.81,5.0
SH02806,2025-08-12,Kolkata,Central,Kolkata → Central,RapidFreight,Road,Standard,Clear,279.5,1198.4,6.03,1.034,37.14,43.91,0.0,0,219.91,4.0
SH02807,2025-08-12,Kolkata,Central,Kolkata → Central,TransGo,Rail,Standard,Rain,75.5,1059.3,7.14,1.017,60.26,65.14,0.0,0,81.17,5.0
SH02808,2025-08-12,Mumbai,East,Mumbai → East,SwiftMove,Road,Standard,Clear,123.1,2016.1,5.43,1.033,49.69,64.65,0.0,0,286.42,5.0
SH02809,2025-08-12,Kolkata,West,Kolkata → West,TransGo,Road,Standard,Clear,267.0,1868.5,5.18,1.04,55.21,59.96,0.0,0,223.74,5.0
SH02810,2025-08-12,Mumbai,Central,Mumbai → Central,BlueLine,Road,Express,Rain,66.7,947.0,6.02,1.044,34.23,34.95,0.0,0,159.11,5.0
SH02811,2025-08-12,Mumbai,West,Mumbai → West,BlueLine,Road,Standard,Clear,387.2,244.2,8.24,1.027,18.66,22.2,0.0,0,61.45,4.0
SH02812,2025-08-12,Mumbai,West,Mumbai → West,BlueLine,Road,Standard,Rain,234.7,293.8,6.67,1.027,26.32,23.39,2.93,1,50.52,5.0
SH02813,2025-08-12,Mumbai,East,Mumbai → East,SwiftMove,Road,Standard,Clear,445.4,2155.5,5.57,1.031,55.11,67.99,0.0,0,310.41,4.0
SH02814,2025-08-13,Delhi,North,Delhi → North,BlueLine,Road,Standard,Rain,238.6,87.5,3.97,1.03,26.84,16.15,10.69,1,32.88,4.0
SH02815,2025-08-13,Bengaluru,East,Bengaluru → East,TransGo,Road,Standard,Clear,360.2,1855.6,4.07,1.022,52.14,57.93,0.0,0,200.7,4.0
SH02816,2025-08-13,Delhi,West,Delhi → West,TransGo,Rail,Standard,Clear,220.4,1577.0,6.04,1.023,70.28,80.53,0.0,0,129.12,4.0
SH02817,2025-08-13,Kolkata,North,Kolkata → North,BlueLine,Rail,Standard,Fog,286.5,1514.8,5.0,1.036,69.92,79.69,0.0,0,159.31,5.0
SH02818,2025-08-13,Delhi,North,Delhi → North,BlueLine,Road,Express,Rain,113.6,105.9,1.34,1.025,14.77,16.13,0.0,0,39.05,5.0
SH02819,2025-08-13,Kolkata,North,Kolkata → North,RapidFreight,Road,Standard,Storm,597.5,1497.7,6.38,1.039,50.4,51.08,0.0,0,281.04,5.0
SH02820,2025-08-13,Delhi,East,Delhi → East,SwiftMove,Rail,Standard,Rain,52.6,1664.4,6.69,1.027,67.54,83.32,0.0,0,162.57,5.0
SH02821,2025-08-13,Kolkata,West,Kolkata → West,BlueLine,Road,Standard,Rain,204.7,2288.1,6.89,1.035,68.58,70.02,0.0,0,308.97,5.0
SH02822,2025-08-13,Delhi,North,Delhi → North,SwiftMove,Road,Standard,Rain,720.4,121.6,5.86,1.032,17.1,16.96,0.14,1,68.86,4.0
SH02823,2025-08-13,Mumbai,West,Mumbai → West,TransGo,Road,Standard,Clear,103.5,332.1,5.69,1.036,21.17,24.31,0.0,0,50.38,5.0
SH02824,2025-08-13,Mumbai,West,Mumbai → West,SwiftMove,Road,Standard,Clear,1280.0,309.1,5.2,1.026,18.66,23.75,0.0,0,135.31,4.0
SH02825,2025-08-13,Kolkata,East,Kolkata → East,RapidFreight,Road,Standard,Clear,138.3,191.9,3.17,1.049,13.27,19.8,0.0,0,51.2,5.0
SH02826,2025-08-13,Kolkata,West,Kolkata → West,TransGo,Road,Standard,Clear,81.1,2133.9,4.64,1.022,61.48,66.32,0.0,0,252.75,5.0
SH02827,2025-08-13,Nagpur,North,Nagpur → North,TransGo,Road,Standard,Clear,626.4,1047.3,6.52,1.021,43.79,37.42,6.37,1,162.59,4.0
SH02828,2025-08-13,Mumbai,Central,Mumbai → Central,RapidFreight,Road,Standard,Rain,28.9,939.7,6.06,1.032,37.41,38.86,0.0,0,147.13,5.0
SH02829,2025-08-13,Delhi,North,Delhi → North,TransGo,Road,Standard,Rain,71.6,227.7,6.05,1.019,33.02,19.5,13.51,1,40.58,3.0
SH02830,2025-08-13,Delhi,East,Delhi → East,SwiftMove,Road,Standard,Clear,414.9,1468.9,3.34,1.036,35.62,49.24,0.0,0,212.9,4.0
SH02831,2025-08-14,Delhi,West,Delhi → West,SwiftMove,Rail,Standard,Rain,67.2,1605.1,6.54,1.031,73.38,81.43,0.0,0,148.38,4.0
SH02832,2025-08-14,Delhi,West,Delhi → West,SwiftMove,Rail,Standard,Clear,2440.5,1439.7,5.57,1.03,67.67,76.14,0.0,0,259.3,5.0
SH02833,2025-08-14,Mumbai,West,Mumbai → West,RapidFreight,Road,Standard,Rain,102.6,236.3,4.73,1.045,19.35,22.01,0.0,0,58.81,4.0
SH02834,2025-08-14,Nagpur,Central,Nagpur → Central,SwiftMove,Road,Standard,Storm,161.2,336.3,4.39,1.024,36.55,20.38,16.17,1,74.32,4.0
SH02835,2025-08-14,Bengaluru,South,Bengaluru → South,RapidFreight,Road,Standard,Clear,159.3,231.8,3.9,1.036,12.19,19.03,0.0,0,50.66,4.0
SH02836,2025-08-14,Bengaluru,North,Bengaluru → North,TransGo,Road,Standard,Rain,120.1,2438.9,4.31,1.035,61.49,71.91,0.0,0,259.9,5.0
SH02837,2025-08-14,Bengaluru,East,Bengaluru → East,BlueLine,Road,Standard,Clear,140.0,1949.0,3.37,1.038,50.7,60.17,0.0,0,238.51,5.0
SH02838,2025-08-14,Delhi,South,Delhi → South,SwiftMove,Road,Express,Rain,749.7,2245.1,5.49,1.03,58.83,58.16,0.67,1,454.34,4.0
SH02839,2025-08-14,Delhi,West,Delhi → West,BlueLine,Road,Standard,Rain,140.6,1303.4,3.07,1.026,38.5,45.28,0.0,0,166.9,5.0
SH02840,2025-08-14,Bengaluru,South,Bengaluru → South,TransGo,Road,Standard,Rain,299.8,332.4,5.77,1.023,26.86,21.44,5.42,1,60.74,5.0
SH02841,2025-08-14,Bengaluru,West,Bengaluru → West,BlueLine,Rail,Standard,Clear,167.3,1108.4,5.61,1.032,51.92,64.98,0.0,0,104.2,5.0
SH02842,2025-08-15,Kolkata,Central,Kolkata → Central,BlueLine,Road,Standard,Clear,351.1,1013.4,8.55,1.017,34.57,39.48,0.0,0,147.21,5.0
SH02843,2025-08-15,Bengaluru,West,Bengaluru → West,TransGo,Road,Express,Clear,116.4,925.4,5.11,1.049,30.09,31.65,0.0,0,122.66,4.0
SH02844,2025-08-15,Mumbai,West,Mumbai → West,BlueLine,Road,Standard,Clear,88.1,129.8,6.26,1.019,17.73,19.46,0.0,0,28.53,5.0
SH02845,2025-08-15,Bengaluru,Central,Bengaluru → Central,TransGo,Road,Express,Clear,101.0,1046.1,4.48,1.022,30.74,34.03,0.0,0,149.19,4.0
SH02846,2025-08-15,Kolkata,West,Kolkata → West,SwiftMove,Air,Express,Clear,150.7,2285.8,4.41,1.017,24.96,33.04,0.0,0,473.76,5.0
SH02847,2025-08-15,Nagpur,West,Nagpur → West,TransGo,Air,Express,Clear,2151.6,886.3,2.82,1.036,38.73,27.69,11.04,1,2130.58,4.0
SH02848,2025-08-15,Mumbai,West,Mumbai → West,SwiftMove,Road,Standard,Rain,69.1,143.1,6.32,1.039,17.48,19.78,0.0,0,36.12,5.0
SH02849,2025-08-15,Bengaluru,West,Bengaluru → West,TransGo,Road,Standard,Rain,1218.6,968.1,4.04,1.021,36.74,36.67,0.07,1,186.59,4.0
SH02850,2025-08-15,Nagpur,West,Nagpur → West,BlueLine,Road,Standard,Rain,357.0,779.7,5.38,1.033,29.23,31.01,0.0,0,115.67,5.0
SH02851,2025-08-15,Bengaluru,West,Bengaluru → West,TransGo,Air,Express,Clear,35.4,958.1,5.39,1.018,33.79,28.97,4.82,1,196.66,4.0
SH02852,2025-08-15,Delhi,West,Delhi → West,TransGo,Road,Standard,Rain,66.9,1422.1,6.19,1.019,48.59,48.12,0.47,1,172.05,5.0
SH02853,2025-08-16,Delhi,West,Delhi → West,RapidFreight,Rail,Standard,Clear,1458.6,1584.7,6.25,1.024,63.83,80.77,0.0,0,222.54,5.0
SH02854,2025-08-16,Bengaluru,West,Bengaluru → West,RapidFreight,Air,Express,Clear,84.8,930.4,5.26,1.033,21.88,28.92,0.0,0,272.31,5.0
SH02855,2025-08-16,Bengaluru,North,Bengaluru → North,BlueLine,Road,Standard,Clear,,2431.3,3.82,1.043,58.9,71.72,0.0,0,345.59,4.0
SH02856,2025-08-16,Kolkata,North,Kolkata → North,TransGo,Road,Standard,Clear,112.3,1517.1,4.11,1.031,52.1,51.55,0.55,1,178.99,5.0
SH02857,2025-08-16,Delhi,North,Delhi → North,BlueLine,Road,Standard,Clear,41.4,208.1,7.42,1.041,16.08,19.04,0.0,0,41.47,5.0
SH02858,2025-08-16,Nagpur,East,Nagpur → East,SwiftMove,Road,Express,Clear,314.3,1171.8,4.01,1.036,25.06,35.35,0.0,0,241.62,5.0
SH02859,2025-08-16,Bengaluru,West,Bengaluru → West,TransGo,Road,Express,Clear,502.1,935.9,6.31,1.028,26.96,31.86,0.0,0,154.15,5.0
SH02860,2025-08-16,Delhi,South,Delhi → South,BlueLine,Rail,Standard,Clear,91.9,2025.4,8.22,1.031,77.36,94.85,0.0,0,146.42,5.0
SH02861,2025-08-16,Mumbai,South,Mumbai → South,BlueLine,Road,Standard,Rain,551.1,1096.8,6.09,1.033,58.56,42.63,15.94,1,161.84,4.0
SH02862,2025-08-16,Nagpur,Central,Nagpur → Central,RapidFreight,Road,Standard,Clear,64.0,347.7,6.74,1.035,17.93,20.66,0.0,0,68.6,5.0
SH02863,2025-08-16,Bengaluru,East,Bengaluru → East,BlueLine,Air,Express,Rain,85.6,2126.3,3.56,1.037,28.85,31.04,0.0,0,340.82,5.0
SH02864,2025-08-16,Mumbai,South,Mumbai → South,RapidFreight,Road,Standard,Clear,42.3,958.8,7.54,1.03,26.95,39.32,0.0,0,160.26,5.0
SH02865,2025-08-16,Delhi,West,Delhi → West,BlueLine,Road,Standard,Rain,145.4,1314.6,6.64,1.027,47.3,45.55,1.76,1,167.6,5.0
SH02866,2025-08-16,Delhi,South,Delhi → South,BlueLine,Road,Standard,Storm,64.8,2164.8,7.02,1.039,71.85,65.92,5.93,1,271.68,4.0
SH02867,2025-08-16,Mumbai,Central,Mumbai → Central,TransGo,Road,Standard,Clear,227.7,775.3,5.28,1.018,32.73,34.93,0.0,0,103.6,4.0
SH02868,2025-08-16,Mumbai,East,Mumbai → East,RapidFreight,Road,Standard,Clear,260.5,2105.4,8.29,1.005,57.23,66.79,0.0,0,366.93,5.0
SH02869,2025-08-16,Mumbai,East,Mumbai → East,RapidFreight,Road,Standard,Rain,88.5,2123.4,8.64,1.024,61.24,67.22,0.0,0,357.11,5.0
SH02870,2025-08-16,Mumbai,West,Mumbai → West,TransGo,Road,Standard,Rain,2073.3,79.9,5.21,1.034,25.11,18.26,6.84,1,122.27,4.0
SH02871,2025-08-16,Delhi,East,Delhi → East,BlueLine,Rail,Standard,Clear,188.6,1620.2,5.73,1.02,73.23,81.91,0.0,0,147.3,4.0
SH02872,2025-08-16,Mumbai,South,Mumbai → South,SwiftMove,Rail,Standard,Rain,58.8,978.6,6.91,1.033,56.01,63.71,0.0,0,106.17,5.0
SH02873,2025-08-17,Kolkata,West,Kolkata → West,BlueLine,Road,Express,Clear,103.0,2048.5,3.13,1.04,43.01,55.45,0.0,0,317.19,5.0
SH02874,2025-08-17,Delhi,North,Delhi → North,BlueLine,Road,Standard,Clear,891.8,77.1,7.39,1.03,16.97,15.9,1.08,1,77.19,4.0
SH02875,2025-08-17,Nagpur,East,Nagpur → East,TransGo,Road,Express,Clear,46.9,1193.2,6.69,1.028,34.23,35.77,0.0,0,167.08,4.0
SH02876,2025-08-17,Mumbai,West,Mumbai → West,SwiftMove,Road,Standard,Clear,47.9,346.8,6.23,1.053,18.16,24.66,0.0,0,60.27,5.0
SH02877,2025-08-17,Mumbai,Central,Mumbai → Central,BlueLine,Road,Standard,Rain,391.7,889.4,6.61,1.012,39.83,37.66,2.17,1,140.97,5.0
SH02878,2025-08-17,Bengaluru,North,Bengaluru → North,SwiftMove,Rail,Standard,Rain,163.2,2263.9,6.07,1.029,78.89,101.89,0.0,0,191.91,5.0
SH02879,2025-08-17,Mumbai,West,Mumbai → West,BlueLine,Road,Standard,Rain,311.3,313.5,8.48,1.034,29.7,23.86,5.84,1,60.99,4.0
SH02880,2025-08-17,Mumbai,West,Mumbai → West,TransGo,Road,Standard,Rain,136.4,236.1,8.7,1.019,25.81,22.01,3.81,1,50.61,
SH02881,2025-08-17,Kolkata,South,Kolkata → South,SwiftMove,Rail,Standard,Rain,54.0,1822.8,2.02,1.043,81.53,89.53,0.0,0,161.09,5.0
SH02882,2025-08-17,Delhi,North,Delhi → North,RapidFreight,Road,Express,Clear,212.6,316.4,4.39,1.01,10.96,20.27,0.0,0,85.62,5.0
SH02883,2025-08-17,Mumbai,West,Mumbai → West,BlueLine,Road,Standard,Rain,491.8,315.2,9.85,1.02,30.35,23.9,6.45,1,67.32,5.0
SH02884,2025-08-18,Delhi,Central,Delhi → Central,SwiftMove,Road,Express,Clear,115.3,1168.5,6.88,1.036,32.24,37.01,0.0,0,202.57,
SH02885,2025-08-18,Kolkata,South,Kolkata → South,TransGo,Rail,Standard,Clear,231.0,1749.4,4.24,1.028,74.98,87.18,0.0,0,143.64,5.0
SH02886,2025-08-18,Nagpur,North,Nagpur → North,BlueLine,Rail,Standard,Rain,332.5,1188.3,6.59,1.025,62.12,66.39,0.0,0,107.51,5.0
SH02887,2025-08-18,Mumbai,West,Mumbai → West,SwiftMove,Road,Express,Storm,497.8,240.3,4.5,1.027,34.95,21.07,13.88,1,91.66,3.0
SH02888,2025-08-18,Mumbai,East,Mumbai → East,RapidFreight,Road,Standard,Clear,152.8,1973.5,7.08,1.042,51.47,63.63,0.0,0,285.09,4.0
SH02889,2025-08-18,Bengaluru,West,Bengaluru → West,RapidFreight,Road,Standard,Rain,340.4,958.9,6.4,1.027,31.99,36.45,0.0,0,170.39,5.0
SH02890,2025-08-18,Mumbai,South,Mumbai → South,TransGo,Air,Express,Clear,117.2,928.3,5.8,1.025,30.32,31.79,0.0,0,210.34,5.0
SH02891,2025-08-18,Bengaluru,West,Bengaluru → West,BlueLine,Rail,Standard,Clear,35.6,1056.4,4.03,1.024,56.47,63.32,0.0,0,97.07,5.0
SH02892,2025-08-18,Nagpur,North,Nagpur → North,TransGo,Road,Express,Rain,85.1,1109.8,3.59,1.037,37.31,34.13,3.18,1,171.15,5.0
SH02893,2025-08-18,Mumbai,North,Mumbai → North,BlueLine,Road,Standard,Rain,242.1,1373.6,7.45,1.038,39.97,49.26,0.0,0,171.72,4.0
SH02894,2025-08-18,Kolkata,North,Kolkata → North,TransGo,Rail,Standard,Rain,134.9,1613.0,1.55,1.024,88.38,82.83,5.56,1,124.07,5.0
SH02895,2025-08-18,Delhi,South,Delhi → South,RapidFreight,Road,Standard,Rain,48.8,2290.4,5.95,1.019,61.19,68.93,0.0,0,330.02,5.0
SH02896,2025-08-18,Mumbai,South,Mumbai → South,BlueLine,Road,Express,Rain,156.6,1016.7,8.1,1.044,37.27,36.32,0.95,1,153.9,5.0
SH02897,2025-08-19,Bengaluru,East,Bengaluru → East,BlueLine,Road,Express,Clear,2635.8,1936.2,6.16,1.044,54.3,51.51,2.79,1,524.49,5.0
SH02898,2025-08-19,Delhi,West,Delhi → West,TransGo,Rail,Standard,Rain,126.9,1539.3,6.64,1.043,73.89,79.32,0.0,0,132.28,4.0
SH02899,2025-08-19,Mumbai,East,Mumbai → East,SwiftMove,Rail,Standard,Clear,130.1,1852.5,3.92,1.044,75.21,91.63,0.0,0,189.22,5.0
SH02900,2025-08-19,Delhi,East,Delhi → East,TransGo,Road,Express,Clear,,1455.5,7.61,1.038,42.22,42.64,0.0,0,237.53,4.0
SH02901,2025-08-19,Bengaluru,West,Bengaluru → West,BlueLine,Air,Express,Clear,157.6,1078.4,7.5,1.007,22.35,29.18,0.0,0,305.84,5.0
SH02902,2025-08-19,Mumbai,West,Mumbai → West,RapidFreight,Road,Express,Rain,74.5,150.1,5.36,1.027,15.92,19.3,0.0,0,52.79,
SH02903,2025-08-19,Nagpur,Central,Nagpur → Central,SwiftMove,Road,Express,Clear,185.2,84.6,6.29,1.029,8.84,13.99,0.0,0,40.77,5.0
SH02904,2025-08-19,Delhi,North,Delhi → North,SwiftMove,Road,Standard,Rain,59.6,53.5,5.23,1.009,16.23,15.33,0.89,1,21.36,
SH02905,2025-08-19,Kolkata,Central,Kolkata → Central,TransGo,Road,Standard,Rain,532.5,1088.0,3.83,1.033,45.07,41.27,3.8,1,166.63,4.0
SH02906,2025-08-19,Delhi,West,Delhi → West,RapidFreight,Road,Standard,Rain,515.2,1450.8,6.5,1.029,42.93,48.81,0.0,0,243.9,5.0
SH02907,2025-08-19,Delhi,West,Delhi → West,TransGo,Road,Standard,Rain,,1602.2,5.95,1.029,55.61,52.44,3.18,1,160.01,5.0
SH02908,2025-08-19,Mumbai,North,Mumbai → North,RapidFreight,Air,Express,Rain,126.3,1593.4,5.46,1.025,25.4,32.97,0.0,0,415.14,5.0
SH02909,2025-08-19,Kolkata,Central,Kolkata → Central,SwiftMove,Road,Standard,Rain,731.2,1026.6,4.61,1.046,40.24,39.8,0.44,1,199.18,5.0
SH02910,2025-08-19,Mumbai,South,Mumbai → South,SwiftMove,Rail,Standard,Rain,360.7,1002.7,4.84,1.045,66.04,64.48,1.56,1,103.1,5.0
SH02911,2025-08-19,Mumbai,South,Mumbai → South,RapidFreight,Rail,Standard,Rain,327.9,984.1,5.12,1.031,54.83,63.89,0.0,0,106.51,4.0
SH02912,2025-08-20,Bengaluru,South,Bengaluru → South,SwiftMove,Road,Standard,Rain,179.1,343.7,3.54,1.032,18.26,21.71,0.0,0,65.61,5.0
SH02913,2025-08-20,Delhi,East,Delhi → East,BlueLine,Road,Standard,Clear,1332.0,1661.7,6.48,1.03,52.17,53.86,0.0,0,277.44,4.0
SH02914,2025-08-20,Delhi,Central,Delhi → Central,BlueLine,Road,Express,Rain,1242.9,983.6,5.38,1.045,33.88,33.37,0.51,1,235.61,5.0
SH02915,2025-08-20,Mumbai,West,Mumbai → West,TransGo,Road,Standard,Clear,58.5,203.1,7.98,1.024,22.61,21.21,1.39,1,35.78,3.0
SH02916,2025-08-20,Bengaluru,South,Bengaluru → South,SwiftMove,Road,Standard,Rain,983.9,320.0,3.2,1.039,23.58,21.14,2.44,1,130.35,5.0
SH02917,2025-08-20,Mumbai,North,Mumbai → North,RapidFreight,Rail,Standard,Clear,272.8,1354.6,8.16,1.039,64.07,75.72,0.0,0,179.9,5.0
SH02918,2025-08-20,Delhi,West,Delhi → West,RapidFreight,Rail,Standard,Clear,39.2,1403.9,5.1,1.036,64.06,75.0,0.0,0,152.23,4.0
SH02919,2025-08-20,Nagpur,West,Nagpur → West,BlueLine,Road,Standard,Clear,253.6,835.5,6.36,1.035,28.99,32.34,0.0,0,101.16,4.0
SH02920,2025-08-21,Bengaluru,South,Bengaluru → South,RapidFreight,Road,Standard,Rain,234.6,289.7,5.46,1.028,20.4,20.42,0.0,0,73.4,5.0
SH02921,2025-08-21,Delhi,North,Delhi → North,BlueLine,Road,Express,Rain,98.4,68.3,5.12,1.036,15.8,15.39,0.41,1,35.89,5.0
SH02922,2025-08-21,Mumbai,North,Mumbai → North,BlueLine,Road,Standard,Rain,93.2,1436.3,3.66,1.03,43.73,50.76,0.0,0,193.01,5.0
SH02923,2025-08-21,Mumbai,Central,Mumbai → Central,BlueLine,Road,Standard,Storm,360.9,863.9,5.93,1.015,46.1,37.05,9.05,1,142.49,4.0
SH02924,2025-08-21,Mumbai,West,Mumbai → West,BlueLine,Road,Express,Clear,80.0,241.5,7.42,1.028,20.53,21.09,0.0,0,61.55,5.0
SH02925,2025-08-21,Mumbai,West,Mumbai → West,BlueLine,Road,Standard,Clear,120.5,260.2,6.48,1.031,17.93,22.58,0.0,0,51.53,5.0
SH02926,2025-08-21,Mumbai,South,Mumbai → South,BlueLine,Road,Standard,Clear,195.1,996.8,3.82,1.02,36.63,40.23,0.0,0,152.67,4.0
SH02927,2025-08-21,Delhi,East,Delhi → East,BlueLine,Road,Standard,Rain,249.7,1682.3,6.79,1.041,47.88,54.36,0.0,0,222.23,5.0
SH02928,2025-08-21,Bengaluru,Central,Bengaluru → Central,RapidFreight,Road,Standard,Clear,132.7,1082.0,5.36,1.031,32.66,39.4,0.0,0,148.96,5.0
SH02929,2025-08-21,Mumbai,South,Mumbai → South,SwiftMove,Road,Standard,Rain,100.0,918.1,5.24,1.028,33.03,38.35,0.0,0,142.27,5.0
SH02930,2025-08-22,Bengaluru,North,Bengaluru → North,SwiftMove,Rail,Standard,Clear,1014.4,2263.0,5.12,1.009,97.69,101.86,0.0,0,221.67,5.0
SH02931,2025-08-22,Kolkata,North,Kolkata → North,TransGo,Road,Standard,Clear,219.6,1522.7,6.53,1.02,46.42,51.68,0.0,0,181.35,4.0
SH02932,2025-08-22,Mumbai,West,Mumbai → West,TransGo,Road,Standard,Storm,115.2,234.7,6.47,1.018,36.51,21.97,14.54,1,41.75,3.0
SH02933,2025-08-22,Nagpur,North,Nagpur → North,TransGo,Air,Express,Storm,37.5,1043.6,4.71,1.013,41.82,27.97,13.85,1,193.39,4.0
SH02934,2025-08-22,Kolkata,West,Kolkata → West,SwiftMove,Road,Standard,Clear,523.5,2231.6,5.93,1.044,61.66,68.67,0.0,0,282.45,5.0
SH02935,2025-08-22,Delhi,Central,Delhi → Central,SwiftMove,Rail,Standard,Clear,292.8,1013.1,3.85,1.013,49.98,62.51,0.0,0,104.87,5.0
SH02936,2025-08-22,Bengaluru,North,Bengaluru → North,SwiftMove,Road,Standard,Clear,158.1,2114.6,4.23,1.018,56.86,64.14,0.0,0,270.87,5.0
SH02937,2025-08-22,Delhi,West,Delhi → West,RapidFreight,Air,Express,Rain,97.8,1426.2,5.64,1.04,22.45,30.37,0.0,0,354.13,5.0
SH02938,2025-08-22,Delhi,West,Delhi → West,BlueLine,Rail,Standard,Storm,137.8,1412.9,4.64,1.033,88.59,75.28,13.31,1,131.54,4.0
SH02939,2025-08-22,Delhi,South,Delhi → South,BlueLine,Road,Standard,Clear,344.1,2398.5,5.35,1.02,65.37,71.51,0.0,0,313.83,5.0
SH02940,2025-08-22,Bengaluru,East,Bengaluru → East,TransGo,Rail,Standard,Rain,104.5,2135.7,4.87,1.028,99.9,97.8,2.1,1,160.81,
SH02941,2025-08-23,Nagpur,South,Nagpur → South,SwiftMove,Road,Standard,Clear,48.5,1051.2,5.37,1.038,29.06,37.51,0.0,0,127.15,5.0
SH02942,2025-08-23,Mumbai,Central,Mumbai → Central,SwiftMove,Road,Standard,Rain,905.2,815.7,4.91,1.033,35.35,35.89,0.0,0,166.12,
SH02943,2025-08-23,Mumbai,West,Mumbai → West,SwiftMove,Road,Standard,Clear,280.6,272.7,4.97,1.047,20.15,22.88,0.0,0,76.29,4.0
SH02944,2025-08-23,Delhi,East,Delhi → East,TransGo,Road,Standard,Clear,92.8,1625.8,4.18,1.027,43.92,53.0,0.0,0,186.59,5.0
SH02945,2025-08-23,Nagpur,North,Nagpur → North,SwiftMove,Road,Standard,Clear,220.5,1132.3,4.66,1.037,27.16,39.45,0.0,0,171.04,
SH02946,2025-08-23,Kolkata,South,Kolkata → South,SwiftMove,Road,Standard,Clear,2248.3,1763.2,3.07,1.029,53.81,57.44,0.0,0,373.06,5.0
SH02947,2025-08-23,Bengaluru,South,Bengaluru → South,BlueLine,Road,Standard,Rain,69.4,329.4,5.67,1.031,20.88,21.37,0.0,0,49.58,4.0
SH02948,2025-08-23,Delhi,Central,Delhi → Central,TransGo,Road,Standard,Clear,315.8,1024.4,7.31,1.049,43.65,38.59,5.05,1,127.51,5.0
SH02949,2025-08-24,Bengaluru,South,Bengaluru → South,BlueLine,Road,Standard,Storm,491.6,335.8,3.82,1.031,29.26,21.52,7.74,1,84.15,3.0
SH02950,2025-08-24,Delhi,North,Delhi → North,SwiftMove,Road,Standard,Storm,114.2,230.0,6.91,1.002,34.46,19.56,14.9,1,45.75,3.0
SH02951,2025-08-24,Bengaluru,South,Bengaluru → South,SwiftMove,Road,Standard,Rain,198.7,90.7,6.26,1.03,17.34,15.65,1.69,1,36.82,5.0
SH02952,2025-08-24,Nagpur,South,Nagpur → South,SwiftMove,Road,Standard,Clear,289.6,993.8,4.71,1.012,24.59,36.14,0.0,0,155.22,5.0
SH02953,2025-08-24,Delhi,South,Delhi → South,TransGo,Road,Express,Clear,76.8,2180.9,6.73,1.018,60.45,56.9,3.55,1,293.73,4.0
SH02954,2025-08-24,Delhi,North,Delhi → North,SwiftMove,Road,Standard,Clear,76.4,91.7,3.41,1.03,8.55,16.25,0.0,0,32.1,4.0
SH02955,2025-08-24,Nagpur,North,Nagpur → North,BlueLine,Road,Standard,Clear,321.0,1050.5,5.24,1.036,27.98,37.49,0.0,0,142.39,5.0
SH02956,2025-08-24,Bengaluru,South,Bengaluru → South,SwiftMove,Road,Standard,Clear,74.2,258.3,5.93,1.03,13.14,19.66,0.0,0,52.54,4.0
SH02957,2025-08-24,Delhi,East,Delhi → East,TransGo,Rail,Standard,Clear,436.2,1528.1,4.41,1.037,80.1,78.96,1.14,1,132.54,5.0
SH02958,2025-08-24,Nagpur,East,Nagpur → East,SwiftMove,Road,Standard,Rain,,1155.1,4.5,1.012,31.26,40.0,0.0,0,142.73,4.0
SH02959,2025-08-24,Kolkata,South,Kolkata → South,SwiftMove,Rail,Standard,Clear,219.0,1775.8,6.41,1.044,81.54,88.03,0.0,0,180.49,
SH02960,2025-08-24,Bengaluru,West,Bengaluru → West,SwiftMove,Road,Standard,Storm,650.2,1044.4,4.8,1.04,48.0,38.5,9.5,1,222.55,4.0
SH02961,2025-08-24,Kolkata,West,Kolkata → West,SwiftMove,Rail,Standard,Clear,116.7,1980.7,7.82,1.026,71.21,94.57,0.0,0,174.64,5.0
SH02962,2025-08-24,Kolkata,South,Kolkata → South,TransGo,Rail,Standard,Storm,271.8,1990.9,8.03,1.038,92.83,94.9,0.0,0,171.85,5.0
SH02963,2025-08-24,Delhi,West,Delhi → West,TransGo,Road,Standard,Rain,364.5,1553.0,2.82,1.028,48.74,51.26,0.0,0,206.87,5.0
SH02964,2025-08-24,Delhi,North,Delhi → North,SwiftMove,Road,Express,Clear,163.4,110.6,6.32,1.026,14.96,16.22,0.0,0,32.75,5.0
SH02965,2025-08-24,Delhi,North,Delhi → North,TransGo,Road,Standard,Clear,257.3,242.2,4.71,1.025,24.53,19.85,4.68,1,52.71,5.0
SH02966,2025-08-24,Bengaluru,South,Bengaluru → South,TransGo,Road,Express,Clear,314.8,76.0,7.76,1.039,20.97,14.97,6.01,1,46.69,4.0
SH02967,2025-08-25,Bengaluru,North,Bengaluru → North,BlueLine,Road,Express,Clear,436.3,2348.4,3.36,1.04,50.42,59.61,0.0,0,361.75,5.0
SH02968,2025-08-25,Delhi,East,Delhi → East,RapidFreight,Road,Standard,Clear,543.0,1441.7,6.6,1.03,41.23,48.59,0.0,0,229.07,4.0
SH02969,2025-08-25,Mumbai,East,Mumbai → East,RapidFreight,Air,Express,Rain,52.7,1867.9,7.79,1.04,27.67,33.45,0.0,0,356.51,5.0
SH02970,2025-08-25,Bengaluru,South,Bengaluru → South,TransGo,Road,Standard,Clear,219.5,78.1,6.15,1.034,16.54,15.35,1.2,1,30.54,5.0
SH02971,2025-08-25,Delhi,East,Delhi → East,BlueLine,Road,Standard,Rain,322.5,1633.3,4.74,1.011,48.54,53.18,0.0,0,200.07,4.0
SH02972,2025-08-25,Delhi,North,Delhi → North,SwiftMove,Road,Standard,Clear,569.0,269.1,7.16,1.047,16.86,20.5,0.0,0,81.96,5.0
SH02973,2025-08-25,Bengaluru,North,Bengaluru → North,BlueLine,Road,Standard,Rain,31.6,2120.6,3.48,1.02,53.09,64.28,0.0,0,231.84,5.0
SH02974,2025-08-25,Bengaluru,Central,Bengaluru → Central,BlueLine,Road,Standard,Clear,279.3,998.3,7.62,1.021,32.73,37.39,0.0,0,163.42,5.0
SH02975,2025-08-25,Mumbai,Central,Mumbai → Central,BlueLine,Road,Standard,Clear,100.8,854.6,6.27,1.022,33.43,36.82,0.0,0,123.98,4.0
SH02976,2025-08-25,Mumbai,East,Mumbai → East,SwiftMove,Road,Standard,Clear,666.6,1850.7,6.12,1.017,56.79,60.69,0.0,0,247.36,5.0
SH02977,2025-08-25,Kolkata,North,Kolkata → North,TransGo,Road,Standard,Clear,110.3,1481.7,7.64,1.039,53.94,50.7,3.24,1,177.99,5.0
SH02978,2025-08-25,Delhi,East,Delhi → East,TransGo,Rail,Standard,Rain,157.7,1413.7,7.97,1.041,70.42,75.31,0.0,0,104.45,4.0
SH02979,2025-08-25,Bengaluru,East,Bengaluru → East,RapidFreight,Road,Express,Rain,207.7,1795.8,7.26,1.025,47.33,48.76,0.0,0,323.77,5.0
SH02980,2025-08-26,Bengaluru,North,Bengaluru → North,TransGo,Rail,Standard,Rain,289.9,2458.9,4.78,1.025,92.35,108.12,0.0,0,197.12,4.0
SH02981,2025-08-26,Mumbai,East,Mumbai → East,BlueLine,Rail,Standard,Clear,65.0,1950.4,3.92,1.024,71.27,94.75,0.0,0,145.88,5.0
SH02982,2025-08-26,Mumbai,South,Mumbai → South,BlueLine,Road,Standard,Rain,297.2,1074.0,5.19,1.017,41.77,42.08,0.0,0,162.83,4.0
SH02983,2025-08-26,Delhi,Central,Delhi → Central,RapidFreight,Road,Express,Clear,561.3,1169.9,6.09,1.033,27.43,37.03,0.0,0,299.08,5.0
SH02984,2025-08-26,Kolkata,West,Kolkata → West,BlueLine,Air,Express,Clear,216.5,1911.2,6.87,1.035,25.99,32.38,0.0,0,482.42,4.0
SH02985,2025-08-26,Bengaluru,South,Bengaluru → South,BlueLine,Road,Standard,Clear,278.9,346.2,2.67,1.027,17.02,21.77,0.0,0,68.96,5.0
SH02986,2025-08-26,Kolkata,East,Kolkata → East,BlueLine,Road,Standard,Clear,1527.6,285.4,4.01,1.015,16.19,22.04,0.0,0,122.5,5.0
SH02987,2025-08-26,Nagpur,South,Nagpur → South,BlueLine,Road,Standard,Clear,89.4,939.5,6.12,1.029,27.51,34.83,0.0,0,127.31,5.0
SH02988,2025-08-26,Delhi,South,Delhi → South,SwiftMove,Air,Express,Clear,287.1,2123.3,5.4,1.04,25.65,31.61,0.0,0,548.42,4.0
SH02989,2025-08-26,Delhi,South,Delhi → South,BlueLine,Road,Standard,Clear,139.9,2210.3,6.38,1.04,57.94,67.0,0.0,0,279.05,5.0
SH02990,2025-08-27,Mumbai,South,Mumbai → South,RapidFreight,Road,Standard,Clear,459.6,926.7,5.68,1.028,26.99,38.55,0.0,0,158.27,5.0
SH02991,2025-08-27,Mumbai,West,Mumbai → West,TransGo,Road,Standard,Clear,504.3,327.3,6.24,1.014,23.64,24.19,0.0,0,64.19,5.0
SH02992,2025-08-27,Delhi,East,Delhi → East,TransGo,Air,Express,Rain,76.3,1419.7,5.98,1.04,30.51,30.36,0.14,1,274.53,4.0
SH02993,2025-08-27,Bengaluru,North,Bengaluru → North,RapidFreight,Air,Express,Rain,176.6,2070.6,5.15,1.024,28.59,30.94,0.0,0,629.58,5.0
SH02994,2025-08-27,Bengaluru,South,Bengaluru → South,RapidFreight,Road,Standard,Rain,53.4,87.9,6.22,1.041,13.88,15.58,0.0,0,29.35,5.0
SH02995,2025-08-27,Delhi,West,Delhi → West,RapidFreight,Road,Standard,Clear,812.1,1289.3,5.52,1.033,35.1,44.94,0.0,0,247.86,5.0
SH02996,2025-08-27,Delhi,West,Delhi → West,SwiftMove,Road,Standard,Rain,381.8,1365.8,4.11,1.032,41.76,46.77,0.0,0,190.83,5.0
SH02997,2025-08-27,Delhi,East,Delhi → East,RapidFreight,Road,Standard,Clear,124.5,1596.2,4.33,1.031,40.78,52.29,0.0,0,271.76,5.0
SH02998,2025-08-27,Bengaluru,West,Bengaluru → West,BlueLine,Air,Express,Clear,63.2,982.6,4.95,1.031,22.01,29.01,0.0,0,206.87,4.0
SH02999,2025-08-27,Mumbai,South,Mumbai → South,RapidFreight,Air,Express,Clear,102.8,1046.2,8.42,1.037,23.11,32.0,0.0,0,331.31,5.0
SH03000,2025-08-27,Mumbai,South,Mumbai → South,TransGo,Road,Standard,Rain,80.1,1112.5,6.21,1.044,44.93,43.0,1.93,1,134.86,5.0
SH03001,2025-08-27,Mumbai,East,Mumbai → East,TransGo,Road,Standard,Rain,237.2,1844.5,6.41,1.037,56.53,60.54,0.0,0,245.92,5.0
SH03002,2025-08-27,Mumbai,South,Mumbai → South,RapidFreight,Rail,Standard,Rain,70.2,1118.6,6.78,1.029,59.67,68.18,0.0,0,128.88,4.0
SH03003,2025-08-27,Bengaluru,North,Bengaluru → North,TransGo,Road,Standard,Clear,36.0,2037.5,5.08,1.037,57.22,62.29,0.0,0,237.67,4.0
SH03004,2025-08-27,Mumbai,North,Mumbai → North,TransGo,Rail,Standard,Rain,348.9,1562.8,6.47,1.028,82.14,82.37,0.0,0,117.64,4.0
SH03005,2025-08-27,Nagpur,West,Nagpur → West,TransGo,Road,Standard,Clear,45.9,905.3,5.22,1.019,29.98,34.01,0.0,0,114.77,5.0
SH03006,2025-08-27,Mumbai,West,Mumbai → West,TransGo,Road,Express,Clear,605.0,261.7,6.64,1.027,23.27,21.49,1.78,1,84.76,5.0
SH03007,2025-08-28,Delhi,South,Delhi → South,SwiftMove,Road,Standard,Clear,82.5,2202.8,7.37,1.036,55.6,66.83,0.0,0,234.99,4.0
SH03008,2025-08-28,Bengaluru,South,Bengaluru → South,SwiftMove,Road,Express,Clear,625.3,291.8,4.92,1.043,12.86,19.21,0.0,0,106.44,4.0
SH03009,2025-08-28,Bengaluru,West,Bengaluru → West,RapidFreight,Road,Standard,Storm,886.1,994.4,5.51,1.033,41.53,37.3,4.23,1,226.16,5.0
SH03010,2025-08-28,Bengaluru,North,Bengaluru → North,TransGo,Road,Standard,Clear,287.0,2345.2,4.23,1.022,65.93,69.66,0.0,0,282.45,4.0
SH03011,2025-08-28,Nagpur,South,Nagpur → South,RapidFreight,Road,Standard,Rain,157.3,1092.1,6.14,1.044,36.64,38.49,0.0,0,191.95,5.0
SH03012,2025-08-28,Mumbai,East,Mumbai → East,RapidFreight,Road,Standard,Clear,95.4,1986.5,8.17,1.041,48.55,63.94,0.0,0,247.54,4.0
SH03013,2025-08-28,Mumbai,South,Mumbai → South,SwiftMove,Road,Standard,Clear,147.6,955.9,6.54,1.049,30.7,39.25,0.0,0,150.65,5.0
SH03014,2025-08-28,Bengaluru,South,Bengaluru → South,BlueLine,Road,Standard,Clear,197.5,252.6,5.59,1.035,13.7,19.53,0.0,0,54.47,4.0
SH03015,2025-08-28,Kolkata,East,Kolkata → East,RapidFreight,Road,Standard,Storm,467.4,281.8,4.16,1.039,23.2,21.95,1.25,1,91.91,5.0
SH03016,2025-08-28,Kolkata,North,Kolkata → North,RapidFreight,Road,Standard,Clear,211.5,1586.5,3.98,1.037,39.11,53.21,0.0,0,274.51,5.0
SH03017,2025-08-28,Mumbai,Central,Mumbai → Central,TransGo,Road,Standard,Clear,77.3,787.8,5.5,1.028,34.56,35.22,0.0,0,97.43,5.0
SH03018,2025-08-28,Bengaluru,South,Bengaluru → South,RapidFreight,Road,Standard,Rain,51.8,201.3,3.46,1.027,15.39,18.3,0.0,0,45.44,4.0
SH03019,2025-08-28,Nagpur,Central,Nagpur → Central,RapidFreight,Road,Standard,Fog,82.7,95.5,6.71,1.018,13.56,14.61,0.0,0,32.1,
SH03020,2025-08-28,Delhi,North,Delhi → North,SwiftMove,Road,Standard,Clear,273.0,197.1,5.31,1.03,12.92,18.77,0.0,0,59.37,5.0
SH03021,2025-08-28,Nagpur,East,Nagpur → East,RapidFreight,Road,Standard,Clear,559.0,1209.3,5.98,1.029,35.68,41.3,0.0,0,231.38,5.0
SH03022,2025-08-28,Delhi,Central,Delhi → Central,RapidFreight,Road,Express,Rain,200.2,1161.9,4.42,1.034,34.42,36.88,0.0,0,202.28,5.0
SH03023,2025-08-28,Mumbai,North,Mumbai → North,RapidFreight,Road,Standard,Clear,63.3,1510.0,4.86,1.039,43.93,52.53,0.0,0,245.81,5.0
SH03024,2025-09-01,Kolkata,West,Kolkata → West,BlueLine,Road,Standard,Storm,135.2,2144.3,3.42,1.057,73.56,66.57,6.98,1,261.57,5.0
SH03025,2025-09-01,Bengaluru,West,Bengaluru → West,RapidFreight,Rail,Standard,Clear,89.7,990.6,5.6,1.045,46.91,61.22,0.0,0,114.72,5.0
SH03026,2025-09-01,Nagpur,East,Nagpur → East,SwiftMove,Air,Express,Rain,89.3,1022.7,6.44,1.035,27.09,27.93,0.0,0,232.21,
SH03027,2025-09-01,Bengaluru,North,Bengaluru → North,RapidFreight,Road,Standard,Clear,564.3,2339.7,5.63,1.065,54.24,69.53,0.0,0,428.03,5.0
SH03028,2025-09-01,Bengaluru,North,Bengaluru → North,BlueLine,Road,Standard,Clear,504.9,2123.9,5.39,1.053,54.71,64.36,0.0,0,286.22,4.0
SH03029,2025-09-01,Kolkata,West,Kolkata → West,TransGo,Road,Standard,Clear,226.7,2169.1,4.59,1.056,68.79,67.17,1.62,1,257.89,4.0
SH03030,2025-09-01,Delhi,West,Delhi → West,TransGo,Road,Standard,Storm,124.7,1601.0,8.51,1.061,61.11,52.41,8.71,1,220.11,4.0
SH03031,2025-09-01,Mumbai,East,Mumbai → East,TransGo,Road,Standard,Clear,254.4,2174.7,7.05,1.053,59.88,68.45,0.0,0,319.48,5.0
SH03032,2025-09-01,Kolkata,North,Kolkata → North,BlueLine,Air,Express,Clear,255.7,1579.2,3.02,1.045,22.68,31.79,0.0,0,466.02,5.0
SH03033,2025-09-01,Nagpur,North,Nagpur → North,RapidFreight,Road,Standard,Clear,500.5,1027.7,3.34,1.039,23.11,36.95,0.0,0,189.14,5.0
SH03034,2025-09-01,Delhi,West,Delhi → West,SwiftMove,Rail,Standard,Fog,599.2,1430.4,4.17,1.052,78.01,75.84,2.17,1,153.05,4.0
SH03035,2025-09-01,Bengaluru,West,Bengaluru → West,SwiftMove,Road,Standard,Rain,109.2,1020.6,3.62,1.054,33.74,37.93,0.0,0,137.37,4.0
SH03036,2025-09-01,Bengaluru,North,Bengaluru → North,SwiftMove,Road,Standard,Clear,157.0,2055.1,4.88,1.049,45.77,62.71,0.0,0,273.92,5.0
SH03037,2025-09-01,Delhi,South,Delhi → South,BlueLine,Rail,Standard,Rain,186.9,2388.4,5.02,1.061,79.5,106.45,0.0,0,189.2,5.0
SH03038,2025-09-01,Bengaluru,South,Bengaluru → South,TransGo,Road,Standard,Clear,463.3,308.8,5.69,1.054,22.16,20.87,1.28,1,67.42,5.0
SH03039,2025-09-01,Delhi,West,Delhi → West,RapidFreight,Road,Express,Clear,205.7,1403.5,4.82,1.04,28.97,41.62,0.0,0,242.88,5.0
SH03040,2025-09-02,Kolkata,West,Kolkata → West,BlueLine,Road,Express,Clear,107.3,2257.7,3.44,1.062,52.82,59.55,0.0,0,318.32,4.0
SH03041,2025-09-02,Bengaluru,East,Bengaluru → East,RapidFreight,Road,Standard,Rain,163.2,1998.7,6.72,1.06,57.84,61.36,0.0,0,346.2,4.0
SH03042,2025-09-02,Kolkata,Central,Kolkata → Central,BlueLine,Road,Standard,Rain,100.7,1163.8,5.4,1.038,42.19,43.08,0.0,0,145.63,3.0
SH03043,2025-09-02,Mumbai,West,Mumbai → West,SwiftMove,Road,Standard,Fog,242.7,230.1,6.07,1.054,21.49,21.86,0.0,0,56.78,4.0
SH03044,2025-09-02,Bengaluru,Central,Bengaluru → Central,RapidFreight,Road,Express,Rain,173.4,955.6,7.47,1.057,32.89,32.25,0.65,1,198.68,5.0
SH03045,2025-09-02,Mumbai,Central,Mumbai → Central,TransGo,Road,Standard,Fog,119.9,877.7,5.38,1.041,40.14,37.38,2.76,1,101.64,4.0
SH03046,2025-09-02,Delhi,Central,Delhi → Central,SwiftMove,Rail,Standard,Rain,171.3,994.7,1.6,1.048,54.43,61.93,0.0,0,109.53,4.0
SH03047,2025-09-02,Delhi,South,Delhi → South,TransGo,Road,Express,Rain,2207.4,2345.6,6.42,1.04,77.98,60.13,17.84,1,431.54,4.0
SH03048,2025-09-02,Bengaluru,North,Bengaluru → North,BlueLine,Road,Standard,Clear,67.6,2334.3,2.48,1.057,60.48,69.4,0.0,0,282.54,
SH03049,2025-09-02,Delhi,West,Delhi → West,BlueLine,Rail,Standard,Rain,259.2,1544.8,4.51,1.047,73.55,79.5,0.0,0,123.68,4.0
SH03050,2025-09-02,Delhi,East,Delhi → East,TransGo,Road,Standard,Clear,499.9,1477.9,5.33,1.07,50.96,49.46,1.5,1,187.94,3.0
SH03051,2025-09-02,Nagpur,North,Nagpur → North,BlueLine,Road,Express,Rain,187.5,1042.9,6.1,1.042,38.01,32.81,5.2,1,160.49,4.0
SH03052,2025-09-03,Bengaluru,West,Bengaluru → West,SwiftMove,Road,Standard,Rain,294.8,987.8,3.78,1.049,26.24,37.14,0.0,0,156.03,4.0
SH03053,2025-09-03,Nagpur,West,Nagpur → West,SwiftMove,Road,Standard,Rain,180.9,833.0,4.33,1.048,29.4,32.28,0.0,0,114.62,4.0
SH03054,2025-09-03,Delhi,North,Delhi → North,TransGo,Road,Express,Clear,62.0,253.7,6.04,1.047,20.29,19.03,1.26,1,48.23,5.0
SH03055,2025-09-03,Mumbai,North,Mumbai → North,BlueLine,Road,Express,Rain,772.3,1537.1,4.16,1.054,42.18,46.55,0.0,0,296.16,5.0
SH03056,2025-09-03,Mumbai,South,Mumbai → South,TransGo,Rail,Standard,Fog,263.6,980.5,8.31,1.043,73.22,63.77,9.45,1,101.47,4.0
SH03057,2025-09-03,Bengaluru,West,Bengaluru → West,SwiftMove,Road,Standard,Clear,941.4,956.6,2.65,1.045,28.73,36.39,0.0,0,199.67,5.0
SH03058,2025-09-03,Nagpur,South,Nagpur → South,BlueLine,Road,Standard,Clear,104.8,1146.9,4.37,1.063,29.99,39.8,0.0,0,155.09,5.0
SH03059,2025-09-03,Kolkata,East,Kolkata → East,SwiftMove,Road,Express,Clear,77.5,180.7,5.76,1.037,12.8,18.75,0.0,0,45.66,4.0
SH03060,2025-09-03,Mumbai,South,Mumbai → South,SwiftMove,Road,Standard,Rain,30.5,1031.6,8.07,1.059,43.08,41.07,2.01,1,136.23,3.0
SH03061,2025-09-03,Bengaluru,West,Bengaluru → West,SwiftMove,Road,Standard,Rain,67.6,937.5,3.7,1.042,35.32,35.94,0.0,0,149.25,4.0
SH03062,2025-09-03,Delhi,West,Delhi → West,SwiftMove,Road,Standard,Rain,582.8,1603.5,6.26,1.043,48.94,52.47,0.0,0,258.56,4.0
SH03063,2025-09-03,Delhi,East,Delhi → East,BlueLine,Rail,Standard,Rain,122.8,1594.0,6.05,1.042,66.3,81.07,0.0,0,151.22,5.0
SH03064,2025-09-03,Mumbai,West,Mumbai → West,BlueLine,Road,Standard,Rain,162.9,224.4,6.81,1.042,22.14,21.73,0.41,1,51.0,5.0
SH03065,2025-09-03,Bengaluru,South,Bengaluru → South,TransGo,Road,Standard,Clear,142.1,83.5,7.65,1.043,18.04,15.48,2.56,1,29.69,4.0
SH03066,2025-09-03,Delhi,South,Delhi → South,TransGo,Road,Standard,Clear,333.7,2347.4,7.92,1.027,61.28,70.29,0.0,0,262.5,4.0
SH03067,2025-09-03,Nagpur,South,Nagpur → South,BlueLine,Road,Standard,Clear,243.3,1087.0,5.11,1.056,27.95,38.37,0.0,0,154.34,4.0
SH03068,2025-09-03,Delhi,West,Delhi → West,BlueLine,Road,Standard,Rain,649.8,1387.9,2.58,1.063,44.37,47.3,0.0,0,197.57,5.0
SH03069,2025-09-03,Bengaluru,North,Bengaluru → North,SwiftMove,Road,Standard,Storm,71.4,2039.4,5.06,1.042,68.12,62.34,5.79,1,318.1,5.0
SH03070,2025-09-04,Delhi,East,Delhi → East,BlueLine,Air,Express,Clear,63.6,1627.5,8.76,1.062,23.38,30.73,0.0,0,328.26,5.0
SH03071,2025-09-04,Bengaluru,West,Bengaluru → West,BlueLine,Road,Standard,Clear,58.9,1088.6,6.66,1.053,31.89,39.56,0.0,0,142.58,4.0
SH03072,2025-09-04,Mumbai,North,Mumbai → North,BlueLine,Road,Standard,Clear,450.3,1307.2,7.38,1.067,48.49,47.67,0.82,1,186.38,5.0
SH03073,2025-09-04,Kolkata,South,Kolkata → South,BlueLine,Road,Standard,Storm,158.2,2147.9,4.27,1.04,66.0,66.66,0.0,0,330.97,5.0
SH03074,2025-09-04,Mumbai,North,Mumbai → North,TransGo,Rail,Standard,Rain,29.6,1389.9,5.83,1.047,68.16,76.85,0.0,0,111.31,4.0
SH03075,2025-09-04,Bengaluru,South,Bengaluru → South,TransGo,Road,Standard,Rain,83.6,83.7,5.24,1.064,24.1,15.48,8.62,1,27.27,5.0
SH03076,2025-09-04,Delhi,South,Delhi → South,BlueLine,Air,Express,Storm,183.5,2102.6,5.55,1.057,38.18,31.57,6.61,1,576.41,4.0
SH03077,2025-09-04,Bengaluru,South,Bengaluru → South,SwiftMove,Road,Express,Rain,60.9,197.3,4.86,1.056,18.03,17.35,0.68,1,43.65,5.0
SH03078,2025-09-04,Mumbai,East,Mumbai → East,SwiftMove,Road,Standard,Storm,374.5,2112.7,5.16,1.051,83.76,66.97,16.79,1,345.4,5.0
SH03079,2025-09-04,Bengaluru,West,Bengaluru → West,TransGo,Road,Standard,Rain,230.5,911.7,4.6,1.065,40.66,35.32,5.34,1,126.62,4.0
SH03080,2025-09-04,Kolkata,North,Kolkata → North,SwiftMove,Road,Standard,Clear,2081.6,1620.5,6.02,1.055,42.49,54.02,0.0,0,335.39,5.0
SH03081,2025-09-04,Nagpur,Central,Nagpur → Central,RapidFreight,Road,Express,Rain,244.8,169.9,5.03,1.037,13.24,15.66,0.0,0,65.49,5.0
SH03082,2025-09-04,Mumbai,East,Mumbai → East,TransGo,Road,Express,Clear,122.8,2086.8,6.33,1.055,52.92,57.35,0.0,0,266.83,5.0
SH03083,2025-09-04,Nagpur,South,Nagpur → South,SwiftMove,Road,Express,Clear,309.1,993.5,5.1,1.047,20.15,31.84,0.0,0,193.93,5.0
SH03084,2025-09-04,Bengaluru,South,Bengaluru → South,SwiftMove,Road,Express,Clear,850.5,76.3,7.34,1.044,15.88,14.97,0.91,1,85.43,4.0
SH03085,2025-09-04,Bengaluru,East,Bengaluru → East,BlueLine,Road,Express,Rain,82.7,1827.5,6.91,1.044,45.36,49.38,0.0,0,267.4,5.0
SH03086,2025-09-04,Mumbai,West,Mumbai → West,TransGo,Road,Express,Storm,147.8,54.7,5.11,1.068,41.62,17.42,24.2,1,30.89,3.0
SH03087,2025-09-04,Kolkata,Central,Kolkata → Central,TransGo,Road,Standard,Clear,242.3,1143.1,5.44,1.053,37.11,42.59,0.0,0,160.24,4.0
SH03088,2025-09-04,Mumbai,East,Mumbai → East,TransGo,Road,Standard,Storm,108.0,1900.8,6.64,1.044,67.87,61.89,5.98,1,229.63,4.0
SH03089,2025-09-04,Delhi,West,Delhi → West,RapidFreight,Road,Standard,Clear,63.7,1379.8,4.26,1.062,33.7,47.11,0.0,0,228.93,4.0
SH03090,2025-09-04,Delhi,East,Delhi → East,RapidFreight,Rail,Standard,Clear,392.0,1512.8,7.87,1.031,64.45,78.48,0.0,0,165.52,5.0
SH03091,2025-09-04,Nagpur,West,Nagpur → West,TransGo,Road,Standard,Rain,285.3,907.8,5.16,1.045,40.01,34.07,5.94,1,125.03,5.0
SH03092,2025-09-04,Delhi,South,Delhi → South,BlueLine,Air,Express,Clear,116.8,2336.5,7.57,1.052,28.28,31.98,0.0,0,392.1,4.0
SH03093,2025-09-04,Delhi,Central,Delhi → Central,SwiftMove,Road,Standard,Clear,67.6,1203.0,6.93,1.071,37.33,42.87,0.0,0,156.89,5.0
SH03094,2025-09-05,Kolkata,South,Kolkata → South,RapidFreight,Rail,Standard,Rain,453.3,2043.3,4.81,1.051,89.05,96.57,0.0,0,225.39,5.0
SH03095,2025-09-05,Mumbai,West,Mumbai → West,TransGo,Road,Express,Rain,1042.6,312.5,8.22,1.055,30.01,22.49,7.52,1,138.71,5.0
SH03096,2025-09-05,Mumbai,South,Mumbai → South,BlueLine,Road,Standard,Rain,150.4,1085.2,5.28,1.058,42.73,42.35,0.38,1,137.3,4.0
SH03097,2025-09-05,Mumbai,East,Mumbai → East,BlueLine,Rail,Standard,Rain,109.1,2298.7,4.17,1.052,101.31,105.88,0.0,0,168.62,5.0
SH03098,2025-09-05,Bengaluru,North,Bengaluru → North,TransGo,Rail,Standard,Clear,2256.5,2303.1,1.48,1.058,89.15,103.14,0.0,0,279.36,5.0
SH03099,2025-09-05,Kolkata,East,Kolkata → East,RapidFreight,Road,Express,Clear,371.8,99.7,6.9,1.047,11.42,17.16,0.0,0,62.87,5.0
SH03100,2025-09-05,Mumbai,West,Mumbai → West,SwiftMove,Road,Standard,Clear,221.2,187.3,7.28,1.049,14.96,20.84,0.0,0,48.52,5.0
SH03101,2025-09-05,Delhi,South,Delhi → South,RapidFreight,Road,Standard,Rain,180.5,2078.9,6.74,1.073,60.7,63.86,0.0,0,351.71,5.0
SH03102,2025-09-05,Bengaluru,West,Bengaluru → West,RapidFreight,Road,Standard,Clear,111.0,960.2,4.05,1.052,22.75,36.48,0.0,0,170.88,4.0
SH03103,2025-09-05,Bengaluru,East,Bengaluru → East,BlueLine,Road,Standard,Clear,178.2,1863.3,4.37,1.04,46.36,58.12,0.0,0,205.6,5.0
SH03104,2025-09-05,Bengaluru,East,Bengaluru → East,SwiftMove,Road,Standard,Clear,615.8,1953.7,2.75,1.062,55.41,60.28,0.0,0,293.22,5.0
SH03105,2025-09-05,Mumbai,East,Mumbai → East,SwiftMove,Rail,Standard,Clear,213.3,1860.2,6.99,1.064,65.59,91.87,0.0,0,183.65,5.0
SH03106,2025-09-06,Delhi,West,Delhi → West,SwiftMove,Road,Standard,Rain,90.1,1338.6,6.03,1.051,48.25,46.12,2.13,1,166.38,5.0
SH03107,2025-09-06,Mumbai,North,Mumbai → North,SwiftMove,Road,Express,Clear,162.4,1361.5,3.82,1.054,28.85,43.1,0.0,0,238.7,4.0
SH03108,2025-09-06,Mumbai,North,Mumbai → North,BlueLine,Road,Standard,Clear,452.9,1539.2,5.44,1.065,39.12,53.23,0.0,0,260.39,5.0
SH03109,2025-09-06,Nagpur,North,Nagpur → North,BlueLine,Rail,Standard,Clear,133.0,1152.8,6.72,1.045,58.02,65.25,0.0,0,112.09,5.0
SH03110,2025-09-06,Mumbai,South,Mumbai → South,TransGo,Rail,Standard,Clear,71.6,1020.7,5.76,1.039,58.4,65.06,0.0,0,88.41,5.0
SH03111,2025-09-06,Kolkata,Central,Kolkata → Central,TransGo,Road,Standard,Clear,559.3,1208.6,4.55,1.049,43.2,44.16,0.0,0,187.62,5.0
SH03112,2025-09-06,Mumbai,South,Mumbai → South,RapidFreight,Road,Standard,Rain,165.4,1099.7,7.35,1.055,37.42,42.7,0.0,0,188.35,5.0
SH03113,2025-09-06,Kolkata,Central,Kolkata → Central,SwiftMove,Road,Express,Storm,165.1,1180.8,7.43,1.065,54.34,38.4,15.94,1,208.2,3.0
SH03114,2025-09-06,Kolkata,North,Kolkata → North,RapidFreight,Road,Standard,Clear,1027.8,1596.2,5.4,1.06,43.73,53.44,0.0,0,288.17,4.0
SH03115,2025-09-06,Delhi,West,Delhi → West,SwiftMove,Road,Standard,Rain,213.0,1542.2,7.5,1.051,49.24,51.0,0.0,0,189.82,4.0
SH03116,2025-09-06,Delhi,South,Delhi → South,RapidFreight,Rail,Standard,Clear,465.8,2086.4,5.66,1.059,76.16,96.8,0.0,0,223.65,4.0
SH03117,2025-09-06,Mumbai,South,Mumbai → South,BlueLine,Road,Standard,Storm,90.4,1010.5,6.08,1.054,50.77,40.56,10.21,1,139.55,4.0
SH03118,2025-09-06,Mumbai,East,Mumbai → East,RapidFreight,Road,Standard,Clear,212.4,1884.9,5.29,1.054,50.33,61.51,0.0,0,299.54,4.0
SH03119,2025-09-06,Bengaluru,West,Bengaluru → West,RapidFreight,Air,Express,Clear,146.1,910.4,4.37,1.028,22.16,28.89,0.0,0,391.63,5.0
SH03120,2025-09-06,Nagpur,East,Nagpur → East,SwiftMove,Road,Express,Storm,100.6,1095.3,4.76,1.04,46.96,33.84,13.11,1,183.92,3.0
SH03121,2025-09-06,Delhi,North,Delhi → North,SwiftMove,Road,Standard,Rain,239.5,299.9,5.43,1.049,19.63,21.23,0.0,0,63.82,5.0
SH03122,2025-09-06,Kolkata,West,Kolkata → West,RapidFreight,Road,Express,Clear,87.8,2068.4,5.24,1.042,40.25,55.83,0.0,0,394.05,5.0
SH03123,2025-09-06,Delhi,North,Delhi → North,SwiftMove,Road,Express,Rain,537.5,292.2,4.61,1.052,21.39,19.79,1.6,1,88.2,5.0
SH03124,2025-09-06,Nagpur,South,Nagpur → South,TransGo,Road,Standard,Rain,264.4,1060.2,5.46,1.048,38.98,37.73,1.26,1,131.14,4.0
SH03125,2025-09-07,Kolkata,North,Kolkata → North,SwiftMove,Rail,Standard,Rain,59.3,1493.6,5.69,1.039,79.98,79.01,0.96,1,126.04,4.0
SH03126,2025-09-07,Bengaluru,East,Bengaluru → East,SwiftMove,Rail,Standard,Rain,89.3,1778.3,6.73,1.03,74.35,86.38,0.0,0,166.7,5.0
SH03127,2025-09-07,Mumbai,West,Mumbai → West,BlueLine,Road,Standard,Clear,243.1,189.2,5.1,1.066,15.9,20.88,0.0,0,52.62,4.0
SH03128,2025-09-07,Mumbai,East,Mumbai → East,BlueLine,Rail,Standard,Clear,412.8,2277.3,4.35,1.06,93.8,105.2,0.0,0,208.11,4.0
SH03129,2025-09-07,Delhi,Central,Delhi → Central,TransGo,Road,Express,Fog,128.4,999.8,5.31,1.059,37.0,33.69,3.3,1,167.19,4.0
SH03130,2025-09-07,Bengaluru,North,Bengaluru → North,RapidFreight,Road,Standard,Clear,223.2,2295.4,2.62,1.036,55.08,68.47,0.0,0,344.57,4.0
SH03131,2025-09-07,Nagpur,East,Nagpur → East,TransGo,Air,Express,Clear,350.8,1242.9,5.83,1.036,28.61,28.32,0.29,1,500.38,5.0
SH03132,2025-09-07,Kolkata,South,Kolkata → South,RapidFreight,Rail,Standard,Rain,3089.8,2052.8,5.31,1.055,80.76,96.88,0.0,0,348.18,5.0
SH03133,2025-09-07,Nagpur,East,Nagpur → East,BlueLine,Road,Standard,Clear,45.8,1257.5,2.4,1.048,35.32,42.45,0.0,0,165.69,5.0
SH03134,2025-09-07,Kolkata,West,Kolkata → West,TransGo,Rail,Standard,Clear,170.3,2177.1,6.47,1.042,89.31,100.85,0.0,0,169.62,5.0
SH03135,2025-09-07,Mumbai,East,Mumbai → East,BlueLine,Rail,Standard,Rain,733.4,2244.9,7.71,1.036,86.01,104.16,0.0,0,205.01,5.0
SH03136,2025-09-07,Nagpur,West,Nagpur → West,RapidFreight,Road,Standard,Clear,1025.9,916.6,5.0,1.053,25.34,34.29,0.0,0,241.12,4.0
SH03137,2025-09-07,Kolkata,North,Kolkata → North,BlueLine,Road,Express,Clear,725.4,1435.6,5.67,1.029,42.48,43.4,0.0,0,229.57,
SH03138,2025-09-07,Mumbai,Central,Mumbai → Central,TransGo,Road,Standard,Rain,29.2,932.5,6.64,1.055,41.85,38.69,3.16,1,116.31,5.0
SH03139,2025-09-07,Kolkata,South,Kolkata → South,SwiftMove,Rail,Standard,Rain,220.1,1782.1,4.55,1.051,71.82,88.23,0.0,0,164.39,5.0
SH03140,2025-09-07,Delhi,West,Delhi → West,TransGo,Road,Standard,Clear,304.0,1364.5,6.05,1.023,46.04,46.74,0.0,0,182.78,5.0
SH03141,2025-09-07,Delhi,South,Delhi → South,RapidFreight,Road,Express,Rain,25.5,2050.6,6.31,1.043,48.95,54.34,0.0,0,397.29,5.0
SH03142,2025-09-07,Kolkata,East,Kolkata → East,BlueLine,Road,Standard,Clear,345.8,325.5,5.69,1.044,19.87,23.0,0.0,0,66.97,4.0
SH03143,2025-09-07,Mumbai,West,Mumbai → West,SwiftMove,Road,Express,Clear,977.4,145.0,7.38,1.045,15.7,19.2,0.0,0,96.19,5.0
SH03144,2025-09-08,Mumbai,North,Mumbai → North,TransGo,Road,Express,Clear,147.9,1428.3,7.81,1.043,44.5,44.41,0.09,1,199.35,
SH03145,2025-09-08,Kolkata,North,Kolkata → North,RapidFreight,Rail,Standard,Rain,783.4,1717.9,3.36,1.05,78.71,86.18,0.0,0,212.85,5.0
SH03146,2025-09-08,Nagpur,North,Nagpur → North,BlueLine,Road,Standard,Clear,910.4,1149.0,3.15,1.053,35.16,39.85,0.0,0,197.19,5.0
SH03147,2025-09-08,Mumbai,South,Mumbai → South,BlueLine,Air,Express,Clear,136.1,992.3,5.93,1.06,26.98,31.91,0.0,0,289.11,5.0
SH03148,2025-09-08,Bengaluru,North,Bengaluru → North,SwiftMove,Road,Express,Clear,532.4,2120.2,4.57,1.055,50.38,55.13,0.0,0,395.14,4.0
SH03149,2025-09-08,Bengaluru,East,Bengaluru → East,RapidFreight,Rail,Standard,Rain,339.7,1912.5,5.52,1.043,76.17,90.67,0.0,0,224.82,5.0
SH03150,2025-09-08,Bengaluru,North,Bengaluru → North,TransGo,Road,Express,Rain,112.4,2239.8,3.94,1.05,63.52,57.48,6.04,1,252.8,4.0
SH03151,2025-09-08,Mumbai,North,Mumbai → North,TransGo,Road,Standard,Clear,54.6,1405.4,7.45,1.04,49.58,50.02,0.0,0,158.6,5.0
SH03152,2025-09-08,Mumbai,East,Mumbai → East,TransGo,Road,Standard,Storm,403.8,2076.0,8.28,1.043,75.46,66.09,9.37,1,301.49,4.0
SH03153,2025-09-08,Mumbai,South,Mumbai → South,TransGo,Road,Standard,Rain,227.1,981.5,6.51,1.044,42.24,39.87,2.37,1,128.82,
SH03154,2025-09-08,Delhi,Central,Delhi → Central,RapidFreight,Road,Standard,Rain,447.7,1049.4,4.52,1.056,31.3,39.19,0.0,0,178.33,5.0
SH03155,2025-09-08,Mumbai,East,Mumbai → East,BlueLine,Road,Standard,Rain,99.8,1959.9,5.92,1.05,59.07,63.31,0.0,0,208.19,3.0
SH03156,2025-09-08,Kolkata,South,Kolkata → South,RapidFreight,Rail,Standard,Rain,54.6,1882.6,7.31,1.058,76.49,91.44,0.0,0,192.07,5.0
SH03157,2025-09-08,Nagpur,South,Nagpur → South,RapidFreight,Road,Standard,Rain,394.5,967.2,5.24,1.051,28.55,35.5,0.0,0,200.05,5.0
SH03158,2025-09-09,Delhi,North,Delhi → North,BlueLine,Road,Standard,Storm,149.8,190.8,5.5,1.033,31.28,18.62,12.66,1,49.39,4.0
SH03159,2025-09-09,Kolkata,West,Kolkata → West,TransGo,Road,Standard,Clear,235.7,2173.0,4.87,1.055,60.54,67.26,0.0,0,249.48,5.0
SH03160,2025-09-09,Delhi,South,Delhi → South,SwiftMove,Rail,Standard,Storm,38.8,2302.7,4.76,1.047,104.41,103.71,0.71,1,189.64,5.0
SH03161,2025-09-09,Nagpur,Central,Nagpur → Central,BlueLine,Road,Standard,Rain,366.6,48.7,4.73,1.054,13.26,13.49,0.0,0,37.18,5.0
SH03162,2025-09-09,Mumbai,South,Mumbai → South,TransGo,Rail,Standard,Rain,170.1,1125.1,6.11,1.06,71.36,68.39,2.97,1,101.9,5.0
SH03163,2025-09-09,Delhi,North,Delhi → North,BlueLine,Road,Standard,Clear,69.4,209.6,4.56,1.054,13.58,19.07,0.0,0,36.17,
SH03164,2025-09-09,Bengaluru,West,Bengaluru → West,RapidFreight,Road,Express,Clear,413.5,1037.8,4.28,1.054,25.42,33.86,0.0,0,237.84,5.0
SH03165,2025-09-09,Mumbai,North,Mumbai → North,RapidFreight,Road,Standard,Clear,185.3,1409.2,7.22,1.054,49.59,50.11,0.0,0,258.35,5.0
SH03166,2025-09-09,Delhi,Central,Delhi → Central,TransGo,Rail,Standard,Clear,191.1,1142.3,3.89,1.058,59.97,66.64,0.0,0,103.41,4.0
SH03167,2025-09-09,Bengaluru,South,Bengaluru → South,BlueLine,Road,Standard,Clear,1137.6,95.8,4.46,1.04,11.81,15.77,0.0,0,98.94,5.0
SH03168,2025-09-09,Kolkata,Central,Kolkata → Central,TransGo,Road,Standard,Clear,170.2,1207.7,3.4,1.064,40.51,44.13,0.0,0,135.63,5.0
SH03169,2025-09-09,Mumbai,North,Mumbai → North,SwiftMove,Road,Standard,Clear,84.7,1541.7,5.26,1.039,40.92,53.29,0.0,0,215.59,4.0
SH03170,2025-09-09,Delhi,North,Delhi → North,TransGo,Road,Express,Clear,62.1,53.2,5.84,1.055,15.12,15.1,0.02,1,22.32,4.0
SH03171,2025-09-09,Delhi,West,Delhi → West,BlueLine,Road,Standard,Storm,,1329.9,7.12,1.051,51.29,45.91,5.38,1,227.23,5.0
SH03172,2025-09-09,Kolkata,Central,Kolkata → Central,SwiftMove,Road,Express,Clear,212.0,1238.0,5.37,1.049,33.28,39.52,0.0,0,244.72,5.0
SH03173,2025-09-10,Nagpur,West,Nagpur → West,BlueLine,Road,Standard,Rain,131.9,876.8,4.04,1.05,31.84,33.33,0.0,0,127.6,5.0
SH03174,2025-09-10,Kolkata,South,Kolkata → South,SwiftMove,Rail,Standard,Rain,94.8,2003.3,4.69,1.033,74.93,95.3,0.0,0,187.21,4.0
SH03175,2025-09-10,Kolkata,West,Kolkata → West,RapidFreight,Air,Express,Clear,137.7,2243.4,3.89,1.051,21.63,32.97,0.0,0,484.0,5.0
SH03176,2025-09-10,Kolkata,South,Kolkata → South,TransGo,Air,Express,Rain,180.6,1878.4,2.43,1.057,37.52,32.32,5.2,1,424.07,4.0
SH03177,2025-09-10,Mumbai,South,Mumbai → South,SwiftMove,Road,Standard,Clear,441.3,1015.5,5.45,1.056,33.07,40.68,0.0,0,172.48,5.0
SH03178,2025-09-10,Mumbai,North,Mumbai → North,SwiftMove,Road,Standard,Clear,318.0,1340.3,7.16,1.051,49.37,48.46,0.91,1,226.35,4.0
SH03179,2025-09-10,Kolkata,East,Kolkata → East,TransGo,Road,Standard,Storm,327.2,159.5,2.88,1.039,32.65,19.02,13.62,1,45.73,3.0
SH03180,2025-09-10,Mumbai,West,Mumbai → West,BlueLine,Road,Standard,Clear,544.4,61.1,7.92,1.042,15.59,17.82,0.0,0,51.9,4.0
SH03181,2025-09-10,Delhi,South,Delhi → South,BlueLine,Road,Standard,Rain,200.2,2148.6,4.5,1.051,59.85,65.53,0.0,0,306.86,5.0
SH03182,2025-09-10,Bengaluru,North,Bengaluru → North,TransGo,Road,Standard,Clear,438.9,2177.6,5.75,1.036,69.76,65.65,4.11,1,238.39,4.0
SH03183,2025-09-10,Kolkata,West,Kolkata → West,BlueLine,Road,Standard,Clear,656.7,2036.6,6.14,1.049,52.71,63.99,0.0,0,320.86,5.0
SH03184,2025-09-10,Mumbai,North,Mumbai → North,SwiftMove,Road,Express,Rain,135.7,1551.7,5.65,1.052,41.36,46.84,0.0,0,239.24,5.0
SH03185,2025-09-10,Delhi,North,Delhi → North,BlueLine,Road,Standard,Storm,1023.0,129.7,5.23,1.034,32.4,17.16,15.24,1,86.68,4.0
SH03186,2025-09-10,Mumbai,West,Mumbai → West,BlueLine,Road,Express,Storm,806.2,190.5,6.49,1.052,38.55,20.09,18.46,1,89.59,3.0
SH03187,2025-09-11,Delhi,East,Delhi → East,SwiftMove,Rail,Standard,Clear,1220.2,1409.9,4.39,1.047,63.67,75.19,0.0,0,167.72,5.0
SH03188,2025-09-11,Nagpur,West,Nagpur → West,BlueLine,Road,Standard,Clear,512.8,927.2,4.87,1.044,29.27,34.54,0.0,0,142.26,4.0
SH03189,2025-09-11,Nagpur,North,Nagpur → North,BlueLine,Road,Standard,Clear,181.5,1061.8,5.29,1.041,31.89,37.76,0.0,0,150.07,5.0
SH03190,2025-09-11,Delhi,North,Delhi → North,RapidFreight,Road,Standard,Clear,83.8,305.9,6.08,1.059,15.32,21.38,0.0,0,69.54,5.0
SH03191,2025-09-11,Bengaluru,Central,Bengaluru → Central,SwiftMove,Road,Express,Storm,232.6,1105.8,4.61,1.062,51.94,35.2,16.74,1,193.77,4.0
SH03192,2025-09-11,Nagpur,South,Nagpur → South,BlueLine,Road,Standard,Clear,38.2,942.1,5.53,1.065,27.49,34.9,0.0,0,123.12,5.0
SH03193,2025-09-11,Mumbai,North,Mumbai → North,BlueLine,Rail,Standard,Rain,875.1,1393.8,7.3,1.053,75.49,76.97,0.0,0,155.45,5.0
SH03194,2025-09-11,Nagpur,Central,Nagpur → Central,TransGo,Road,Standard,Rain,137.6,269.0,2.84,1.042,20.61,18.77,1.84,1,44.91,
SH03195,2025-09-11,Kolkata,South,Kolkata → South,TransGo,Road,Express,Fog,73.7,1768.9,4.89,1.033,52.5,49.95,2.55,1,252.89,4.0
SH03196,2025-09-11,Mumbai,West,Mumbai → West,BlueLine,Road,Standard,Clear,62.3,116.6,7.36,1.043,18.17,19.14,0.0,0,29.1,3.0
SH03197,2025-09-11,Bengaluru,West,Bengaluru → West,SwiftMove,Road,Standard,Clear,370.3,1061.8,4.8,1.047,31.4,38.91,0.0,0,158.06,5.0
SH03198,2025-09-11,Bengaluru,North,Bengaluru → North,SwiftMove,Road,Standard,Clear,417.5,2274.4,2.63,1.049,56.73,67.97,0.0,0,341.74,5.0
SH03199,2025-09-11,Mumbai,Central,Mumbai → Central,SwiftMove,Road,Standard,Clear,1411.2,899.1,7.98,1.058,33.32,37.89,0.0,0,190.56,4.0
SH03200,2025-09-11,Mumbai,West,Mumbai → West,RapidFreight,Road,Express,Rain,578.8,111.1,7.86,1.049,21.95,18.53,3.42,1,85.54,4.0
SH03201,2025-09-11,Kolkata,West,Kolkata → West,RapidFreight,Road,Standard,Clear,103.8,2015.7,7.94,1.031,58.87,63.49,0.0,0,310.59,5.0
SH03202,2025-09-11,Mumbai,West,Mumbai → West,RapidFreight,Road,Standard,Clear,262.5,157.8,5.53,1.032,13.4,20.13,0.0,0,64.54,5.0
SH03203,2025-09-11,Nagpur,Central,Nagpur → Central,SwiftMove,Road,Express,Rain,335.3,77.9,4.97,1.051,14.73,13.86,0.88,1,59.33,
SH03204,2025-09-11,Nagpur,West,Nagpur → West,BlueLine,Air,Express,Fog,69.3,787.2,2.23,1.056,26.67,27.52,0.0,0,227.98,5.0
SH03205,2025-09-12,Delhi,North,Delhi → North,BlueLine,Road,Standard,Clear,45.0,296.2,5.84,1.065,17.2,21.15,0.0,0,42.54,5.0
SH03206,2025-09-12,Bengaluru,South,Bengaluru → South,BlueLine,Road,Standard,Rain,170.8,94.3,3.08,1.045,15.92,15.74,0.18,1,32.12,3.0
SH03207,2025-09-12,Bengaluru,West,Bengaluru → West,SwiftMove,Road,Standard,Clear,255.9,1049.5,6.77,1.054,32.69,38.62,0.0,0,152.07,4.0
SH03208,2025-09-12,Delhi,North,Delhi → North,SwiftMove,Road,Express,Clear,549.3,174.0,3.42,1.065,9.74,17.47,0.0,0,76.24,4.0
SH03209,2025-09-12,Mumbai,South,Mumbai → South,BlueLine,Rail,Standard,Storm,298.6,1096.1,4.92,1.05,67.38,67.46,0.0,0,144.57,5.0
SH03210,2025-09-12,Delhi,Central,Delhi → Central,BlueLine,Air,Express,Clear,139.4,1201.4,6.91,1.057,24.13,29.98,0.0,0,315.14,4.0
SH03211,2025-09-12,Kolkata,Central,Kolkata → Central,TransGo,Road,Standard,Clear,202.9,1121.1,4.58,1.039,34.81,42.06,0.0,0,160.71,5.0
SH03212,2025-09-12,Mumbai,East,Mumbai → East,BlueLine,Road,Standard,Clear,58.0,2280.8,7.07,1.041,60.77,71.0,0.0,0,244.79,4.0
SH03213,2025-09-12,Nagpur,South,Nagpur → South,SwiftMove,Road,Standard,Clear,855.8,1006.8,6.56,1.066,38.07,36.45,1.63,1,218.0,4.0
SH03214,2025-09-12,Kolkata,Central,Kolkata → Central,SwiftMove,Rail,Standard,Rain,67.3,1055.9,4.83,1.054,58.01,65.03,0.0,0,90.39,
SH03215,2025-09-12,Delhi,North,Delhi → North,BlueLine,Road,Standard,Clear,87.5,257.1,6.56,1.042,16.79,20.21,0.0,0,46.23,5.0
SH03216,2025-09-12,Nagpur,Central,Nagpur → Central,SwiftMove,Road,Standard,Storm,336.5,264.2,4.57,1.046,24.04,18.65,5.39,1,60.02,3.0
SH03217,2025-09-13,Delhi,Central,Delhi → Central,RapidFreight,Rail,Standard,Clear,303.8,1036.6,4.6,1.035,54.88,63.26,0.0,0,143.82,4.0
SH03218,2025-09-13,Mumbai,Central,Mumbai → Central,TransGo,Road,Standard,Rain,233.3,889.0,5.86,1.066,40.78,37.65,3.13,1,121.15,5.0
SH03219,2025-09-13,Mumbai,Central,Mumbai → Central,TransGo,Road,Standard,Clear,80.7,777.4,5.13,1.049,35.86,34.98,0.89,1,92.2,5.0
SH03220,2025-09-13,Mumbai,East,Mumbai → East,TransGo,Rail,Standard,Rain,471.7,2137.3,5.37,1.065,92.64,100.72,0.0,0,178.66,
SH03221,2025-09-13,Nagpur,North,Nagpur → North,BlueLine,Rail,Standard,Clear,185.1,1050.3,6.42,1.032,64.12,61.98,2.14,1,108.27,5.0
SH03222,2025-09-13,Delhi,North,Delhi → North,SwiftMove,Road,Express,Clear,256.2,209.5,5.5,1.042,14.51,18.17,0.0,0,68.39,
SH03223,2025-09-13,Mumbai,East,Mumbai → East,TransGo,Road,Standard,Clear,230.8,2053.2,6.61,1.049,63.32,65.54,0.0,0,261.06,4.0
SH03224,2025-09-13,Bengaluru,South,Bengaluru → South,SwiftMove,Road,Standard,Rain,,126.8,1.92,1.054,15.27,16.51,0.0,0,34.72,5.0
SH03225,2025-09-13,Mumbai,South,Mumbai → South,SwiftMove,Road,Standard,Clear,800.2,1123.0,4.88,1.065,30.27,43.26,0.0,0,218.16,3.0
SH03226,2025-09-13,Delhi,South,Delhi → South,TransGo,Road,Standard,Rain,109.9,2358.8,7.15,1.057,71.14,70.56,0.58,1,264.45,4.0
SH03227,2025-09-13,Mumbai,West,Mumbai → West,TransGo,Road,Standard,Clear,344.1,335.7,8.72,1.052,28.52,24.39,4.13,1,64.66,5.0
SH03228,2025-09-13,Nagpur,South,Nagpur → South,BlueLine,Road,Standard,Rain,127.6,1010.6,3.0,1.039,37.02,36.54,0.48,1,147.82,5.0
SH03229,2025-09-13,Kolkata,North,Kolkata → North,RapidFreight,Rail,Standard,Storm,682.3,1478.5,5.35,1.048,84.7,78.53,6.17,1,205.95,4.0
SH03230,2025-09-14,Nagpur,East,Nagpur → East,TransGo,Air,Express,Clear,475.9,1225.8,2.38,1.047,27.96,28.29,0.0,0,569.48,4.0
SH03231,2025-09-14,Delhi,West,Delhi → West,BlueLine,Road,Express,Clear,29.4,1454.8,5.38,1.036,39.89,42.63,0.0,0,208.09,5.0
SH03232,2025-09-14,Bengaluru,West,Bengaluru → West,BlueLine,Rail,Standard,Clear,116.9,1015.2,3.51,1.054,48.84,62.01,0.0,0,92.37,5.0
SH03233,2025-09-14,Delhi,West,Delhi → West,SwiftMove,Rail,Standard,Clear,813.3,1445.0,7.45,1.044,65.11,76.31,0.0,0,152.49,5.0
SH03234,2025-09-14,Delhi,East,Delhi → East,SwiftMove,Road,Standard,Rain,178.3,1690.9,7.51,1.057,50.39,54.56,0.0,0,264.83,4.0
SH03235,2025-09-14,Mumbai,East,Mumbai → East,RapidFreight,Air,Express,Rain,158.6,2190.7,5.97,1.042,27.61,34.03,0.0,0,514.57,4.0
SH03236,2025-09-14,Mumbai,South,Mumbai → South,BlueLine,Road,Standard,Storm,51.4,950.4,7.04,1.055,52.16,39.12,13.04,1,130.92,4.0
SH03237,2025-09-14,Delhi,Central,Delhi → Central,RapidFreight,Road,Standard,Rain,55.8,1059.1,5.31,1.055,38.12,39.42,0.0,0,196.14,
SH03238,2025-09-15,Mumbai,East,Mumbai → East,TransGo,Road,Express,Clear,368.8,2006.5,6.34,1.053,50.84,55.77,0.0,0,283.22,5.0
SH03239,2025-09-15,Mumbai,North,Mumbai → North,TransGo,Rail,Standard,Rain,513.1,1396.9,7.95,1.034,76.5,77.07,0.0,0,111.94,5.0
SH03240,2025-09-15,Delhi,North,Delhi → North,TransGo,Road,Standard,Clear,219.5,139.8,4.15,1.056,19.97,17.4,2.57,1,41.85,
SH03241,2025-09-15,Kolkata,West,Kolkata → West,BlueLine,Road,Standard,Rain,356.9,1864.9,3.67,1.054,58.52,59.88,0.0,0,261.46,5.0
SH03242,2025-09-15,Kolkata,West,Kolkata → West,BlueLine,Road,Standard,Clear,448.5,2234.1,5.54,1.037,57.86,68.73,0.0,0,314.17,4.0
SH03243,2025-09-15,Kolkata,South,Kolkata → South,SwiftMove,Rail,Standard,Clear,60.0,1968.9,3.22,1.044,84.96,94.2,0.0,0,159.83,5.0
SH03244,2025-09-15,Bengaluru,Central,Bengaluru → Central,TransGo,Road,Standard,Rain,289.8,995.9,2.82,1.037,42.71,37.34,5.38,1,147.05,4.0
SH03245,2025-09-15,Nagpur,East,Nagpur → East,SwiftMove,Rail,Standard,Rain,171.0,1240.6,5.5,1.054,58.98,68.05,0.0,0,117.77,5.0
SH03246,2025-09-15,Mumbai,West,Mumbai → West,BlueLine,Road,Standard,Rain,194.6,217.8,6.95,1.05,26.56,21.57,5.0,1,48.51,5.0
SH03247,2025-09-15,Mumbai,South,Mumbai → South,TransGo,Road,Express,Clear,224.4,1001.0,3.1,1.041,36.0,36.02,0.0,0,156.78,5.0
SH03248,2025-09-15,Mumbai,North,Mumbai → North,BlueLine,Road,Standard,Clear,184.5,1499.6,7.73,1.05,42.18,52.28,0.0,0,214.02,5.0
SH03249,2025-09-15,Nagpur,West,Nagpur → West,SwiftMove,Road,Standard,Rain,90.3,821.4,4.07,1.06,31.49,32.0,0.0,0,102.23,4.0
SH03250,2025-09-15,Mumbai,East,Mumbai → East,BlueLine,Road,Standard,Storm,191.0,1898.4,8.17,1.075,64.26,61.83,2.42,1,275.52,4.0
SH03251,2025-09-15,Bengaluru,South,Bengaluru → South,BlueLine,Road,Standard,Clear,149.0,170.1,5.03,1.043,12.57,17.55,0.0,0,36.76,4.0
SH03252,2025-09-15,Kolkata,South,Kolkata → South,BlueLine,Road,Standard,Fog,186.5,1865.6,5.79,1.053,51.75,59.9,0.0,0,233.39,5.0
SH03253,2025-09-15,Kolkata,South,Kolkata → South,BlueLine,Rail,Standard,Rain,45.5,1990.9,6.28,1.054,91.46,94.9,0.0,0,145.95,
SH03254,2025-09-15,Delhi,East,Delhi → East,BlueLine,Road,Standard,Clear,436.4,1498.3,5.4,1.058,38.49,49.95,0.0,0,235.36,4.0
SH03255,2025-09-16,Kolkata,West,Kolkata → West,SwiftMove,Road,Standard,Storm,209.7,2111.0,4.79,1.048,71.05,65.78,5.27,1,329.7,4.0
SH03256,2025-09-16,Delhi,South,Delhi → South,BlueLine,Rail,Standard,Rain,195.1,2214.4,6.77,1.046,94.56,100.89,0.0,0,162.77,4.0
SH03257,2025-09-16,Mumbai,Central,Mumbai → Central,BlueLine,Rail,Standard,Rain,92.2,803.6,4.07,1.056,53.98,58.12,0.0,0,93.69,5.0
SH03258,2025-09-16,Delhi,South,Delhi → South,RapidFreight,Rail,Standard,Clear,855.3,2331.2,4.06,1.043,82.14,104.62,0.0,0,290.05,5.0
SH03259,2025-09-16,Delhi,North,Delhi → North,RapidFreight,Road,Standard,Clear,210.2,164.0,8.02,1.057,16.9,17.98,0.0,0,59.6,5.0
SH03260,2025-09-16,Delhi,South,Delhi → South,RapidFreight,Road,Standard,Clear,157.8,1986.2,6.3,1.05,43.66,61.64,0.0,0,312.56,5.0
SH03261,2025-09-16,Bengaluru,North,Bengaluru → North,RapidFreight,Road,Standard,Rain,175.4,2033.1,5.63,1.044,52.74,62.18,0.0,0,357.12,4.0
SH03262,2025-09-16,Nagpur,South,Nagpur → South,TransGo,Road,Standard,Rain,79.7,1047.9,7.15,1.047,46.03,37.43,8.6,1,145.5,5.0
SH03263,2025-09-17,Mumbai,West,Mumbai → West,SwiftMove,Road,Express,Rain,279.7,248.5,5.46,1.079,21.36,21.23,0.13,1,60.37,
SH03264,2025-09-17,Kolkata,South,Kolkata → South,SwiftMove,Road,Standard,Clear,797.1,1880.1,4.93,1.054,47.12,60.24,0.0,0,289.56,5.0
SH03265,2025-09-17,Mumbai,North,Mumbai → North,BlueLine,Road,Standard,Clear,155.5,1494.0,5.67,1.058,40.58,52.14,0.0,0,221.22,5.0
SH03266,2025-09-17,Bengaluru,Central,Bengaluru → Central,BlueLine,Road,Express,Clear,217.9,1149.3,6.24,1.045,30.86,36.05,0.0,0,194.48,5.0
SH03267,2025-09-17,Bengaluru,West,Bengaluru → West,SwiftMove,Rail,Standard,Rain,140.2,973.0,4.26,1.053,58.08,60.66,0.0,0,112.79,5.0
SH03268,2025-09-17,Bengaluru,Central,Bengaluru → Central,RapidFreight,Road,Standard,Clear,185.1,1102.7,5.63,1.075,33.63,39.89,0.0,0,212.79,4.0
SH03269,2025-09-17,Kolkata,Central,Kolkata → Central,BlueLine,Road,Express,Clear,320.1,1223.7,5.15,1.041,33.3,39.24,0.0,0,193.31,5.0
SH03270,2025-09-17,Mumbai,West,Mumbai → West,SwiftMove,Road,Standard,Clear,241.2,187.4,4.3,1.044,14.86,20.84,0.0,0,52.93,4.0
SH03271,2025-09-17,Mumbai,East,Mumbai → East,RapidFreight,Road,Standard,Rain,612.0,2021.3,5.43,1.062,56.22,64.78,0.0,0,376.21,5.0
SH03272,2025-09-17,Mumbai,East,Mumbai → East,RapidFreight,Road,Standard,Clear,117.8,2095.3,3.88,1.035,49.84,66.55,0.0,0,326.99,4.0
SH03273,2025-09-17,Delhi,Central,Delhi → Central,TransGo,Road,Standard,Clear,172.3,1112.0,8.37,1.042,42.71,40.69,2.02,1,128.78,4.0
SH03274,2025-09-17,Delhi,South,Delhi → South,BlueLine,Road,Express,Rain,382.4,2358.7,3.83,1.038,45.5,60.39,0.0,0,341.44,5.0
SH03275,2025-09-17,Mumbai,South,Mumbai → South,BlueLine,Road,Standard,Storm,685.6,1019.8,6.55,1.053,43.53,40.78,2.74,1,204.04,5.0
SH03276,2025-09-18,Kolkata,South,Kolkata → South,TransGo,Road,Standard,Rain,1197.3,1758.8,2.54,1.061,58.7,57.34,1.36,1,250.36,4.0
SH03277,2025-09-18,Nagpur,North,Nagpur → North,SwiftMove,Road,Express,Rain,854.1,989.4,3.9,1.051,31.85,31.76,0.09,1,291.65,4.0
SH03278,2025-09-18,Mumbai,West,Mumbai → West,TransGo,Road,Standard,Clear,90.7,55.0,5.82,1.046,19.18,17.67,1.52,1,20.65,4.0
SH03279,2025-09-18,Bengaluru,North,Bengaluru → North,RapidFreight,Road,Express,Clear,42.9,2345.4,3.15,1.045,55.46,59.55,0.0,0,352.54,
SH03280,2025-09-18,Kolkata,East,Kolkata → East,SwiftMove,Road,Standard,Rain,451.1,195.1,3.7,1.063,14.68,19.87,0.0,0,69.99,5.0
SH03281,2025-09-18,Mumbai,North,Mumbai → North,SwiftMove,Road,Standard,Rain,140.8,1506.1,5.69,1.071,47.45,52.43,0.0,0,220.96,5.0
SH03282,2025-09-18,Bengaluru,Central,Bengaluru → Central,TransGo,Rail,Standard,Rain,83.6,1075.4,5.51,1.047,68.1,63.93,4.17,1,82.58,4.0
SH03283,2025-09-18,Mumbai,North,Mumbai → North,BlueLine,Road,Express,Clear,301.4,1403.2,5.41,1.054,38.65,43.92,0.0,0,244.06,4.0
SH03284,2025-09-18,Mumbai,East,Mumbai → East,TransGo,Rail,Standard,Storm,450.1,2206.4,6.83,1.051,115.95,102.93,13.02,1,200.24,3.0
SH03285,2025-09-18,Bengaluru,North,Bengaluru → North,TransGo,Rail,Standard,Rain,110.0,2445.3,7.45,1.053,81.2,107.69,0.0,0,180.83,4.0
SH03286,2025-09-18,Mumbai,North,Mumbai → North,BlueLine,Rail,Standard,Clear,286.0,1376.8,6.52,1.048,84.37,76.43,7.94,1,110.22,4.0
SH03287,2025-09-18,Nagpur,East,Nagpur → East,BlueLine,Road,Standard,Fog,113.3,1052.1,4.99,1.051,40.04,37.53,2.51,1,118.33,5.0
SH03288,2025-09-18,Nagpur,North,Nagpur → North,SwiftMove,Road,Express,Rain,416.8,1181.7,4.33,1.041,35.41,35.54,0.0,0,231.94,5.0
SH03289,2025-09-18,Mumbai,South,Mumbai → South,SwiftMove,Road,Standard,Clear,71.8,1059.0,5.02,1.051,34.13,41.72,0.0,0,154.7,5.0
SH03290,2025-09-18,Kolkata,South,Kolkata → South,BlueLine,Road,Standard,Rain,210.6,1918.4,3.73,1.045,53.08,61.16,0.0,0,260.03,4.0
SH03291,2025-09-18,Nagpur,South,Nagpur → South,SwiftMove,Road,Standard,Storm,420.7,1043.0,4.82,1.074,46.87,37.31,9.55,1,176.38,4.0
SH03292,2025-09-18,Delhi,South,Delhi → South,TransGo,Road,Standard,Clear,1736.0,2412.5,6.39,1.042,69.76,71.85,0.0,0,404.84,5.0
SH03293,2025-09-18,Delhi,North,Delhi → North,TransGo,Road,Standard,Clear,225.0,325.7,4.27,1.049,20.1,21.85,0.0,0,57.67,4.0
SH03294,2025-09-19,Bengaluru,North,Bengaluru → North,SwiftMove,Road,Standard,Rain,29.4,1996.6,4.34,1.049,64.43,61.31,3.12,1,295.97,4.0
SH03295,2025-09-19,Bengaluru,East,Bengaluru → East,TransGo,Road,Standard,Storm,539.0,1744.2,6.5,1.046,62.98,55.26,7.71,1,239.16,4.0
SH03296,2025-09-19,Kolkata,North,Kolkata → North,BlueLine,Road,Standard,Rain,24.6,1674.8,5.2,1.054,48.47,55.33,0.0,0,206.17,5.0
SH03297,2025-09-19,Nagpur,West,Nagpur → West,BlueLine,Road,Standard,Clear,112.9,898.6,5.33,1.037,24.51,33.85,0.0,0,114.5,4.0
SH03298,2025-09-19,Mumbai,North,Mumbai → North,SwiftMove,Road,Standard,Clear,656.1,1357.3,6.65,1.062,42.67,48.87,0.0,0,203.75,5.0
SH03299,2025-09-19,Delhi,East,Delhi → East,BlueLine,Road,Standard,Clear,292.5,1474.4,4.21,1.058,44.94,49.38,0.0,0,232.66,5.0
SH03300,2025-09-19,Kolkata,South,Kolkata → South,BlueLine,Road,Standard,Clear,221.3,1842.8,4.42,1.055,47.68,59.35,0.0,0,254.02,4.0
SH03301,2025-09-19,Delhi,East,Delhi → East,BlueLine,Rail,Standard,Rain,803.7,1652.8,6.11,1.055,94.46,82.95,11.51,1,147.06,3.0
SH03302,2025-09-19,Delhi,West,Delhi → West,RapidFreight,Rail,Standard,Clear,142.7,1418.5,6.78,1.062,64.36,75.46,0.0,0,146.83,5.0
SH03303,2025-09-19,Nagpur,West,Nagpur → West,SwiftMove,Rail,Standard,Clear,372.7,814.5,6.62,1.052,45.29,54.44,0.0,0,106.34,3.0
SH03304,2025-09-19,Bengaluru,Central,Bengaluru → Central,BlueLine,Rail,Standard,Clear,568.6,1117.1,6.04,1.046,61.62,65.26,0.0,0,133.09,4.0
SH03305,2025-09-19,Delhi,South,Delhi → South,TransGo,Road,Standard,Clear,275.3,2291.9,7.02,1.051,65.21,68.96,0.0,0,282.62,4.0
SH03306,2025-09-19,Mumbai,North,Mumbai → North,RapidFreight,Road,Standard,Rain,37.4,1479.9,5.92,1.047,45.77,51.81,0.0,0,227.23,5.0
SH03307,2025-09-19,Bengaluru,South,Bengaluru → South,TransGo,Road,Standard,Rain,75.8,294.4,6.15,1.062,31.33,20.53,10.8,1,46.1,4.0
SH03308,2025-09-19,Mumbai,North,Mumbai → North,SwiftMove,Road,Standard,Clear,191.7,1538.9,4.65,1.042,46.05,53.22,0.0,0,213.54,3.0
SH03309,2025-09-20,Bengaluru,Central,Bengaluru → Central,SwiftMove,Road,Standard,Clear,116.4,991.4,3.84,1.06,29.07,37.23,0.0,0,140.78,5.0
SH03310,2025-09-20,Kolkata,East,Kolkata → East,BlueLine,Road,Standard,Clear,1860.1,300.5,3.84,1.045,19.66,22.4,0.0,0,142.39,
SH03311,2025-09-20,Delhi,Central,Delhi → Central,RapidFreight,Rail,Standard,Clear,358.2,987.8,4.11,1.055,50.22,61.7,0.0,0,130.17,5.0
SH03312,2025-09-20,Kolkata,South,Kolkata → South,BlueLine,Rail,Standard,Clear,372.1,1874.6,5.8,1.047,73.36,91.18,0.0,0,180.48,5.0
SH03313,2025-09-20,Delhi,Central,Delhi → Central,SwiftMove,Rail,Standard,Clear,278.6,1133.2,4.42,1.04,61.63,66.35,0.0,0,121.33,4.0
SH03314,2025-09-20,Bengaluru,South,Bengaluru → South,SwiftMove,Road,Express,Rain,254.2,233.0,4.03,1.053,14.39,18.05,0.0,0,68.93,4.0
SH03315,2025-09-20,Bengaluru,West,Bengaluru → West,SwiftMove,Road,Standard,Rain,1004.7,907.1,5.28,1.048,32.82,35.21,0.0,0,182.98,4.0
SH03316,2025-09-20,Mumbai,West,Mumbai → West,SwiftMove,Road,Standard,Rain,130.4,304.3,3.66,1.048,20.0,23.64,0.0,0,55.27,4.0
SH03317,2025-09-20,Mumbai,South,Mumbai → South,BlueLine,Road,Standard,Rain,67.3,1070.2,5.47,1.058,41.83,41.99,0.0,0,147.97,4.0
SH03318,2025-09-21,Bengaluru,West,Bengaluru → West,TransGo,Rail,Standard,Clear,415.5,1026.8,6.44,1.043,58.04,62.37,0.0,0,89.21,4.0
SH03319,2025-09-21,Delhi,Central,Delhi → Central,SwiftMove,Road,Express,Clear,62.8,1156.3,5.32,1.047,32.57,36.77,0.0,0,202.41,5.0
SH03320,2025-09-21,Mumbai,North,Mumbai → North,TransGo,Road,Standard,Storm,445.4,1379.7,5.74,1.035,71.41,49.4,22.01,1,217.46,4.0
SH03321,2025-09-21,Kolkata,Central,Kolkata → Central,SwiftMove,Road,Standard,Clear,680.5,1180.1,5.18,1.048,35.26,43.47,0.0,0,193.64,4.0
SH03322,2025-09-21,Bengaluru,South,Bengaluru → South,BlueLine,Road,Standard,Rain,141.1,346.3,4.3,1.058,21.38,21.77,0.0,0,61.96,5.0
SH03323,2025-09-21,Kolkata,South,Kolkata → South,TransGo,Road,Standard,Rain,220.2,1877.3,6.68,1.052,66.87,60.18,6.7,1,253.97,4.0
SH03324,2025-09-21,Mumbai,South,Mumbai → South,RapidFreight,Rail,Standard,Rain,18.7,971.9,5.26,1.06,65.5,63.5,2.01,1,97.91,
SH03325,2025-09-21,Delhi,West,Delhi → West,RapidFreight,Road,Express,Clear,271.0,1292.1,6.11,1.051,32.39,39.43,0.0,0,252.17,5.0
SH03326,2025-09-21,Nagpur,East,Nagpur → East,SwiftMove,Rail,Standard,Rain,152.4,1126.2,5.95,1.048,49.12,64.4,0.0,0,102.31,5.0
SH03327,2025-09-21,Nagpur,North,Nagpur → North,RapidFreight,Road,Standard,Rain,225.5,1080.2,5.06,1.066,38.55,38.21,0.34,1,200.51,5.0
SH03328,2025-09-21,Bengaluru,Central,Bengaluru → Central,SwiftMove,Road,Standard,Rain,261.0,1127.3,7.2,1.05,42.33,40.48,1.85,1,158.76,5.0
SH03329,2025-09-21,Bengaluru,West,Bengaluru → West,SwiftMove,Road,Standard,Clear,214.0,998.7,3.63,1.051,32.04,37.4,0.0,0,160.44,5.0
SH03330,2025-09-21,Delhi,East,Delhi → East,TransGo,Road,Standard,Clear,72.0,1668.6,6.8,1.052,56.0,54.03,1.97,1,214.13,5.0
SH03331,2025-09-21,Mumbai,North,Mumbai → North,SwiftMove,Road,Standard,Clear,539.8,1401.7,5.85,1.061,36.45,49.93,0.0,0,186.0,4.0
SH03332,2025-09-21,Kolkata,North,Kolkata → North,BlueLine,Road,Standard,Storm,482.4,1537.5,5.41,1.051,58.56,52.04,6.53,1,228.08,5.0
SH03333,2025-09-21,Bengaluru,East,Bengaluru → East,BlueLine,Road,Standard,Rain,211.1,1849.8,1.08,1.035,51.15,57.79,0.0,0,271.6,5.0
SH03334,2025-09-21,Delhi,North,Delhi → North,RapidFreight,Road,Standard,Clear,99.8,157.6,5.35,1.051,10.77,17.82,0.0,0,42.95,5.0
SH03335,2025-09-21,Bengaluru,North,Bengaluru → North,BlueLine,Rail,Standard,Rain,252.5,2323.5,5.6,1.056,98.03,103.8,0.0,0,189.99,4.0
SH03336,2025-09-22,Nagpur,North,Nagpur → North,SwiftMove,Road,Standard,Clear,502.7,1169.9,5.39,1.041,30.05,40.35,0.0,0,183.87,5.0
SH03337,2025-09-22,Bengaluru,South,Bengaluru → South,SwiftMove,Road,Standard,Rain,611.4,197.1,7.31,1.042,18.58,18.2,0.38,1,72.06,5.0
SH03338,2025-09-22,Delhi,West,Delhi → West,TransGo,Road,Standard,Clear,339.2,1548.4,4.98,1.039,47.17,51.15,0.0,0,215.65,5.0
SH03339,2025-09-22,Mumbai,Central,Mumbai → Central,TransGo,Road,Standard,Rain,372.6,953.4,5.57,1.065,40.45,39.19,1.26,1,140.3,5.0
SH03340,2025-09-22,Delhi,East,Delhi → East,RapidFreight,Air,Express,Rain,323.1,1710.9,5.01,1.052,29.72,30.88,0.0,0,725.61,5.0
SH03341,2025-09-22,Bengaluru,South,Bengaluru → South,TransGo,Road,Standard,Clear,183.4,180.1,6.39,1.053,19.39,17.79,1.6,1,39.38,5.0
SH03342,2025-09-22,Bengaluru,West,Bengaluru → West,SwiftMove,Road,Standard,Clear,566.1,1039.4,6.34,1.054,37.11,38.38,0.0,0,169.75,4.0
SH03343,2025-09-22,Mumbai,North,Mumbai → North,SwiftMove,Air,Express,Rain,465.4,1516.1,5.52,1.045,35.83,32.83,3.0,1,689.71,5.0
SH03344,2025-09-22,Delhi,South,Delhi → South,RapidFreight,Road,Standard,Clear,690.1,2432.2,5.89,1.053,59.67,72.32,0.0,0,434.9,5.0
SH03345,2025-09-22,Mumbai,Central,Mumbai → Central,TransGo,Road,Standard,Clear,1182.6,924.5,6.8,1.058,43.35,38.5,4.85,1,162.35,4.0
SH03346,2025-09-22,Mumbai,North,Mumbai → North,SwiftMove,Road,Standard,Rain,160.8,1550.6,7.52,1.05,57.11,53.5,3.62,1,200.99,4.0
SH03347,2025-09-22,Kolkata,East,Kolkata → East,BlueLine,Road,Standard,Clear,47.6,131.8,5.57,1.063,14.12,18.36,0.0,0,32.68,5.0
SH03348,2025-09-22,Mumbai,East,Mumbai → East,BlueLine,Road,Standard,Rain,1403.1,1985.5,5.14,1.066,59.1,63.92,0.0,0,353.3,5.0
SH03349,2025-09-22,Nagpur,Central,Nagpur → Central,BlueLine,Road,Standard,Rain,269.9,174.9,5.6,1.051,22.32,16.51,5.8,1,58.34,4.0
SH03350,2025-09-22,Nagpur,West,Nagpur → West,TransGo,Rail,Standard,Rain,428.0,932.4,4.24,1.058,62.05,58.21,3.83,1,95.26,5.0
SH03351,2025-09-22,Delhi,East,Delhi → East,RapidFreight,Road,Standard,Clear,196.0,1553.3,6.13,1.044,37.09,51.26,0.0,0,278.89,5.0
SH03352,2025-09-22,Mumbai,North,Mumbai → North,RapidFreight,Air,Express,Rain,308.4,1553.7,5.22,1.065,32.19,32.9,0.0,0,706.45,5.0
SH03353,2025-09-23,Delhi,North,Delhi → North,BlueLine,Road,Standard,Fog,40.1,207.7,6.3,1.06,26.07,19.03,7.04,1,35.86,5.0
SH03354,2025-09-23,Mumbai,North,Mumbai → North,BlueLine,Rail,Standard,Clear,789.8,1361.0,6.81,1.029,66.11,75.93,0.0,0,134.74,5.0
SH03355,2025-09-23,Mumbai,North,Mumbai → North,RapidFreight,Rail,Standard,Rain,1231.7,1510.7,6.45,1.05,64.68,80.71,0.0,0,190.82,5.0
SH03356,2025-09-23,Kolkata,West,Kolkata → West,TransGo,Road,Standard,Clear,275.3,2140.5,5.42,1.039,57.0,66.48,0.0,0,304.26,5.0
SH03357,2025-09-23,Mumbai,Central,Mumbai → Central,TransGo,Road,Standard,Rain,167.5,867.8,7.77,1.06,46.53,37.14,9.39,1,111.37,4.0
SH03358,2025-09-23,Mumbai,North,Mumbai → North,SwiftMove,Rail,Standard,Clear,189.6,1608.7,8.09,1.053,63.23,83.84,0.0,0,146.86,5.0
SH03359,2025-09-23,Bengaluru,West,Bengaluru → West,SwiftMove,Road,Express,Clear,22.7,1012.4,3.97,1.054,22.78,33.36,0.0,0,173.04,4.0
SH03360,2025-09-24,Kolkata,West,Kolkata → West,SwiftMove,Road,Standard,Clear,84.5,2024.8,4.27,1.046,49.69,63.71,0.0,0,265.96,5.0
SH03361,2025-09-24,Mumbai,West,Mumbai → West,TransGo,Road,Express,Rain,217.7,93.4,4.33,1.046,22.69,18.18,4.5,1,43.22,
SH03362,2025-09-24,Delhi,West,Delhi → West,TransGo,Road,Express,Rain,158.7,1297.0,6.58,1.062,47.33,39.53,7.8,1,196.82,4.0
SH03363,2025-09-24,Mumbai,South,Mumbai → South,TransGo,Road,Standard,Clear,128.8,919.6,7.97,1.046,36.17,38.38,0.0,0,117.26,5.0
SH03364,2025-09-24,Kolkata,West,Kolkata → West,BlueLine,Road,Standard,Rain,96.7,2048.0,7.21,1.031,67.83,64.27,3.56,1,270.34,4.0
SH03365,2025-09-24,Mumbai,South,Mumbai → South,TransGo,Road,Standard,Rain,486.9,958.5,6.27,1.06,43.9,39.31,4.58,1,160.23,
SH03366,2025-09-24,Delhi,West,Delhi → West,BlueLine,Rail,Standard,Clear,180.6,1436.8,5.06,1.039,66.56,76.05,0.0,0,111.33,4.0
SH03367,2025-09-24,Mumbai,South,Mumbai → South,RapidFreight,Road,Express,Clear,178.8,1030.9,4.62,1.059,23.64,36.6,0.0,0,243.07,4.0
SH03368,2025-09-24,Kolkata,North,Kolkata → North,RapidFreight,Road,Standard,Storm,78.6,1595.5,2.97,1.056,57.93,53.43,4.5,1,236.65,4.0
SH03369,2025-09-24,Delhi,North,Delhi → North,RapidFreight,Road,Express,Storm,168.8,44.3,3.78,1.065,27.5,14.92,12.58,1,47.85,3.0
SH03370,2025-09-24,Bengaluru,North,Bengaluru → North,BlueLine,Road,Standard,Clear,189.0,2081.2,7.37,1.034,56.34,63.34,0.0,0,242.99,
SH03371,2025-09-24,Kolkata,South,Kolkata → South,BlueLine,Road,Standard,Rain,467.1,1734.5,4.53,1.049,49.39,56.76,0.0,0,209.28,5.0
SH03372,2025-09-24,Bengaluru,North,Bengaluru → North,SwiftMove,Road,Standard,Clear,392.7,2184.3,5.48,1.028,49.02,65.81,0.0,0,321.99,4.0
SH03373,2025-09-24,Delhi,West,Delhi → West,TransGo,Rail,Standard,Rain,1297.7,1420.0,4.51,1.053,70.4,75.51,0.0,0,152.41,4.0
SH03374,2025-09-24,Mumbai,West,Mumbai → West,SwiftMove,Road,Express,Rain,160.5,42.0,4.59,1.055,15.95,17.17,0.0,0,35.8,4.0
SH03375,2025-09-24,Nagpur,East,Nagpur → East,RapidFreight,Road,Standard,Rain,185.1,1060.4,9.28,1.062,32.26,37.73,0.0,0,183.56,5.0
SH03376,2025-09-24,Bengaluru,Central,Bengaluru → Central,TransGo,Road,Standard,Rain,1107.1,1049.9,4.52,1.043,38.61,38.63,0.0,0,176.78,5.0
SH03377,2025-09-24,Bengaluru,South,Bengaluru → South,SwiftMove,Road,Standard,Rain,38.3,97.6,5.69,1.067,13.08,15.81,0.0,0,27.99,5.0
SH03378,2025-09-24,Delhi,North,Delhi → North,SwiftMove,Road,Express,Clear,147.4,126.2,5.06,1.055,11.03,16.53,0.0,0,47.66,4.0
SH03379,2025-09-24,Bengaluru,West,Bengaluru → West,BlueLine,Rail,Standard,Fog,134.3,1088.1,6.32,1.066,61.81,64.33,0.0,0,104.8,
SH03380,2025-09-25,Nagpur,West,Nagpur → West,SwiftMove,Road,Standard,Rain,88.0,832.2,4.71,1.047,30.36,32.26,0.0,0,112.32,4.0
SH03381,2025-09-25,Mumbai,East,Mumbai → East,TransGo,Road,Standard,Clear,164.9,1870.0,9.83,1.044,59.43,61.15,0.0,0,259.45,4.0
SH03382,2025-09-25,Bengaluru,North,Bengaluru → North,SwiftMove,Road,Standard,Clear,44.4,2462.3,3.95,1.046,67.25,72.47,0.0,0,340.66,5.0
SH03383,2025-09-25,Mumbai,South,Mumbai → South,SwiftMove,Road,Standard,Rain,140.4,1095.3,5.22,1.067,39.97,42.59,0.0,0,168.81,3.0
SH03384,2025-09-25,Bengaluru,West,Bengaluru → West,BlueLine,Rail,Standard,Rain,611.1,1011.4,6.2,1.05,63.82,61.88,1.94,1,114.52,5.0
SH03385,2025-09-25,Mumbai,North,Mumbai → North,TransGo,Road,Standard,Storm,36.5,1528.3,7.19,1.031,73.09,52.97,20.12,1,184.72,3.0
SH03386,2025-09-25,Bengaluru,Central,Bengaluru → Central,SwiftMove,Road,Standard,Rain,235.6,1097.8,3.84,1.042,32.92,39.78,0.0,0,177.44,5.0
SH03387,2025-09-25,Mumbai,North,Mumbai → North,SwiftMove,Road,Standard,Clear,1141.6,1549.8,5.21,1.036,41.07,53.48,0.0,0,276.14,4.0
SH03388,2025-09-25,Delhi,North,Delhi → North,BlueLine,Road,Standard,Rain,155.9,145.0,7.85,1.035,21.92,17.52,4.39,1,34.41,5.0
SH03389,2025-09-25,Nagpur,South,Nagpur → South,BlueLine,Road,Standard,Rain,131.6,1120.5,7.49,1.069,42.34,39.17,3.17,1,178.48,4.0
SH03390,2025-09-25,Mumbai,West,Mumbai → West,TransGo,Road,Standard,Clear,554.4,250.9,4.99,1.042,23.37,22.36,1.01,1,58.32,4.0
SH03391,2025-09-25,Mumbai,Central,Mumbai → Central,BlueLine,Road,Standard,Clear,60.9,842.1,5.57,1.064,30.77,36.53,0.0,0,103.43,5.0
SH03392,2025-09-25,Bengaluru,East,Bengaluru → East,SwiftMove,Rail,Standard,Rain,232.2,1871.2,5.47,1.052,83.52,89.35,0.0,0,160.72,5.0
SH03393,2025-09-25,Kolkata,East,Kolkata → East,TransGo,Road,Standard,Storm,485.4,90.1,6.61,1.039,34.39,17.36,17.03,1,51.99,3.0
SH03394,2025-09-25,Mumbai,East,Mumbai → East,SwiftMove,Rail,Standard,Rain,96.8,1893.3,6.43,1.06,84.8,92.93,0.0,0,189.95,5.0
SH03395,2025-09-25,Bengaluru,South,Bengaluru → South,SwiftMove,Road,Standard,Rain,242.9,166.9,6.74,1.031,16.86,17.47,0.0,0,51.42,5.0
SH03396,2025-09-25,Delhi,Central,Delhi → Central,RapidFreight,Road,Standard,Clear,187.2,1069.8,3.78,1.031,36.71,39.68,0.0,0,195.96,4.0
SH03397,2025-09-25,Bengaluru,Central,Bengaluru → Central,TransGo,Road,Standard,Clear,103.4,1099.9,5.79,1.054,39.08,39.83,0.0,0,141.34,5.0
SH03398,2025-09-25,Delhi,Central,Delhi → Central,SwiftMove,Road,Standard,Clear,50.7,1164.2,5.85,1.058,37.91,41.94,0.0,0,147.12,5.0
SH03399,2025-09-25,Bengaluru,North,Bengaluru → North,SwiftMove,Road,Express,Clear,136.3,2430.1,5.35,1.057,53.58,61.22,0.0,0,379.71,4.0
SH03400,2025-09-25,Delhi,North,Delhi → North,TransGo,Road,Express,Storm,234.9,347.9,6.03,1.062,40.58,20.89,19.7,1,70.76,3.0
SH03401,2025-09-26,Kolkata,South,Kolkata → South,BlueLine,Rail,Standard,Rain,367.5,2006.6,7.21,1.061,77.4,95.4,0.0,0,181.22,5.0
SH03402,2025-09-26,Kolkata,Central,Kolkata → Central,TransGo,Road,Standard,Clear,125.9,1079.7,6.04,1.049,40.85,41.07,0.0,0,126.21,5.0
SH03403,2025-09-26,Mumbai,North,Mumbai → North,SwiftMove,Rail,Standard,Clear,615.4,1412.5,6.2,1.056,62.0,77.57,0.0,0,150.12,5.0
SH03404,2025-09-26,Mumbai,Central,Mumbai → Central,SwiftMove,Air,Express,Clear,145.8,825.7,7.65,1.052,23.01,31.61,0.0,0,301.71,5.0
SH03405,2025-09-26,Mumbai,South,Mumbai → South,RapidFreight,Rail,Standard,Rain,748.1,1114.7,5.2,1.056,55.05,68.06,0.0,0,141.87,5.0
SH03406,2025-09-26,Kolkata,North,Kolkata → North,SwiftMove,Rail,Standard,Clear,479.5,1484.9,3.15,1.043,65.05,78.73,0.0,0,126.43,5.0
SH03407,2025-09-26,Bengaluru,West,Bengaluru → West,SwiftMove,Road,Standard,Storm,46.3,993.5,5.44,1.051,42.95,37.28,5.67,1,135.85,4.0
SH03408,2025-09-26,Kolkata,West,Kolkata → West,SwiftMove,Road,Standard,Clear,44.1,1844.7,3.23,1.069,41.32,59.4,0.0,0,240.63,5.0
SH03409,2025-09-26,Kolkata,North,Kolkata → North,SwiftMove,Road,Standard,Clear,145.2,1666.1,5.15,1.054,43.24,55.12,0.0,0,219.56,5.0
SH03410,2025-09-26,Nagpur,West,Nagpur → West,BlueLine,Road,Standard,Clear,136.6,880.4,5.81,1.034,28.88,33.42,0.0,0,122.92,4.0
SH03411,2025-09-26,Bengaluru,South,Bengaluru → South,TransGo,Road,Standard,Fog,174.2,114.4,5.9,1.058,25.83,16.22,9.62,1,30.66,4.0
SH03412,2025-09-26,Mumbai,West,Mumbai → West,BlueLine,Road,Standard,Rain,931.5,62.0,7.0,1.047,17.67,17.83,0.0,0,77.03,4.0
SH03413,2025-09-27,Delhi,East,Delhi → East,RapidFreight,Road,Express,Clear,420.3,1431.4,6.15,1.056,30.76,42.17,0.0,0,324.31,5.0
SH03414,2025-09-27,Nagpur,Central,Nagpur → Central,RapidFreight,Road,Standard,Rain,351.3,144.8,5.12,1.047,18.4,15.79,2.61,1,57.34,5.0
SH03415,2025-09-27,Kolkata,North,Kolkata → North,SwiftMove,Road,Standard,Clear,199.0,1669.2,4.64,1.042,44.61,55.19,0.0,0,208.68,4.0
SH03416,2025-09-27,Kolkata,East,Kolkata → East,RapidFreight,Road,Standard,Clear,1885.7,343.3,4.27,1.047,20.71,23.43,0.0,0,208.29,5.0
SH03417,2025-09-27,Nagpur,West,Nagpur → West,BlueLine,Road,Standard,Rain,117.7,791.2,4.75,1.033,29.85,31.28,0.0,0,112.19,5.0
SH03418,2025-09-27,Bengaluru,South,Bengaluru → South,RapidFreight,Road,Express,Clear,155.7,310.4,6.31,1.047,12.68,19.57,0.0,0,88.69,5.0
SH03419,2025-09-28,Mumbai,West,Mumbai → West,TransGo,Road,Standard,Rain,33.4,181.7,6.18,1.058,26.03,20.7,5.33,1,38.85,4.0
SH03420,2025-09-28,Nagpur,North,Nagpur → North,SwiftMove,Road,Standard,Clear,175.7,1141.1,3.95,1.049,28.27,39.66,0.0,0,159.27,
SH03421,2025-09-28,Kolkata,South,Kolkata → South,SwiftMove,Rail,Standard,Rain,265.3,1941.0,3.88,1.047,81.07,93.3,0.0,0,178.73,4.0
SH03422,2025-09-28,Nagpur,East,Nagpur → East,SwiftMove,Air,Express,Rain,612.0,1111.9,3.5,1.048,22.59,28.09,0.0,0,789.02,5.0
SH03423,2025-09-28,Bengaluru,West,Bengaluru → West,TransGo,Road,Express,Rain,1078.8,1001.4,5.51,1.051,47.61,33.15,14.46,1,227.69,
SH03424,2025-09-28,Delhi,West,Delhi → West,BlueLine,Rail,Standard,Clear,827.9,1509.4,6.19,1.039,60.21,78.37,0.0,0,159.49,4.0
SH03425,2025-09-28,Mumbai,Central,Mumbai → Central,SwiftMove,Road,Standard,Clear,27.9,768.5,6.31,1.052,34.2,34.76,0.0,0,96.63,4.0
SH03426,2025-09-28,Bengaluru,East,Bengaluru → East,RapidFreight,Road,Standard,Clear,508.0,1849.5,6.08,1.021,40.79,57.79,0.0,0,296.41,5.0
SH03427,2025-09-28,Nagpur,West,Nagpur → West,BlueLine,Air,Express,Clear,405.9,767.7,4.16,1.051,21.24,27.48,0.0,0,545.6,5.0
SH03428,2025-09-28,Delhi,North,Delhi → North,SwiftMove,Road,Standard,Storm,1185.3,265.3,3.62,1.048,38.23,20.41,17.82,1,117.79,4.0
SH03429,2025-09-28,Mumbai,South,Mumbai → South,SwiftMove,Rail,Standard,Rain,164.4,937.4,4.39,1.055,60.31,62.39,0.0,0,87.72,5.0
SH03430,2025-09-28,Delhi,North,Delhi → North,BlueLine,Road,Standard,Clear,311.9,179.4,6.09,1.031,16.46,18.35,0.0,0,46.53,4.0
SH03431,2025-09-28,Nagpur,West,Nagpur → West,SwiftMove,Rail,Standard,Clear,165.6,801.4,4.35,1.052,42.34,54.03,0.0,0,84.26,4.0
SH03432,2025-09-28,Kolkata,South,Kolkata → South,BlueLine,Road,Standard,Clear,369.0,1981.8,3.8,1.047,55.45,62.68,0.0,0,262.82,4.0
SH03433,2025-09-28,Mumbai,Central,Mumbai → Central,TransGo,Road,Standard,Clear,137.1,792.9,5.11,1.043,34.6,35.35,0.0,0,105.31,4.0
SH03434,2025-10-01,Bengaluru,West,Bengaluru → West,RapidFreight,Road,Standard,Clear,581.1,962.3,8.5,1.071,32.15,36.53,0.0,0,188.57,5.0
SH03435,2025-10-01,Delhi,West,Delhi → West,RapidFreight,Road,Express,Clear,235.9,1514.6,6.91,1.083,36.13,43.8,0.0,0,308.9,
SH03436,2025-10-01,Mumbai,South,Mumbai → South,RapidFreight,Rail,Standard,Clear,182.2,1002.1,7.74,1.098,54.24,64.46,0.0,0,110.04,5.0
SH03437,2025-10-01,Mumbai,North,Mumbai → North,SwiftMove,Road,Standard,Clear,208.3,1292.9,8.19,1.076,44.91,47.33,0.0,0,170.04,4.0
SH03438,2025-10-01,Kolkata,North,Kolkata → North,BlueLine,Road,Express,Clear,134.7,1599.9,6.31,1.061,41.32,46.63,0.0,0,226.03,4.0
SH03439,2025-10-01,Mumbai,East,Mumbai → East,TransGo,Road,Standard,Clear,104.9,1906.9,7.84,1.081,61.2,62.04,0.0,0,233.71,
SH03440,2025-10-01,Nagpur,North,Nagpur → North,TransGo,Rail,Standard,Clear,166.3,1122.9,7.28,1.071,56.84,64.3,0.0,0,95.68,4.0
SH03441,2025-10-01,Mumbai,North,Mumbai → North,RapidFreight,Road,Standard,Storm,198.8,1321.5,6.05,1.065,66.16,48.01,18.15,1,238.19,4.0
SH03442,2025-10-01,Mumbai,West,Mumbai → West,SwiftMove,Road,Express,Clear,51.1,134.7,5.74,1.086,18.73,19.0,0.0,0,41.3,4.0
SH03443,2025-10-01,Delhi,Central,Delhi → Central,SwiftMove,Road,Standard,Clear,141.7,1055.2,5.57,1.077,33.12,39.33,0.0,0,172.22,
SH03444,2025-10-01,Bengaluru,West,Bengaluru → West,TransGo,Rail,Standard,Clear,364.0,907.8,7.51,1.077,55.59,58.58,0.0,0,86.75,4.0
SH03445,2025-10-01,Nagpur,South,Nagpur → South,TransGo,Road,Standard,Clear,38.1,1128.8,7.01,1.074,36.62,39.37,0.0,0,144.08,4.0
SH03446,2025-10-01,Delhi,North,Delhi → North,RapidFreight,Road,Express,Clear,56.7,165.2,6.88,1.095,14.72,17.3,0.0,0,42.16,5.0
SH03447,2025-10-01,Delhi,North,Delhi → North,SwiftMove,Road,Standard,Fog,79.0,226.8,6.0,1.076,23.4,19.48,3.91,1,48.51,
SH03448,2025-10-01,Delhi,East,Delhi → East,RapidFreight,Rail,Standard,Clear,441.9,1711.5,7.78,1.074,84.27,84.82,0.0,0,203.16,4.0
SH03449,2025-10-01,Delhi,North,Delhi → North,BlueLine,Road,Standard,Clear,195.9,265.5,7.62,1.068,21.31,20.41,0.9,1,56.84,5.0
SH03450,2025-10-02,Delhi,East,Delhi → East,RapidFreight,Rail,Standard,Clear,86.9,1616.9,6.07,1.081,67.14,81.8,0.0,0,166.72,4.0
SH03451,2025-10-02,Mumbai,Central,Mumbai → Central,RapidFreight,Road,Standard,Clear,144.4,829.9,7.32,1.082,32.72,36.23,0.0,0,120.85,4.0
SH03452,2025-10-02,Mumbai,West,Mumbai → West,RapidFreight,Road,Standard,Clear,372.7,341.6,7.0,1.09,30.58,24.53,6.04,1,88.67,5.0
SH03453,2025-10-02,Delhi,North,Delhi → North,SwiftMove,Road,Standard,Clear,40.2,239.4,7.28,1.091,18.38,19.79,0.0,0,42.48,5.0
SH03454,2025-10-02,Mumbai,North,Mumbai → North,RapidFreight,Road,Standard,Clear,66.8,1443.4,8.21,1.08,48.13,50.93,0.0,0,230.91,5.0
SH03455,2025-10-02,Kolkata,East,Kolkata → East,SwiftMove,Road,Standard,Clear,327.1,63.8,8.8,1.071,13.88,16.73,0.0,0,41.26,5.0
SH03456,2025-10-02,Delhi,South,Delhi → South,TransGo,Road,Express,Storm,109.8,2331.7,4.84,1.081,67.43,59.86,7.57,1,386.38,4.0
SH03457,2025-10-02,Bengaluru,North,Bengaluru → North,BlueLine,Rail,Standard,Rain,36.2,2067.4,6.18,1.085,79.08,95.62,0.0,0,154.16,5.0
SH03458,2025-10-02,Delhi,South,Delhi → South,BlueLine,Road,Standard,Clear,62.6,2251.5,6.48,1.082,62.49,67.99,0.0,0,311.61,5.0
SH03459,2025-10-02,Delhi,Central,Delhi → Central,TransGo,Road,Standard,Clear,650.0,1020.6,7.81,1.076,42.81,38.5,4.31,1,162.47,5.0
SH03460,2025-10-02,Delhi,West,Delhi → West,RapidFreight,Road,Express,Clear,25.1,1388.9,7.65,1.088,36.07,41.34,0.0,0,248.46,5.0
SH03461,2025-10-02,Delhi,North,Delhi → North,BlueLine,Road,Express,Clear,73.7,249.8,9.22,1.079,21.35,18.96,2.39,1,53.83,5.0
SH03462,2025-10-02,Mumbai,South,Mumbai → South,RapidFreight,Road,Standard,Clear,898.7,969.2,7.81,1.074,39.86,39.57,0.29,1,226.7,5.0
SH03463,2025-10-02,Delhi,Central,Delhi → Central,RapidFreight,Road,Standard,Clear,85.4,1082.3,6.84,1.077,32.47,39.98,0.0,0,181.78,4.0
SH03464,2025-10-02,Kolkata,West,Kolkata → West,SwiftMove,Rail,Standard,Clear,66.6,2043.8,4.04,1.074,73.8,96.59,0.0,0,164.07,5.0
SH03465,2025-10-02,Bengaluru,Central,Bengaluru → Central,BlueLine,Road,Standard,Clear,138.8,943.2,8.78,1.09,32.55,36.07,0.0,0,144.05,5.0
SH03466,2025-10-02,Mumbai,South,Mumbai → South,SwiftMove,Road,Express,Clear,382.7,1120.2,8.56,1.084,39.27,38.36,0.91,1,203.6,5.0
SH03467,2025-10-02,Nagpur,South,Nagpur → South,TransGo,Road,Standard,Rain,78.1,929.6,5.04,1.082,35.67,34.6,1.07,1,127.74,5.0
SH03468,2025-10-03,Bengaluru,West,Bengaluru → West,SwiftMove,Road,Standard,Clear,86.8,1099.6,5.03,1.097,28.27,39.82,0.0,0,177.3,5.0
SH03469,2025-10-03,Nagpur,West,Nagpur → West,TransGo,Road,Standard,Clear,27.2,775.2,4.46,1.088,29.19,30.9,0.0,0,80.45,5.0
SH03470,2025-10-03,Mumbai,Central,Mumbai → Central,BlueLine,Road,Standard,Clear,136.7,870.0,7.47,1.087,38.37,37.19,1.17,1,114.87,4.0
SH03471,2025-10-03,Mumbai,East,Mumbai → East,TransGo,Road,Standard,Rain,69.7,2095.4,7.57,1.082,84.05,66.55,17.49,1,242.35,4.0
SH03472,2025-10-03,Delhi,South,Delhi → South,RapidFreight,Rail,Standard,Clear,163.1,2374.7,8.75,1.096,92.0,106.01,0.0,0,262.31,5.0
SH03473,2025-10-03,Bengaluru,South,Bengaluru → South,BlueLine,Road,Standard,Clear,46.8,205.1,8.01,1.065,15.05,18.39,0.0,0,38.63,4.0
SH03474,2025-10-03,Bengaluru,South,Bengaluru → South,SwiftMove,Road,Standard,Clear,91.7,111.3,3.07,1.087,7.68,16.14,0.0,0,32.4,4.0
SH03475,2025-10-03,Kolkata,Central,Kolkata → Central,RapidFreight,Rail,Standard,Clear,1052.5,1208.8,4.23,1.073,55.81,69.91,0.0,0,199.37,4.0
SH03476,2025-10-03,Mumbai,North,Mumbai → North,BlueLine,Road,Standard,Clear,243.3,1536.4,7.71,1.063,54.39,53.16,1.23,1,185.94,4.0
SH03477,2025-10-03,Delhi,East,Delhi → East,TransGo,Road,Express,Clear,1538.7,1438.8,5.18,1.067,47.06,42.32,4.75,1,289.09,
SH03478,2025-10-03,Delhi,South,Delhi → South,TransGo,Road,Standard,Clear,245.6,2210.8,8.5,1.091,61.24,67.02,0.0,0,235.67,5.0
SH03479,2025-10-03,Mumbai,West,Mumbai → West,SwiftMove,Road,Express,Rain,502.9,171.7,8.46,1.089,29.09,19.72,9.36,1,79.83,4.0
SH03480,2025-10-03,Mumbai,South,Mumbai → South,RapidFreight,Road,Standard,Clear,1216.7,996.4,7.13,1.092,38.38,40.22,0.0,0,252.03,5.0
SH03481,2025-10-03,Nagpur,South,Nagpur → South,BlueLine,Rail,Standard,Clear,460.5,977.7,5.6,1.074,50.81,59.66,0.0,0,111.33,5.0
SH03482,2025-10-03,Nagpur,North,Nagpur → North,SwiftMove,Road,Standard,Storm,149.3,1174.0,7.42,1.081,51.89,40.45,11.44,1,194.66,3.0
SH03483,2025-10-03,Delhi,Central,Delhi → Central,RapidFreight,Rail,Standard,Clear,234.8,1098.8,5.99,1.076,50.34,65.25,0.0,0,132.29,
SH03484,2025-10-03,Bengaluru,East,Bengaluru → East,SwiftMove,Road,Express,Clear,343.7,1891.8,5.51,1.087,45.16,50.64,0.0,0,316.86,5.0
SH03485,2025-10-03,Bengaluru,North,Bengaluru → North,SwiftMove,Road,Standard,Clear,367.4,2337.7,6.37,1.065,56.84,69.48,0.0,0,333.95,4.0
SH03486,2025-10-03,Delhi,South,Delhi → South,TransGo,Road,Express,Clear,31.4,2356.1,5.92,1.066,62.72,60.34,2.38,1,335.43,5.0
SH03487,2025-10-03,Kolkata,West,Kolkata → West,SwiftMove,Road,Standard,Clear,258.1,1987.1,7.28,1.085,60.64,62.81,0.0,0,279.56,5.0
SH03488,2025-10-04,Mumbai,East,Mumbai → East,BlueLine,Road,Standard,Clear,464.3,2231.8,5.83,1.075,61.83,69.82,0.0,0,297.9,4.0
SH03489,2025-10-04,Bengaluru,West,Bengaluru → West,SwiftMove,Road,Standard,Clear,563.1,1017.1,7.09,1.084,36.26,37.84,0.0,0,179.8,5.0
SH03490,2025-10-04,Bengaluru,South,Bengaluru → South,TransGo,Road,Standard,Clear,164.7,252.7,8.11,1.068,23.92,19.53,4.39,1,51.68,
SH03491,2025-10-04,Mumbai,North,Mumbai → North,BlueLine,Rail,Standard,Clear,299.8,1338.2,6.75,1.085,76.13,75.2,0.93,1,128.6,4.0
SH03492,2025-10-04,Bengaluru,East,Bengaluru → East,RapidFreight,Road,Express,Clear,,1854.6,8.53,1.086,43.92,49.91,0.0,0,341.26,5.0
SH03493,2025-10-04,Bengaluru,West,Bengaluru → West,RapidFreight,Road,Standard,Clear,757.9,935.7,7.21,1.093,29.65,35.89,0.0,0,230.73,5.0
SH03494,2025-10-04,Mumbai,South,Mumbai → South,BlueLine,Road,Standard,Clear,122.7,965.6,6.92,1.075,39.87,39.48,0.38,1,134.84,4.0
SH03495,2025-10-04,Nagpur,South,Nagpur → South,BlueLine,Rail,Standard,Clear,367.8,1110.9,6.02,1.081,52.44,63.91,0.0,0,111.77,
SH03496,2025-10-04,Kolkata,Central,Kolkata → Central,RapidFreight,Road,Standard,Clear,1076.4,1064.4,7.33,1.07,30.78,40.7,0.0,0,286.19,5.0
SH03497,2025-10-04,Delhi,East,Delhi → East,SwiftMove,Rail,Standard,Storm,149.9,1407.2,7.12,1.069,76.36,75.1,1.25,1,133.73,5.0
SH03498,2025-10-04,Delhi,Central,Delhi → Central,BlueLine,Road,Standard,Clear,364.8,1195.0,3.03,1.086,38.52,42.68,0.0,0,167.29,4.0
SH03499,2025-10-04,Bengaluru,North,Bengaluru → North,RapidFreight,Road,Standard,Clear,136.3,2015.5,6.33,1.091,48.81,61.76,0.0,0,316.04,5.0
SH03500,2025-10-04,Bengaluru,North,Bengaluru → North,TransGo,Road,Standard,Rain,1069.6,2069.6,5.47,1.085,53.18,63.06,0.0,0,329.08,5.0
SH03501,2025-10-04,Delhi,North,Delhi → North,BlueLine,Road,Standard,Clear,57.9,60.3,5.39,1.073,15.94,15.5,0.44,1,22.03,5.0
SH03502,2025-10-04,Kolkata,West,Kolkata → West,TransGo,Road,Express,Clear,150.2,2103.3,5.21,1.093,59.16,56.52,2.64,1,314.33,5.0
SH03503,2025-10-04,Delhi,East,Delhi → East,BlueLine,Air,Express,Clear,55.7,1486.6,6.84,1.086,22.35,30.48,0.0,0,292.77,5.0
SH03504,2025-10-04,Kolkata,North,Kolkata → North,BlueLine,Road,Standard,Clear,562.1,1403.6,4.81,1.08,41.62,48.83,0.0,0,214.87,5.0
SH03505,2025-10-04,Delhi,South,Delhi → South,RapidFreight,Road,Standard,Rain,47.6,2115.7,5.74,1.083,49.08,64.74,0.0,0,312.18,4.0
SH03506,2025-10-04,Mumbai,East,Mumbai → East,SwiftMove,Road,Express,Rain,101.9,2098.9,7.2,1.091,56.4,57.58,0.0,0,306.34,5.0
SH03507,2025-10-04,Delhi,North,Delhi → North,BlueLine,Road,Standard,Clear,1739.4,86.2,5.91,1.079,16.66,16.11,0.54,1,116.83,4.0
SH03508,2025-10-04,Bengaluru,North,Bengaluru → North,RapidFreight,Road,Standard,Clear,916.2,2093.7,6.95,1.077,49.77,63.64,0.0,0,377.77,4.0
SH03509,2025-10-05,Mumbai,West,Mumbai → West,RapidFreight,Road,Standard,Clear,339.4,289.0,6.97,1.071,23.1,23.27,0.0,0,81.73,
SH03510,2025-10-05,Delhi,East,Delhi → East,SwiftMove,Road,Standard,Clear,115.4,1495.4,8.48,1.085,49.42,49.88,0.0,0,175.9,3.0
SH03511,2025-10-05,Bengaluru,South,Bengaluru → South,BlueLine,Road,Standard,Clear,688.1,237.1,4.17,1.065,14.9,19.16,0.0,0,82.81,5.0
SH03512,2025-10-05,Delhi,South,Delhi → South,RapidFreight,Road,Standard,Clear,500.9,2073.4,5.99,1.079,59.63,63.72,0.0,0,384.3,5.0
SH03513,2025-10-05,Mumbai,East,Mumbai → East,TransGo,Rail,Standard,Storm,565.0,2092.7,6.69,1.084,123.31,99.3,24.01,1,181.53,4.0
SH03514,2025-10-05,Kolkata,South,Kolkata → South,SwiftMove,Road,Standard,Clear,163.7,1848.0,3.8,1.082,50.49,59.47,0.0,0,283.14,5.0
SH03515,2025-10-05,Delhi,South,Delhi → South,TransGo,Road,Standard,Clear,408.6,2054.9,3.46,1.095,59.26,63.28,0.0,0,250.29,4.0
SH03516,2025-10-05,Nagpur,North,Nagpur → North,SwiftMove,Road,Standard,Clear,261.5,994.9,7.89,1.081,27.61,36.16,0.0,0,134.76,5.0
SH03517,2025-10-05,Nagpur,West,Nagpur → West,RapidFreight,Road,Standard,Clear,340.0,778.9,4.42,1.085,22.14,30.99,0.0,0,151.88,5.0
SH03518,2025-10-05,Mumbai,East,Mumbai → East,SwiftMove,Road,Standard,Rain,457.1,2033.7,6.23,1.08,64.68,65.07,0.0,0,315.2,4.0
SH03519,2025-10-05,Kolkata,East,Kolkata → East,BlueLine,Road,Standard,Clear,117.5,281.3,4.92,1.089,16.25,21.94,0.0,0,50.11,5.0
SH03520,2025-10-05,Mumbai,Central,Mumbai → Central,BlueLine,Rail,Standard,Rain,323.4,801.3,6.59,1.071,58.57,58.05,0.53,1,96.04,5.0
SH03521,2025-10-05,Delhi,East,Delhi → East,TransGo,Road,Standard,Clear,251.2,1646.8,7.56,1.1,53.17,53.5,0.0,0,181.04,5.0
SH03522,2025-10-05,Mumbai,Central,Mumbai → Central,SwiftMove,Road,Standard,Rain,251.7,800.1,6.78,1.076,40.94,35.52,5.42,1,116.67,
SH03523,2025-10-05,Nagpur,West,Nagpur → West,SwiftMove,Road,Express,Rain,202.5,919.9,4.88,1.078,23.19,30.4,0.0,0,169.29,5.0
SH03524,2025-10-05,Bengaluru,East,Bengaluru → East,BlueLine,Road,Express,Clear,372.6,1755.3,6.63,1.093,44.76,47.96,0.0,0,281.03,4.0
SH03525,2025-10-05,Bengaluru,North,Bengaluru → North,RapidFreight,Road,Standard,Clear,271.9,2204.0,4.58,1.069,51.27,66.28,0.0,0,317.23,
SH03526,2025-10-06,Mumbai,South,Mumbai → South,BlueLine,Road,Express,Rain,367.9,944.9,8.57,1.077,44.63,34.91,9.72,1,174.79,4.0
SH03527,2025-10-06,Delhi,North,Delhi → North,RapidFreight,Road,Standard,Clear,1104.2,153.4,7.26,1.091,15.6,17.73,0.0,0,116.4,5.0
SH03528,2025-10-06,Kolkata,South,Kolkata → South,SwiftMove,Road,Standard,Clear,75.9,1794.0,5.64,1.078,43.07,58.18,0.0,0,231.44,4.0
SH03529,2025-10-06,Mumbai,West,Mumbai → West,TransGo,Road,Standard,Clear,44.5,254.5,6.36,1.093,33.2,22.45,10.75,1,38.24,3.0
SH03530,2025-10-06,Nagpur,North,Nagpur → North,SwiftMove,Rail,Standard,Clear,254.4,1128.9,4.1,1.08,50.46,64.49,0.0,0,108.66,5.0
SH03531,2025-10-06,Delhi,East,Delhi → East,RapidFreight,Rail,Standard,Clear,74.7,1551.0,6.9,1.079,59.68,79.7,0.0,0,139.58,5.0
SH03532,2025-10-06,Delhi,West,Delhi → West,BlueLine,Rail,Standard,Rain,196.3,1339.5,6.15,1.056,69.33,72.94,0.0,0,122.53,5.0
SH03533,2025-10-06,Bengaluru,North,Bengaluru → North,TransGo,Road,Standard,Clear,107.9,2313.8,6.32,1.087,66.21,68.91,0.0,0,291.85,4.0
SH03534,2025-10-06,Mumbai,East,Mumbai → East,SwiftMove,Road,Express,Rain,257.1,2274.6,7.49,1.065,61.29,61.04,0.26,1,393.21,4.0
SH03535,2025-10-06,Nagpur,East,Nagpur → East,RapidFreight,Road,Standard,Rain,63.0,1154.4,8.12,1.083,36.55,39.98,0.0,0,195.34,4.0
SH03536,2025-10-06,Nagpur,Central,Nagpur → Central,RapidFreight,Road,Standard,Clear,406.0,154.1,8.61,1.076,11.11,16.02,0.0,0,55.02,4.0
SH03537,2025-10-06,Nagpur,Central,Nagpur → Central,BlueLine,Road,Standard,Clear,325.3,298.4,4.46,1.084,14.44,19.47,0.0,0,67.52,5.0
SH03538,2025-10-06,Nagpur,North,Nagpur → North,RapidFreight,Air,Express,Clear,36.1,1027.4,8.43,1.079,18.8,27.94,0.0,0,254.09,4.0
SH03539,2025-10-06,Mumbai,South,Mumbai → South,BlueLine,Road,Standard,Clear,326.0,935.6,7.77,1.096,45.65,38.76,6.88,1,134.83,3.0
SH03540,2025-10-06,Kolkata,West,Kolkata → West,BlueLine,Road,Standard,Clear,77.0,1929.7,6.09,1.06,46.72,61.43,0.0,0,218.02,4.0
SH03541,2025-10-07,Mumbai,West,Mumbai → West,BlueLine,Road,Standard,Clear,302.6,340.1,6.94,1.094,26.06,24.5,1.56,1,56.55,
SH03542,2025-10-07,Bengaluru,West,Bengaluru → West,TransGo,Air,Express,Clear,1130.8,1016.4,6.89,1.091,31.07,29.07,2.0,1,1093.62,4.0
SH03543,2025-10-07,Bengaluru,South,Bengaluru → South,TransGo,Road,Standard,Clear,47.7,44.7,5.12,1.066,14.99,14.55,0.44,1,16.92,4.0
SH03544,2025-10-07,Mumbai,South,Mumbai → South,TransGo,Rail,Standard,Clear,516.8,1041.0,6.64,1.085,66.83,65.7,1.12,1,92.85,5.0
SH03545,2025-10-07,Kolkata,Central,Kolkata → Central,TransGo,Rail,Standard,Rain,332.4,1104.0,5.98,1.077,64.29,66.57,0.0,0,101.88,4.0
SH03546,2025-10-07,Kolkata,North,Kolkata → North,SwiftMove,Rail,Standard,Clear,271.6,1646.4,6.61,1.078,68.04,83.89,0.0,0,129.8,5.0
SH03547,2025-10-07,Delhi,North,Delhi → North,SwiftMove,Road,Standard,Clear,255.1,275.1,5.67,1.072,16.37,20.64,0.0,0,62.84,5.0
SH03548,2025-10-07,Delhi,East,Delhi → East,TransGo,Road,Standard,Clear,1366.0,1681.7,6.93,1.084,52.85,54.34,0.0,0,273.51,4.0
SH03549,2025-10-07,Delhi,West,Delhi → West,BlueLine,Road,Standard,Rain,144.3,1519.4,6.4,1.083,45.28,50.45,0.0,0,198.03,5.0
SH03550,2025-10-07,Kolkata,East,Kolkata → East,BlueLine,Road,Standard,Clear,42.5,301.8,7.01,1.088,18.77,22.43,0.0,0,54.41,5.0
SH03551,2025-10-07,Nagpur,Central,Nagpur → Central,SwiftMove,Road,Express,Clear,492.9,113.5,2.21,1.097,6.66,14.55,0.0,0,67.38,5.0
SH03552,2025-10-07,Delhi,North,Delhi → North,TransGo,Road,Standard,Clear,199.4,49.7,7.77,1.071,17.88,15.24,2.64,1,26.26,4.0
SH03553,2025-10-07,Delhi,West,Delhi → West,RapidFreight,Road,Standard,Clear,354.5,1373.0,5.48,1.063,49.0,46.94,2.06,1,195.3,4.0
SH03554,2025-10-07,Bengaluru,Central,Bengaluru → Central,RapidFreight,Road,Standard,Clear,546.2,965.3,6.89,1.085,28.69,36.6,0.0,0,175.93,4.0
SH03555,2025-10-07,Bengaluru,West,Bengaluru → West,TransGo,Road,Standard,Clear,466.9,1093.3,6.83,1.084,38.08,39.67,0.0,0,153.83,5.0
SH03556,2025-10-07,Mumbai,North,Mumbai → North,RapidFreight,Road,Standard,Clear,194.2,1436.1,9.87,1.095,49.85,50.76,0.0,0,220.95,5.0
SH03557,2025-10-07,Mumbai,West,Mumbai → West,RapidFreight,Road,Express,Clear,106.8,64.3,4.69,1.094,17.03,17.61,0.0,0,39.37,4.0
SH03558,2025-10-07,Delhi,South,Delhi → South,BlueLine,Road,Standard,Clear,256.0,2134.0,6.61,1.065,61.6,65.18,0.0,0,310.45,5.0
SH03559,2025-10-07,Delhi,South,Delhi → South,BlueLine,Road,Express,Rain,306.3,2320.3,6.22,1.068,63.57,59.63,3.93,1,328.27,5.0
SH03560,2025-10-08,Nagpur,East,Nagpur → East,BlueLine,Road,Standard,Clear,158.7,1035.4,4.84,1.077,28.53,37.13,0.0,0,132.67,5.0
SH03561,2025-10-08,Delhi,North,Delhi → North,TransGo,Road,Standard,Clear,396.2,193.4,6.78,1.064,21.97,18.68,3.29,1,63.85,5.0
SH03562,2025-10-08,Mumbai,South,Mumbai → South,BlueLine,Road,Express,Clear,157.7,971.1,5.52,1.074,34.84,35.43,0.0,0,185.29,5.0
SH03563,2025-10-08,Nagpur,West,Nagpur → West,SwiftMove,Road,Standard,Clear,107.8,800.7,4.78,1.083,23.56,31.51,0.0,0,121.06,4.0
SH03564,2025-10-08,Mumbai,North,Mumbai → North,SwiftMove,Road,Standard,Clear,902.1,1322.7,8.04,1.086,46.47,48.04,0.0,0,232.47,5.0
SH03565,2025-10-08,Kolkata,West,Kolkata → West,BlueLine,Air,Express,Clear,382.1,1964.2,6.72,1.084,25.52,32.48,0.0,0,720.0,5.0
SH03566,2025-10-08,Kolkata,East,Kolkata → East,SwiftMove,Road,Standard,Rain,56.2,194.0,3.43,1.091,16.67,19.85,0.0,0,37.79,5.0
SH03567,2025-10-08,Nagpur,East,Nagpur → East,RapidFreight,Road,Express,Clear,57.2,1088.5,9.6,1.082,24.22,33.71,0.0,0,232.43,5.0
SH03568,2025-10-08,Delhi,North,Delhi → North,RapidFreight,Road,Express,Fog,87.3,330.0,7.14,1.078,21.78,20.53,1.24,1,77.57,4.0
SH03569,2025-10-08,Bengaluru,South,Bengaluru → South,TransGo,Road,Standard,Clear,550.0,111.4,6.68,1.08,16.99,16.14,0.84,1,56.84,5.0
SH03570,2025-10-08,Delhi,Central,Delhi → Central,SwiftMove,Road,Express,Clear,398.4,1014.7,7.68,1.087,32.65,33.98,0.0,0,199.71,4.0
SH03571,2025-10-08,Mumbai,South,Mumbai → South,BlueLine,Air,Express,Clear,112.2,1004.7,9.71,1.095,33.85,31.93,1.92,1,257.69,
SH03572,2025-10-08,Mumbai,South,Mumbai → South,TransGo,Rail,Standard,Clear,431.7,1123.6,7.51,1.094,70.34,68.34,2.0,1,99.64,4.0
SH03573,2025-10-08,Mumbai,South,Mumbai → South,TransGo,Air,Express,Clear,604.6,1050.5,8.73,1.092,39.58,32.01,7.58,1,704.46,5.0
SH03574,2025-10-08,Bengaluru,West,Bengaluru → West,BlueLine,Air,Express,Rain,41.1,913.9,5.84,1.07,32.75,28.89,3.86,1,172.23,4.0
SH03575,2025-10-08,Bengaluru,North,Bengaluru → North,TransGo,Road,Standard,Clear,184.8,2456.2,6.71,1.076,75.1,72.32,2.77,1,303.53,5.0
SH03576,2025-10-08,Mumbai,West,Mumbai → West,TransGo,Road,Standard,Clear,370.7,116.3,7.17,1.067,26.57,19.14,7.43,1,38.13,4.0
SH03577,2025-10-08,Kolkata,West,Kolkata → West,TransGo,Rail,Standard,Clear,216.1,1888.9,8.43,1.072,73.78,91.64,0.0,0,167.25,5.0
SH03578,2025-10-08,Bengaluru,North,Bengaluru → North,TransGo,Road,Standard,Fog,183.5,2239.6,8.08,1.08,69.8,67.13,2.67,1,272.25,4.0
SH03579,2025-10-08,Delhi,East,Delhi → East,TransGo,Air,Express,Fog,157.6,1602.7,5.79,1.074,38.44,30.69,7.76,1,367.21,4.0
SH03580,2025-10-08,Bengaluru,North,Bengaluru → North,TransGo,Road,Express,Clear,161.6,2424.0,8.13,1.079,57.12,61.1,0.0,0,404.17,5.0
SH03581,2025-10-08,Bengaluru,Central,Bengaluru → Central,TransGo,Road,Standard,Clear,307.5,1033.4,9.6,1.078,39.59,38.23,1.35,1,135.45,5.0
SH03582,2025-10-09,Delhi,North,Delhi → North,BlueLine,Road,Standard,Clear,234.7,245.8,6.39,1.057,18.8,19.94,0.0,0,50.69,5.0
SH03583,2025-10-09,Delhi,West,Delhi → West,RapidFreight,Road,Standard,Clear,91.8,1564.1,5.95,1.064,40.82,51.52,0.0,0,244.34,4.0
SH03584,2025-10-09,Delhi,North,Delhi → North,SwiftMove,Road,Express,Clear,162.6,217.2,6.35,1.08,14.77,18.32,0.0,0,60.19,5.0
SH03585,2025-10-09,Bengaluru,Central,Bengaluru → Central,BlueLine,Rail,Standard,Clear,70.6,1074.8,6.97,1.089,47.64,63.91,0.0,0,99.73,4.0
SH03586,2025-10-09,Bengaluru,West,Bengaluru → West,TransGo,Road,Express,Clear,526.5,948.3,6.47,1.09,28.22,32.11,0.0,0,157.81,5.0
SH03587,2025-10-09,Bengaluru,South,Bengaluru → South,RapidFreight,Road,Standard,Clear,142.5,204.6,4.72,1.071,10.21,18.38,0.0,0,60.37,4.0
SH03588,2025-10-09,Nagpur,South,Nagpur → South,BlueLine,Road,Express,Clear,80.6,1077.0,4.43,1.069,25.32,33.48,0.0,0,169.64,5.0
SH03589,2025-10-09,Delhi,North,Delhi → North,SwiftMove,Road,Standard,Clear,113.9,143.6,7.37,1.081,16.27,17.49,0.0,0,37.89,4.0
SH03590,2025-10-09,Nagpur,West,Nagpur → West,SwiftMove,Road,Standard,Storm,465.9,922.6,5.55,1.074,40.11,34.43,5.68,1,193.89,3.0
SH03591,2025-10-09,Delhi,North,Delhi → North,TransGo,Road,Standard,Clear,587.3,111.2,5.55,1.074,20.41,16.71,3.69,1,61.72,4.0
SH03592,2025-10-09,Mumbai,West,Mumbai → West,BlueLine,Road,Standard,Rain,472.5,269.3,8.72,1.079,34.27,22.8,11.47,1,78.96,3.0
SH03593,2025-10-09,Kolkata,South,Kolkata → South,TransGo,Road,Express,Clear,146.2,2046.2,3.17,1.066,54.82,55.4,0.0,0,284.41,5.0
SH03594,2025-10-09,Mumbai,North,Mumbai → North,RapidFreight,Road,Standard,Clear,255.6,1301.5,7.88,1.079,50.22,47.53,2.69,1,217.96,4.0
SH03595,2025-10-09,Nagpur,West,Nagpur → West,BlueLine,Rail,Standard,Clear,127.9,914.4,6.02,1.088,43.82,57.63,0.0,0,106.2,5.0
SH03596,2025-10-09,Mumbai,Central,Mumbai → Central,TransGo,Road,Standard,Clear,795.4,884.5,5.48,1.083,47.73,37.54,10.19,1,163.23,4.0
SH03597,2025-10-09,Nagpur,East,Nagpur → East,SwiftMove,Rail,Standard,Clear,286.0,1251.6,5.56,1.071,48.1,68.41,0.0,0,122.88,4.0
SH03598,2025-10-09,Mumbai,North,Mumbai → North,SwiftMove,Road,Express,Rain,881.0,1409.6,9.29,1.067,49.25,44.04,5.21,1,289.71,5.0
SH03599,2025-10-09,Mumbai,North,Mumbai → North,BlueLine,Air,Express,Clear,33.8,1500.5,8.8,1.067,32.48,32.8,0.0,0,254.0,5.0
SH03600,2025-10-09,Mumbai,North,Mumbai → North,RapidFreight,Air,Express,Rain,92.4,1423.7,5.73,1.086,35.02,32.67,2.35,1,377.35,5.0
SH03601,2025-10-09,Delhi,West,Delhi → West,BlueLine,Rail,Standard,Clear,259.6,1473.0,7.64,1.072,65.86,77.2,0.0,0,136.17,4.0
SH03602,2025-10-09,Kolkata,Central,Kolkata → Central,SwiftMove,Road,Standard,Clear,1158.7,1250.1,7.85,1.074,42.37,45.15,0.0,0,228.36,4.0
SH03603,2025-10-09,Nagpur,West,Nagpur → West,RapidFreight,Road,Express,Clear,61.5,778.3,6.12,1.082,20.76,27.62,0.0,0,143.09,5.0
SH03604,2025-10-09,Delhi,North,Delhi → North,TransGo,Road,Express,Rain,139.7,207.4,8.71,1.072,30.56,18.12,12.43,1,47.55,5.0
SH03605,2025-10-09,Kolkata,South,Kolkata → South,BlueLine,Rail,Standard,Clear,883.2,1912.4,6.4,1.066,78.41,92.39,0.0,0,176.92,4.0
SH03606,2025-10-10,Delhi,North,Delhi → North,TransGo,Road,Standard,Clear,95.2,208.0,8.93,1.072,23.82,19.03,4.78,1,36.14,5.0
SH03607,2025-10-10,Mumbai,South,Mumbai → South,RapidFreight,Road,Standard,Clear,128.3,931.2,6.87,1.066,37.43,38.66,0.0,0,176.69,3.0
SH03608,2025-10-10,Bengaluru,South,Bengaluru → South,SwiftMove,Road,Standard,Clear,353.0,286.0,7.48,1.084,19.6,20.33,0.0,0,71.41,5.0
SH03609,2025-10-10,Mumbai,North,Mumbai → North,TransGo,Road,Standard,Clear,334.1,1440.9,7.64,1.083,57.59,50.87,6.72,1,174.09,4.0
SH03610,2025-10-10,Mumbai,North,Mumbai → North,SwiftMove,Road,Express,Clear,243.4,1417.5,8.84,1.083,43.25,44.2,0.0,0,246.13,
SH03611,2025-10-10,Kolkata,South,Kolkata → South,RapidFreight,Road,Standard,Fog,765.1,1988.4,5.9,1.088,68.83,62.84,5.99,1,402.61,4.0
SH03612,2025-10-10,Bengaluru,East,Bengaluru → East,SwiftMove,Road,Standard,Clear,267.2,2025.1,4.73,1.086,49.28,61.99,0.0,0,257.86,4.0
SH03613,2025-10-10,Nagpur,West,Nagpur → West,BlueLine,Road,Standard,Clear,265.4,856.8,8.13,1.09,28.9,32.85,0.0,0,137.73,4.0
SH03614,2025-10-10,Kolkata,South,Kolkata → South,BlueLine,Rail,Standard,Clear,956.7,1776.5,8.77,1.088,77.44,88.05,0.0,0,156.05,5.0
SH03615,2025-10-10,Delhi,East,Delhi → East,RapidFreight,Road,Standard,Rain,2741.8,1427.2,9.37,1.071,46.29,48.24,0.0,0,500.17,5.0
SH03616,2025-10-10,Bengaluru,South,Bengaluru → South,TransGo,Road,Standard,Clear,49.3,298.6,7.21,1.083,26.6,20.63,5.97,1,48.19,4.0
SH03617,2025-10-10,Bengaluru,South,Bengaluru → South,SwiftMove,Road,Standard,Clear,1561.9,43.3,5.47,1.081,12.67,14.51,0.0,0,120.76,4.0
SH03618,2025-10-10,Bengaluru,South,Bengaluru → South,SwiftMove,Road,Express,Rain,129.3,143.4,4.38,1.059,13.91,16.29,0.0,0,44.94,5.0
SH03619,2025-10-10,Bengaluru,West,Bengaluru → West,BlueLine,Road,Express,Clear,572.8,1084.0,7.04,1.085,32.53,34.77,0.0,0,198.8,4.0
SH03620,2025-10-10,Mumbai,East,Mumbai → East,SwiftMove,Road,Standard,Clear,518.9,2085.4,4.15,1.088,63.48,66.31,0.0,0,266.4,4.0
SH03621,2025-10-10,Bengaluru,Central,Bengaluru → Central,RapidFreight,Road,Standard,Clear,335.0,1121.5,6.9,1.095,31.02,40.34,0.0,0,189.4,5.0
SH03622,2025-10-10,Bengaluru,East,Bengaluru → East,TransGo,Road,Standard,Clear,258.0,1826.8,7.24,1.083,58.52,57.24,1.28,1,230.68,5.0
SH03623,2025-10-10,Mumbai,East,Mumbai → East,SwiftMove,Rail,Standard,Clear,489.5,1873.4,5.6,1.08,84.88,92.3,0.0,0,178.45,4.0
SH03624,2025-10-10,Kolkata,Central,Kolkata → Central,TransGo,Road,Standard,Clear,584.9,1244.1,5.31,1.065,36.99,45.01,0.0,0,162.42,5.0
SH03625,2025-10-10,Bengaluru,North,Bengaluru → North,SwiftMove,Rail,Standard,Clear,366.4,2095.5,5.48,1.075,99.47,96.52,2.95,1,197.42,5.0
SH03626,2025-10-11,Bengaluru,North,Bengaluru → North,SwiftMove,Road,Express,Storm,367.1,2075.3,3.48,1.086,68.07,54.25,13.82,1,348.26,4.0
SH03627,2025-10-11,Bengaluru,East,Bengaluru → East,BlueLine,Road,Express,Clear,59.6,1938.1,5.52,1.088,45.47,51.55,0.0,0,291.49,5.0
SH03628,2025-10-11,Kolkata,West,Kolkata → West,SwiftMove,Road,Standard,Clear,301.8,2011.9,5.43,1.078,59.21,63.4,0.0,0,324.52,5.0
SH03629,2025-10-11,Mumbai,South,Mumbai → South,BlueLine,Rail,Standard,Clear,100.8,1063.2,6.35,1.079,52.95,66.41,0.0,0,94.18,5.0
SH03630,2025-10-11,Bengaluru,North,Bengaluru → North,SwiftMove,Rail,Standard,Clear,360.3,2277.1,5.21,1.062,88.04,102.32,0.0,0,196.46,5.0
SH03631,2025-10-11,Mumbai,East,Mumbai → East,BlueLine,Road,Standard,Clear,118.3,2074.2,4.86,1.05,59.17,66.04,0.0,0,270.56,5.0
SH03632,2025-10-11,Mumbai,West,Mumbai → West,BlueLine,Road,Standard,Rain,12.6,256.5,6.92,1.089,29.02,22.49,6.52,1,43.11,5.0
SH03633,2025-10-11,Nagpur,South,Nagpur → South,SwiftMove,Road,Standard,Clear,649.3,1035.8,3.22,1.081,28.77,37.14,0.0,0,177.99,5.0
SH03634,2025-10-11,Delhi,East,Delhi → East,RapidFreight,Road,Standard,Storm,77.7,1419.0,6.95,1.084,56.39,48.05,8.34,1,277.47,4.0
SH03635,2025-10-11,Nagpur,North,Nagpur → North,SwiftMove,Rail,Standard,Clear,134.4,1197.1,4.57,1.073,52.15,66.67,0.0,0,124.7,4.0
SH03636,2025-10-11,Delhi,South,Delhi → South,BlueLine,Rail,Standard,Clear,210.7,2128.1,5.11,1.058,97.08,98.13,0.0,0,198.31,5.0
SH03637,2025-10-11,Mumbai,North,Mumbai → North,TransGo,Road,Standard,Clear,194.1,1596.8,7.51,1.085,63.12,54.61,8.52,1,227.08,4.0
SH03638,2025-10-11,Nagpur,South,Nagpur → South,SwiftMove,Road,Standard,Clear,148.2,1094.7,6.98,1.077,31.88,38.55,0.0,0,173.54,5.0
SH03639,2025-10-11,Delhi,South,Delhi → South,BlueLine,Road,Express,Clear,37.8,2335.9,5.14,1.077,54.14,59.94,0.0,0,349.64,5.0
SH03640,2025-10-11,Kolkata,North,Kolkata → North,TransGo,Road,Standard,Fog,915.1,1541.1,5.99,1.068,58.17,52.12,6.05,1,207.49,4.0
SH03641,2025-10-11,Mumbai,North,Mumbai → North,RapidFreight,Road,Standard,Clear,348.8,1447.0,8.17,1.085,51.52,51.02,0.5,1,276.57,5.0
SH03642,2025-10-11,Mumbai,West,Mumbai → West,BlueLine,Road,Express,Clear,701.9,126.0,8.37,1.069,28.38,18.83,9.56,1,77.09,3.0
SH03643,2025-10-12,Delhi,North,Delhi → North,RapidFreight,Road,Standard,Clear,289.2,148.8,6.1,1.082,13.34,17.62,0.0,0,60.0,4.0
SH03644,2025-10-12,Delhi,West,Delhi → West,TransGo,Road,Standard,Rain,642.2,1459.6,6.57,1.074,57.77,49.02,8.75,1,219.31,5.0
SH03645,2025-10-12,Bengaluru,North,Bengaluru → North,SwiftMove,Road,Express,Clear,428.1,2009.1,5.03,1.072,36.2,52.94,0.0,0,347.69,4.0
SH03646,2025-10-12,Bengaluru,Central,Bengaluru → Central,RapidFreight,Road,Standard,Clear,529.9,1105.3,4.97,1.093,30.43,39.96,0.0,0,209.59,5.0
SH03647,2025-10-12,Mumbai,East,Mumbai → East,BlueLine,Road,Express,Clear,60.7,2212.6,6.0,1.08,62.51,59.82,2.69,1,341.37,4.0
SH03648,2025-10-12,Kolkata,East,Kolkata → East,BlueLine,Road,Standard,Rain,78.0,274.5,5.81,1.074,16.11,21.78,0.0,0,51.52,4.0
SH03649,2025-10-12,Delhi,East,Delhi → East,SwiftMove,Road,Standard,Clear,65.8,1682.9,7.53,1.083,51.05,54.37,0.0,0,220.77,5.0
SH03650,2025-10-12,Mumbai,West,Mumbai → West,BlueLine,Road,Express,Rain,169.5,273.5,9.66,1.076,32.75,21.72,11.02,1,61.29,4.0
SH03651,2025-10-12,Delhi,North,Delhi → North,TransGo,Road,Standard,Rain,66.2,330.5,4.93,1.072,28.41,21.97,6.44,1,54.36,4.0
SH03652,2025-10-12,Delhi,East,Delhi → East,RapidFreight,Rail,Standard,Clear,203.8,1615.9,5.48,1.094,69.08,81.77,0.0,0,169.1,5.0
SH03653,2025-10-12,Bengaluru,West,Bengaluru → West,TransGo,Road,Standard,Clear,2509.7,1037.4,8.13,1.089,41.69,38.33,3.36,1,256.92,3.0
SH03654,2025-10-12,Delhi,North,Delhi → North,BlueLine,Road,Standard,Clear,99.1,346.9,7.44,1.09,19.68,22.36,0.0,0,54.69,4.0
SH03655,2025-10-13,Kolkata,East,Kolkata → East,SwiftMove,Road,Express,Fog,65.6,306.2,6.85,1.082,26.35,21.22,5.13,1,58.8,5.0
SH03656,2025-10-13,Kolkata,North,Kolkata → North,RapidFreight,Road,Standard,Clear,325.1,1431.4,6.29,1.077,32.23,49.5,0.0,0,244.89,5.0
SH03657,2025-10-13,Mumbai,West,Mumbai → West,TransGo,Road,Standard,Clear,3297.2,275.5,7.43,1.067,38.04,22.95,15.09,1,265.72,4.0
SH03658,2025-10-13,Mumbai,West,Mumbai → West,SwiftMove,Road,Standard,Clear,479.6,329.5,6.34,1.092,23.7,24.24,0.0,0,86.39,5.0
SH03659,2025-10-13,Delhi,North,Delhi → North,SwiftMove,Road,Standard,Clear,527.1,106.4,6.15,1.085,14.14,16.6,0.0,0,58.68,5.0
SH03660,2025-10-13,Bengaluru,North,Bengaluru → North,BlueLine,Road,Standard,Clear,211.2,2222.5,6.2,1.092,56.13,66.72,0.0,0,311.02,4.0
SH03661,2025-10-13,Bengaluru,West,Bengaluru → West,RapidFreight,Rail,Standard,Clear,251.1,913.5,5.51,1.081,47.73,58.76,0.0,0,130.3,5.0
SH03662,2025-10-13,Kolkata,East,Kolkata → East,RapidFreight,Road,Express,Clear,373.5,157.4,6.63,1.079,12.42,18.29,0.0,0,81.5,5.0
SH03663,2025-10-13,Mumbai,South,Mumbai → South,RapidFreight,Road,Standard,Clear,665.8,1072.2,7.28,1.061,36.86,42.04,0.0,0,242.25,5.0
SH03664,2025-10-13,Bengaluru,Central,Bengaluru → Central,TransGo,Road,Standard,Clear,565.6,927.4,6.17,1.095,32.22,35.69,0.0,0,146.17,5.0
SH03665,2025-10-13,Bengaluru,East,Bengaluru → East,SwiftMove,Air,Express,Clear,317.9,1922.3,7.76,1.055,24.65,30.68,0.0,0,627.65,5.0
SH03666,2025-10-13,Kolkata,North,Kolkata → North,SwiftMove,Road,Standard,Clear,160.6,1665.0,8.1,1.074,52.7,55.09,0.0,0,205.94,5.0
SH03667,2025-10-13,Mumbai,East,Mumbai → East,BlueLine,Road,Standard,Clear,1039.3,2292.5,5.87,1.08,76.47,71.27,5.2,1,334.81,5.0
SH03668,2025-10-13,Delhi,West,Delhi → West,RapidFreight,Road,Express,Fog,1509.0,1498.4,8.71,1.079,50.56,43.49,7.08,1,442.15,4.0
SH03669,2025-10-13,Bengaluru,South,Bengaluru → South,BlueLine,Road,Standard,Clear,417.1,166.2,10.0,1.079,16.48,17.46,0.0,0,53.82,5.0
SH03670,2025-10-13,Delhi,West,Delhi → West,TransGo,Rail,Standard,Storm,717.6,1503.2,6.35,1.083,83.49,78.17,5.32,1,162.15,
SH03671,2025-10-13,Bengaluru,West,Bengaluru → West,RapidFreight,Road,Standard,Clear,69.6,1002.4,6.71,1.069,28.82,37.49,0.0,0,169.93,5.0
SH03672,2025-10-13,Kolkata,South,Kolkata → South,TransGo,Road,Standard,Clear,174.5,2092.8,5.58,1.079,54.84,65.34,0.0,0,231.95,4.0
SH03673,2025-10-13,Bengaluru,North,Bengaluru → North,RapidFreight,Road,Standard,Clear,247.2,2242.1,7.69,1.091,56.88,67.19,0.0,0,316.97,5.0
SH03674,2025-10-13,Bengaluru,East,Bengaluru → East,TransGo,Road,Standard,Clear,256.5,1759.2,6.96,1.097,54.91,55.62,0.0,0,229.69,4.0
SH03675,2025-10-13,Kolkata,West,Kolkata → West,SwiftMove,Road,Standard,Clear,157.1,1869.1,6.28,1.076,46.64,59.98,0.0,0,247.03,3.0
SH03676,2025-10-13,Delhi,South,Delhi → South,TransGo,Air,Express,Clear,191.9,2075.7,7.12,1.091,28.45,31.52,0.0,0,506.48,5.0
SH03677,2025-10-13,Bengaluru,East,Bengaluru → East,SwiftMove,Rail,Standard,Rain,63.9,1923.7,5.63,1.073,87.76,91.03,0.0,0,172.75,
SH03678,2025-10-13,Bengaluru,North,Bengaluru → North,SwiftMove,Rail,Standard,Clear,150.4,2356.9,6.05,1.1,75.8,104.86,0.0,0,207.23,5.0
SH03679,2025-10-14,Bengaluru,West,Bengaluru → West,BlueLine,Road,Express,Rain,100.0,1035.1,8.92,1.069,32.42,33.81,0.0,0,181.77,4.0
SH03680,2025-10-14,Nagpur,North,Nagpur → North,TransGo,Air,Express,Clear,59.5,1027.0,7.91,1.088,22.24,27.94,0.0,0,245.07,5.0
SH03681,2025-10-14,Kolkata,North,Kolkata → North,TransGo,Road,Standard,Clear,482.9,1455.3,6.42,1.083,55.31,50.07,5.24,1,198.63,5.0
SH03682,2025-10-14,Bengaluru,East,Bengaluru → East,RapidFreight,Rail,Standard,Clear,800.3,2033.4,5.69,1.082,80.33,94.53,0.0,0,239.76,4.0
SH03683,2025-10-14,Mumbai,North,Mumbai → North,SwiftMove,Air,Express,Clear,354.8,1578.3,7.08,1.072,37.91,32.94,4.97,1,644.73,4.0
SH03684,2025-10-14,Delhi,North,Delhi → North,RapidFreight,Road,Express,Rain,331.7,169.7,4.01,1.077,13.45,17.38,0.0,0,74.38,5.0
SH03685,2025-10-14,Mumbai,South,Mumbai → South,SwiftMove,Road,Standard,Clear,41.9,1021.3,7.71,1.09,37.26,40.82,0.0,0,150.86,4.0
SH03686,2025-10-14,Bengaluru,North,Bengaluru → North,SwiftMove,Road,Express,Clear,217.9,2177.4,6.0,1.078,49.78,56.25,0.0,0,357.9,5.0
SH03687,2025-10-14,Bengaluru,Central,Bengaluru → Central,TransGo,Road,Standard,Fog,165.3,1043.6,6.43,1.073,47.35,38.48,8.87,1,137.99,3.0
SH03688,2025-10-14,Mumbai,South,Mumbai → South,RapidFreight,Road,Standard,Clear,320.8,1017.8,7.62,1.084,35.38,40.74,0.0,0,190.77,5.0
SH03689,2025-10-14,Mumbai,South,Mumbai → South,BlueLine,Road,Express,Clear,366.4,1066.8,6.81,1.08,42.14,37.31,4.84,1,188.08,5.0
SH03690,2025-10-14,Bengaluru,East,Bengaluru → East,BlueLine,Air,Express,Rain,45.4,2150.5,4.93,1.065,30.48,31.08,0.0,0,326.0,5.0
SH03691,2025-10-14,Nagpur,East,Nagpur → East,RapidFreight,Road,Standard,Rain,105.8,1190.9,4.78,1.085,30.38,40.86,0.0,0,216.39,4.0
SH03692,2025-10-15,Delhi,East,Delhi → East,SwiftMove,Road,Standard,Fog,101.3,1622.3,6.05,1.081,53.46,52.92,0.55,1,261.76,4.0
SH03693,2025-10-15,Kolkata,Central,Kolkata → Central,SwiftMove,Road,Standard,Clear,690.3,1225.4,7.4,1.067,39.45,44.56,0.0,0,235.59,5.0
SH03694,2025-10-15,Mumbai,West,Mumbai → West,TransGo,Road,Standard,Clear,313.9,56.1,6.15,1.083,26.16,17.69,8.47,1,34.3,5.0
SH03695,2025-10-15,Bengaluru,West,Bengaluru → West,RapidFreight,Road,Standard,Clear,415.0,1123.4,7.84,1.088,35.01,40.39,0.0,0,214.57,5.0
SH03696,2025-10-15,Mumbai,West,Mumbai → West,SwiftMove,Road,Standard,Rain,122.0,242.4,10.0,1.082,32.75,22.16,10.59,1,51.45,4.0
SH03697,2025-10-15,Bengaluru,South,Bengaluru → South,SwiftMove,Road,Standard,Clear,40.9,314.6,7.03,1.075,14.68,21.01,0.0,0,48.28,5.0
SH03698,2025-10-15,Mumbai,Central,Mumbai → Central,RapidFreight,Road,Standard,Clear,211.3,776.7,5.02,1.075,29.39,34.96,0.0,0,154.6,4.0
SH03699,2025-10-15,Mumbai,South,Mumbai → South,SwiftMove,Road,Standard,Clear,186.5,1071.2,4.97,1.076,40.45,42.01,0.0,0,143.13,4.0
SH03700,2025-10-15,Delhi,North,Delhi → North,SwiftMove,Road,Standard,Clear,88.7,201.0,5.81,1.088,17.99,18.87,0.0,0,42.53,5.0
SH03701,2025-10-15,Bengaluru,South,Bengaluru → South,BlueLine,Road,Standard,Clear,388.9,266.9,5.61,1.072,15.08,19.87,0.0,0,61.9,4.0
SH03702,2025-10-15,Kolkata,West,Kolkata → West,BlueLine,Air,Express,Clear,110.8,1858.4,4.07,1.105,27.84,32.29,0.0,0,523.03,4.0
SH03703,2025-10-15,Mumbai,East,Mumbai → East,BlueLine,Rail,Standard,Clear,578.8,1851.5,7.51,1.084,89.6,91.59,0.0,0,172.36,5.0
SH03704,2025-10-15,Delhi,Central,Delhi → Central,BlueLine,Road,Standard,Rain,153.7,1178.0,7.42,1.082,43.0,42.27,0.73,1,167.33,5.0
SH03705,2025-10-15,Kolkata,North,Kolkata → North,RapidFreight,Air,Express,Clear,374.4,1612.3,3.94,1.082,25.12,31.85,0.0,0,826.79,4.0
SH03706,2025-10-15,Nagpur,West,Nagpur → West,RapidFreight,Rail,Standard,Clear,212.9,898.7,6.03,1.089,46.07,57.13,0.0,0,92.61,5.0
SH03707,2025-10-15,Nagpur,North,Nagpur → North,TransGo,Rail,Standard,Clear,362.6,1076.0,3.55,1.061,59.14,62.8,0.0,0,95.62,5.0
SH03708,2025-10-15,Delhi,East,Delhi → East,BlueLine,Road,Standard,Clear,140.5,1445.6,4.64,1.083,45.95,48.68,0.0,0,194.74,5.0
SH03709,2025-10-16,Delhi,North,Delhi → North,RapidFreight,Road,Standard,Storm,125.6,238.9,8.41,1.087,39.28,19.77,19.51,1,65.41,4.0
SH03710,2025-10-16,Delhi,North,Delhi → North,BlueLine,Road,Standard,Clear,423.3,305.4,4.83,1.088,16.87,21.37,0.0,0,78.3,
SH03711,2025-10-16,Delhi,North,Delhi → North,BlueLine,Road,Standard,Clear,335.1,241.7,5.62,1.065,17.24,19.84,0.0,0,63.86,4.0
SH03712,2025-10-16,Mumbai,West,Mumbai → West,SwiftMove,Road,Standard,Clear,231.5,266.8,6.17,1.088,22.24,22.74,0.0,0,59.5,5.0
SH03713,2025-10-16,Delhi,North,Delhi → North,TransGo,Road,Standard,Clear,549.3,175.0,4.33,1.073,18.65,18.24,0.41,1,60.91,5.0
SH03714,2025-10-16,Nagpur,East,Nagpur → East,SwiftMove,Road,Standard,Clear,238.4,1154.0,6.36,1.057,30.82,39.97,0.0,0,172.59,4.0
SH03715,2025-10-16,Mumbai,East,Mumbai → East,BlueLine,Rail,Standard,Clear,157.7,2028.7,5.5,1.07,106.65,97.26,9.4,1,174.25,4.0
SH03716,2025-10-16,Kolkata,South,Kolkata → South,RapidFreight,Road,Standard,Clear,285.0,1895.3,7.36,1.077,59.12,60.61,0.0,0,341.95,5.0
SH03717,2025-10-16,Kolkata,Central,Kolkata → Central,SwiftMove,Road,Standard,Clear,86.4,1184.8,5.29,1.08,33.65,43.59,0.0,0,156.98,5.0
SH03718,2025-10-16,Delhi,West,Delhi → West,TransGo,Road,Standard,Clear,141.7,1568.7,5.77,1.072,53.44,51.63,1.81,1,203.05,5.0
SH03719,2025-10-16,Mumbai,South,Mumbai → South,SwiftMove,Air,Express,Rain,333.7,914.4,6.61,1.089,30.01,31.77,0.0,0,562.4,5.0
SH03720,2025-10-16,Mumbai,East,Mumbai → East,SwiftMove,Air,Express,Clear,66.1,1890.8,6.85,1.075,29.69,33.5,0.0,0,393.39,4.0
SH03721,2025-10-16,Delhi,East,Delhi → East,SwiftMove,Road,Standard,Clear,74.9,1495.2,5.14,1.079,38.25,49.87,0.0,0,195.24,5.0
SH03722,2025-10-16,Bengaluru,East,Bengaluru → East,TransGo,Road,Standard,Clear,979.2,1862.2,9.57,1.064,49.53,58.09,0.0,0,313.98,5.0
SH03723,2025-10-16,Delhi,North,Delhi → North,BlueLine,Road,Standard,Fog,792.7,336.1,8.13,1.081,29.27,22.1,7.17,1,99.74,4.0
SH03724,2025-10-16,Mumbai,East,Mumbai → East,TransGo,Rail,Standard,Clear,39.0,2208.8,6.45,1.078,101.51,103.01,0.0,0,161.5,5.0
SH03725,2025-10-16,Mumbai,West,Mumbai → West,SwiftMove,Road,Standard,Clear,,338.7,9.52,1.078,28.99,24.47,4.52,1,92.12,4.0
SH03726,2025-10-16,Delhi,Central,Delhi → Central,TransGo,Road,Express,Clear,338.7,1113.6,5.58,1.089,36.29,35.93,0.37,1,164.07,5.0
SH03727,2025-10-16,Nagpur,North,Nagpur → North,RapidFreight,Road,Standard,Clear,86.1,1024.6,5.28,1.082,27.72,36.87,0.0,0,162.12,5.0
SH03728,2025-10-17,Delhi,North,Delhi → North,TransGo,Road,Standard,Clear,224.6,234.4,2.17,1.078,18.19,19.66,0.0,0,39.46,5.0
SH03729,2025-10-17,Nagpur,South,Nagpur → South,BlueLine,Road,Express,Clear,145.5,1100.1,5.84,1.067,32.33,33.94,0.0,0,160.19,4.0
SH03730,2025-10-17,Nagpur,South,Nagpur → South,RapidFreight,Road,Standard,Clear,342.6,983.6,4.16,1.072,24.24,35.89,0.0,0,205.11,5.0
SH03731,2025-10-17,Mumbai,South,Mumbai → South,TransGo,Rail,Standard,Clear,181.5,975.9,7.58,1.081,66.08,63.63,2.46,1,88.33,5.0
SH03732,2025-10-17,Mumbai,South,Mumbai → South,RapidFreight,Road,Express,Clear,158.0,1126.4,7.89,1.069,35.6,38.48,0.0,0,256.0,
SH03733,2025-10-17,Bengaluru,South,Bengaluru → South,TransGo,Road,Express,Clear,275.8,170.2,7.1,1.084,22.51,16.82,5.69,1,58.96,4.0
SH03734,2025-10-17,Mumbai,West,Mumbai → West,BlueLine,Road,Standard,Clear,642.4,114.8,7.59,1.088,22.53,19.1,3.43,1,65.35,4.0
SH03735,2025-10-17,Nagpur,South,Nagpur → South,SwiftMove,Road,Standard,Rain,141.4,1103.3,7.89,1.075,40.36,38.76,1.6,1,145.55,4.0
SH03736,2025-10-17,Mumbai,East,Mumbai → East,TransGo,Road,Standard,Clear,184.2,2114.7,7.69,1.094,71.07,67.02,4.06,1,269.35,4.0
SH03737,2025-10-17,Bengaluru,South,Bengaluru → South,BlueLine,Road,Standard,Clear,619.5,115.8,5.17,1.082,13.89,16.25,0.0,0,54.65,5.0
SH03738,2025-10-17,Mumbai,East,Mumbai → East,SwiftMove,Rail,Standard,Clear,245.0,1983.7,7.81,1.074,80.16,95.82,0.0,0,200.02,5.0
SH03739,2025-10-17,Mumbai,West,Mumbai → West,RapidFreight,Road,Standard,Clear,286.1,225.7,6.28,1.075,19.12,21.76,0.0,0,72.02,4.0
SH03740,2025-10-17,Kolkata,Central,Kolkata → Central,BlueLine,Road,Standard,Clear,90.3,1114.5,4.89,1.072,33.69,41.9,0.0,0,135.57,4.0
SH03741,2025-10-17,Mumbai,Central,Mumbai → Central,BlueLine,Rail,Standard,Clear,693.7,871.5,8.63,1.09,56.68,60.29,0.0,0,112.52,5.0
SH03742,2025-10-17,Bengaluru,South,Bengaluru → South,BlueLine,Road,Standard,Clear,85.5,303.5,5.08,1.066,14.7,20.75,0.0,0,51.43,4.0
SH03743,2025-10-17,Kolkata,East,Kolkata → East,BlueLine,Road,Standard,Clear,505.4,271.4,7.18,1.096,21.22,21.7,0.0,0,78.72,4.0
SH03744,2025-10-17,Delhi,North,Delhi → North,RapidFreight,Road,Standard,Clear,56.1,171.4,6.28,1.088,12.08,18.16,0.0,0,43.92,5.0
SH03745,2025-10-17,Nagpur,North,Nagpur → North,SwiftMove,Rail,Standard,Clear,167.5,1082.0,4.3,1.071,56.42,62.99,0.0,0,109.97,5.0
SH03746,2025-10-17,Mumbai,North,Mumbai → North,TransGo,Road,Standard,Clear,55.3,1483.8,8.54,1.08,59.12,51.9,7.22,1,172.4,5.0
SH03747,2025-10-17,Kolkata,East,Kolkata → East,SwiftMove,Road,Standard,Storm,1024.6,275.1,4.72,1.087,38.01,21.79,16.22,1,126.35,3.0
SH03748,2025-10-17,Delhi,East,Delhi → East,BlueLine,Air,Express,Clear,1564.8,1577.8,8.3,1.082,29.04,30.64,0.0,0,1969.9,4.0
SH03749,2025-10-17,Nagpur,South,Nagpur → South,SwiftMove,Road,Express,Clear,668.6,1017.3,7.78,1.077,33.35,32.31,1.04,1,197.31,4.0
SH03750,2025-10-17,Kolkata,South,Kolkata → South,TransGo,Rail,Standard,Clear,139.7,2082.9,6.52,1.081,82.82,97.84,0.0,0,154.01,4.0
SH03751,2025-10-17,Kolkata,East,Kolkata → East,SwiftMove,Road,Standard,Clear,493.9,271.3,4.18,1.09,14.32,21.7,0.0,0,81.26,4.0
SH03752,2025-10-17,Nagpur,West,Nagpur → West,TransGo,Road,Standard,Clear,149.5,845.4,8.24,1.08,34.34,32.58,1.76,1,104.27,5.0
SH03753,2025-10-17,Bengaluru,West,Bengaluru → West,SwiftMove,Rail,Standard,Rain,68.0,1096.7,6.94,1.083,50.24,64.61,0.0,0,103.58,4.0
SH03754,2025-10-17,Delhi,East,Delhi → East,SwiftMove,Road,Standard,Clear,197.5,1408.6,5.06,1.07,39.08,47.8,0.0,0,188.05,
SH03755,2025-10-18,Nagpur,South,Nagpur → South,TransGo,Road,Standard,Clear,518.3,1032.3,5.19,1.075,39.3,37.06,2.25,1,158.77,4.0
SH03756,2025-10-18,Mumbai,East,Mumbai → East,RapidFreight,Rail,Standard,Clear,445.3,2287.6,6.46,1.071,97.63,105.53,0.0,0,224.22,5.0
SH03757,2025-10-18,Nagpur,West,Nagpur → West,SwiftMove,Road,Express,Clear,205.0,932.1,5.86,1.084,22.88,30.64,0.0,0,186.92,4.0
SH03758,2025-10-18,Bengaluru,East,Bengaluru → East,BlueLine,Road,Standard,Clear,50.7,1951.1,6.28,1.089,52.01,60.22,0.0,0,242.52,5.0
SH03759,2025-10-18,Nagpur,West,Nagpur → West,TransGo,Road,Express,Rain,16.5,936.7,4.34,1.073,31.48,30.73,0.75,1,133.39,4.0
SH03760,2025-10-18,Bengaluru,East,Bengaluru → East,RapidFreight,Rail,Standard,Clear,124.5,2084.3,6.97,1.092,84.73,96.16,0.0,0,182.39,5.0
SH03761,2025-10-18,Delhi,North,Delhi → North,RapidFreight,Road,Express,Clear,166.6,115.3,3.2,1.084,9.17,16.32,0.0,0,55.97,4.0
SH03762,2025-10-18,Bengaluru,East,Bengaluru → East,BlueLine,Road,Standard,Clear,855.2,2053.6,9.04,1.073,54.71,62.68,0.0,0,286.22,5.0
SH03763,2025-10-18,Nagpur,Central,Nagpur → Central,BlueLine,Road,Express,Clear,502.2,292.2,5.9,1.074,17.28,18.07,0.0,0,85.89,5.0
SH03764,2025-10-18,Mumbai,South,Mumbai → South,SwiftMove,Rail,Standard,Storm,234.7,1091.3,7.15,1.076,76.12,67.31,8.81,1,113.98,4.0
SH03765,2025-10-18,Mumbai,Central,Mumbai → Central,BlueLine,Road,Standard,Clear,343.4,791.1,6.17,1.086,35.73,35.3,0.43,1,123.12,5.0
SH03766,2025-10-18,Bengaluru,West,Bengaluru → West,RapidFreight,Rail,Standard,Rain,85.9,973.6,5.16,1.075,56.72,60.68,0.0,0,122.39,5.0
SH03767,2025-10-18,Kolkata,Central,Kolkata → Central,TransGo,Road,Standard,Clear,48.8,1257.3,9.05,1.068,44.04,45.32,0.0,0,161.56,5.0
SH03768,2025-10-18,Mumbai,East,Mumbai → East,SwiftMove,Road,Standard,Clear,40.1,1941.3,3.84,1.085,53.02,62.86,0.0,0,247.7,5.0
SH03769,2025-10-19,Bengaluru,North,Bengaluru → North,TransGo,Road,Standard,Clear,1170.0,2032.9,4.5,1.078,56.31,62.18,0.0,0,298.12,5.0
SH03770,2025-10-19,Bengaluru,Central,Bengaluru → Central,BlueLine,Road,Standard,Clear,568.1,930.0,5.53,1.082,30.46,35.76,0.0,0,150.28,5.0
SH03771,2025-10-19,Delhi,East,Delhi → East,SwiftMove,Road,Standard,Clear,32.7,1704.6,7.93,1.098,49.43,54.89,0.0,0,252.01,4.0
SH03772,2025-10-19,Bengaluru,North,Bengaluru → North,BlueLine,Rail,Standard,Clear,510.1,2290.8,7.33,1.09,89.16,102.75,0.0,0,176.04,3.0
SH03773,2025-10-19,Delhi,North,Delhi → North,RapidFreight,Road,Express,Clear,56.9,48.2,6.27,1.066,10.17,15.0,0.0,0,29.18,4.0
SH03774,2025-10-19,Mumbai,North,Mumbai → North,SwiftMove,Road,Express,Clear,151.3,1411.8,7.88,1.092,43.06,44.09,0.0,0,250.68,5.0
SH03775,2025-10-19,Kolkata,South,Kolkata → South,RapidFreight,Rail,Standard,Clear,299.9,2007.2,5.62,1.099,76.43,95.42,0.0,0,220.01,4.0
SH03776,2025-10-19,Bengaluru,West,Bengaluru → West,BlueLine,Road,Standard,Rain,19.1,925.4,8.62,1.075,29.6,35.65,0.0,0,121.53,5.0
SH03777,2025-10-19,Delhi,East,Delhi → East,RapidFreight,Road,Standard,Clear,54.8,1651.0,5.89,1.076,41.35,53.61,0.0,0,263.18,5.0
SH03778,2025-10-19,Bengaluru,East,Bengaluru → East,RapidFreight,Road,Standard,Clear,48.4,1845.1,4.91,1.084,44.67,57.68,0.0,0,295.27,5.0
SH03779,2025-10-19,Bengaluru,West,Bengaluru → West,SwiftMove,Rail,Standard,Clear,398.0,1055.1,7.36,1.066,60.73,63.28,0.0,0,104.16,5.0
SH03780,2025-10-19,Delhi,South,Delhi → South,SwiftMove,Rail,Standard,Clear,63.4,2129.1,7.65,1.091,81.3,98.16,0.0,0,178.3,4.0
SH03781,2025-10-19,Mumbai,Central,Mumbai → Central,TransGo,Road,Standard,Clear,358.3,903.5,7.44,1.079,51.08,38.0,13.08,1,133.42,4.0
SH03782,2025-10-19,Kolkata,South,Kolkata → South,RapidFreight,Rail,Standard,Clear,529.9,1960.4,5.81,1.081,76.75,93.92,0.0,0,232.09,5.0
SH03783,2025-10-19,Bengaluru,North,Bengaluru → North,RapidFreight,Road,Standard,Clear,236.1,2407.5,8.89,1.078,60.1,71.15,0.0,0,327.84,5.0
SH03784,2025-10-19,Kolkata,North,Kolkata → North,TransGo,Road,Standard,Clear,185.9,1481.0,4.94,1.075,48.13,50.68,0.0,0,189.88,5.0
SH03785,2025-10-19,Bengaluru,North,Bengaluru → North,RapidFreight,Road,Standard,Clear,199.2,2077.9,5.94,1.085,49.94,63.26,0.0,0,342.79,5.0
SH03786,2025-10-20,Mumbai,Central,Mumbai → Central,BlueLine,Road,Standard,Clear,161.2,766.3,5.0,1.081,35.79,34.71,1.09,1,104.25,5.0
SH03787,2025-10-20,Nagpur,Central,Nagpur → Central,TransGo,Road,Express,Clear,332.0,299.2,5.56,1.071,16.1,18.2,0.0,0,72.01,4.0
SH03788,2025-10-20,Nagpur,West,Nagpur → West,RapidFreight,Road,Standard,Clear,197.9,923.1,6.18,1.079,24.41,34.44,0.0,0,183.25,5.0
SH03789,2025-10-20,Mumbai,Central,Mumbai → Central,SwiftMove,Rail,Standard,Clear,655.1,868.0,6.11,1.068,56.91,60.18,0.0,0,115.57,5.0
SH03790,2025-10-20,Bengaluru,North,Bengaluru → North,TransGo,Road,Standard,Clear,91.6,2306.5,5.1,1.074,58.46,68.73,0.0,0,249.14,5.0
SH03791,2025-10-20,Kolkata,South,Kolkata → South,SwiftMove,Road,Standard,Clear,557.9,1742.7,5.86,1.074,48.08,56.95,0.0,0,263.82,4.0
SH03792,2025-10-20,Delhi,West,Delhi → West,BlueLine,Air,Express,Fog,484.1,1321.3,6.82,1.075,33.56,30.19,3.37,1,666.55,5.0
SH03793,2025-10-20,Kolkata,West,Kolkata → West,SwiftMove,Road,Express,Clear,113.6,2190.1,6.5,1.071,52.71,58.23,0.0,0,337.45,4.0
SH03794,2025-10-20,Delhi,East,Delhi → East,BlueLine,Road,Standard,Clear,125.6,1599.5,6.09,1.077,46.79,52.37,0.0,0,211.1,5.0
SH03795,2025-10-20,Bengaluru,South,Bengaluru → South,BlueLine,Road,Standard,Clear,461.8,323.4,5.95,1.101,17.03,21.22,0.0,0,76.88,4.0
SH03796,2025-10-20,Kolkata,Central,Kolkata → Central,BlueLine,Air,Express,Rain,29.2,1183.3,5.25,1.078,30.66,31.09,0.0,0,188.04,4.0
SH03797,2025-10-20,Delhi,Central,Delhi → Central,SwiftMove,Road,Standard,Clear,1021.9,1120.6,8.21,1.097,44.12,40.9,3.22,1,199.16,5.0
SH03798,2025-10-21,Bengaluru,Central,Bengaluru → Central,SwiftMove,Rail,Standard,Clear,122.5,1043.7,4.06,1.082,53.44,62.91,0.0,0,102.13,5.0
SH03799,2025-10-21,Kolkata,South,Kolkata → South,SwiftMove,Road,Standard,Clear,545.6,2131.2,8.95,1.079,54.0,66.26,0.0,0,329.01,5.0
SH03800,2025-10-21,Kolkata,South,Kolkata → South,BlueLine,Road,Standard,Rain,629.2,1941.4,5.1,1.073,60.37,61.71,0.0,0,271.87,5.0
SH03801,2025-10-21,Mumbai,West,Mumbai → West,BlueLine,Road,Standard,Clear,113.0,50.8,7.92,1.065,21.46,17.57,3.89,1,23.73,4.0
SH03802,2025-10-21,Bengaluru,East,Bengaluru → East,RapidFreight,Road,Standard,Clear,75.0,1852.3,6.39,1.094,47.43,57.85,0.0,0,295.42,4.0
SH03803,2025-10-21,Bengaluru,South,Bengaluru → South,BlueLine,Road,Standard,Clear,,309.4,5.7,1.088,24.82,20.89,3.94,1,84.46,4.0
SH03804,2025-10-21,Delhi,Central,Delhi → Central,SwiftMove,Road,Express,Clear,327.1,1090.4,9.72,1.084,36.42,35.47,0.95,1,221.38,5.0
SH03805,2025-10-21,Mumbai,West,Mumbai → West,BlueLine,Road,Standard,Rain,147.2,152.2,7.83,1.072,29.76,20.0,9.76,1,37.09,5.0
SH03806,2025-10-21,Mumbai,South,Mumbai → South,SwiftMove,Rail,Standard,Storm,282.1,920.8,6.95,1.075,63.67,61.87,1.8,1,108.86,5.0
SH03807,2025-10-21,Mumbai,North,Mumbai → North,RapidFreight,Rail,Standard,Clear,371.7,1600.1,6.32,1.069,68.38,83.57,0.0,0,206.62,5.0
SH03808,2025-10-21,Delhi,South,Delhi → South,BlueLine,Road,Standard,Clear,1313.0,2275.3,5.09,1.074,60.07,68.56,0.0,0,440.15,4.0
SH03809,2025-10-21,Bengaluru,East,Bengaluru → East,TransGo,Road,Express,Clear,47.7,1925.4,6.77,1.079,50.63,51.3,0.0,0,269.76,4.0
SH03810,2025-10-21,Delhi,South,Delhi → South,SwiftMove,Rail,Standard,Fog,91.1,2091.4,5.04,1.097,89.08,96.96,0.0,0,187.08,5.0
SH03811,2025-10-21,Bengaluru,West,Bengaluru → West,RapidFreight,Rail,Standard,Fog,110.3,1082.7,5.71,1.071,62.43,64.16,0.0,0,121.51,5.0
SH03812,2025-10-21,Bengaluru,Central,Bengaluru → Central,RapidFreight,Road,Express,Clear,100.8,991.7,4.15,1.093,21.26,32.96,0.0,0,185.08,5.0
SH03813,2025-10-21,Delhi,North,Delhi → North,RapidFreight,Road,Standard,Rain,87.9,257.3,7.69,1.068,23.51,20.22,3.29,1,61.41,5.0
SH03814,2025-10-21,Mumbai,West,Mumbai → West,RapidFreight,Road,Express,Clear,81.3,279.9,7.07,1.078,21.32,21.85,0.0,0,89.52,5.0
SH03815,2025-10-22,Nagpur,North,Nagpur → North,BlueLine,Rail,Standard,Clear,157.8,1140.0,6.13,1.076,49.92,64.84,0.0,0,120.87,5.0
SH03816,2025-10-22,Mumbai,West,Mumbai → West,TransGo,Road,Standard,Clear,969.2,335.3,5.1,1.087,30.53,24.38,6.15,1,103.01,4.0
SH03817,2025-10-22,Delhi,North,Delhi → North,TransGo,Road,Express,Rain,240.4,144.7,6.04,1.085,22.38,16.89,5.48,1,48.6,4.0
SH03818,2025-10-22,Kolkata,South,Kolkata → South,TransGo,Road,Standard,Clear,496.5,1732.8,6.98,1.072,56.21,56.71,0.0,0,216.25,5.0
SH03819,2025-10-22,Bengaluru,West,Bengaluru → West,TransGo,Air,Express,Clear,123.1,910.0,5.25,1.079,33.12,28.89,4.24,1,259.05,4.0
SH03820,2025-10-22,Kolkata,West,Kolkata → West,SwiftMove,Rail,Standard,Clear,144.0,2088.9,6.86,1.078,82.48,98.03,0.0,0,166.99,5.0
SH03821,2025-10-22,Mumbai,South,Mumbai → South,TransGo,Road,Express,Clear,638.3,950.3,9.16,1.094,43.51,35.02,8.49,1,160.92,4.0
SH03822,2025-10-22,Bengaluru,East,Bengaluru → East,RapidFreight,Rail,Standard,Clear,1455.3,2031.7,6.76,1.093,92.1,94.48,0.0,0,321.83,4.0
SH03823,2025-10-22,Delhi,West,Delhi → West,SwiftMove,Road,Standard,Clear,201.1,1536.9,7.32,1.069,52.65,50.87,1.78,1,203.2,5.0
SH03824,2025-10-22,Delhi,West,Delhi → West,SwiftMove,Rail,Standard,Clear,264.3,1543.8,4.97,1.079,70.44,79.47,0.0,0,145.72,5.0
SH03825,2025-10-22,Kolkata,West,Kolkata → West,SwiftMove,Road,Standard,Rain,90.1,1904.9,7.45,1.059,52.59,60.84,0.0,0,253.18,5.0
SH03826,2025-10-22,Delhi,East,Delhi → East,SwiftMove,Air,Express,Clear,193.7,1458.1,7.58,1.083,25.32,30.43,0.0,0,530.38,5.0
SH03827,2025-10-22,Nagpur,West,Nagpur → West,BlueLine,Road,Standard,Clear,70.1,884.9,7.43,1.07,27.98,33.53,0.0,0,106.19,4.0
SH03828,2025-10-22,Delhi,West,Delhi → West,RapidFreight,Road,Standard,Clear,177.5,1427.8,4.49,1.071,37.18,48.26,0.0,0,239.51,5.0
SH03829,2025-10-22,Delhi,North,Delhi → North,TransGo,Road,Standard,Rain,231.2,255.1,6.42,1.082,26.91,20.16,6.75,1,51.59,5.0
SH03830,2025-10-22,Bengaluru,Central,Bengaluru → Central,RapidFreight,Air,Express,Clear,240.8,1042.2,6.01,1.061,21.82,29.12,0.0,0,512.48,5.0
SH03831,2025-10-22,Bengaluru,West,Bengaluru → West,TransGo,Rail,Standard,Clear,318.3,1062.6,5.59,1.086,62.88,63.52,0.0,0,97.94,4.0
SH03832,2025-10-22,Mumbai,South,Mumbai → South,BlueLine,Road,Standard,Rain,362.6,937.3,4.39,1.077,42.75,38.81,3.94,1,137.5,4.0
SH03833,2025-10-22,Mumbai,Central,Mumbai → Central,SwiftMove,Road,Express,Clear,233.8,895.9,5.82,1.07,31.08,33.95,0.0,0,134.1,5.0
SH03834,2025-10-22,Mumbai,North,Mumbai → North,SwiftMove,Road,Standard,Clear,436.1,1332.6,5.76,1.086,40.6,48.28,0.0,0,198.3,5.0
SH03835,2025-10-22,Mumbai,West,Mumbai → West,SwiftMove,Road,Standard,Clear,198.5,160.2,8.18,1.086,21.77,20.19,1.59,1,49.02,4.0
SH03836,2025-10-22,Kolkata,West,Kolkata → West,BlueLine,Rail,Standard,Clear,176.7,2024.9,8.59,1.076,88.1,95.98,0.0,0,175.71,5.0
SH03837,2025-10-22,Mumbai,North,Mumbai → North,SwiftMove,Road,Express,Rain,686.1,1476.4,7.18,1.103,46.81,45.35,1.45,1,315.83,5.0
SH03838,2025-10-23,Delhi,South,Delhi → South,RapidFreight,Road,Express,Rain,708.6,2328.1,8.13,1.073,53.04,59.79,0.0,0,464.35,5.0
SH03839,2025-10-23,Delhi,East,Delhi → East,BlueLine,Road,Express,Clear,335.2,1630.8,6.2,1.071,36.53,46.09,0.0,0,221.22,5.0
SH03840,2025-10-23,Mumbai,Central,Mumbai → Central,TransGo,Road,Standard,Clear,343.2,821.6,7.25,1.061,38.28,36.03,2.24,1,128.32,4.0
SH03841,2025-10-23,Kolkata,South,Kolkata → South,BlueLine,Road,Standard,Clear,219.1,2044.6,5.29,1.083,58.89,64.19,0.0,0,292.21,4.0
SH03842,2025-10-23,Mumbai,Central,Mumbai → Central,BlueLine,Road,Express,Clear,723.4,769.3,7.34,1.071,34.83,31.46,3.37,1,167.13,4.0
SH03843,2025-10-23,Mumbai,North,Mumbai → North,TransGo,Road,Standard,Clear,184.2,1500.4,5.04,1.087,53.03,52.3,0.74,1,173.05,5.0
SH03844,2025-10-23,Delhi,South,Delhi → South,TransGo,Road,Standard,Clear,1915.2,1991.5,5.9,1.089,67.57,61.76,5.81,1,311.8,5.0
SH03845,2025-10-23,Bengaluru,South,Bengaluru → South,BlueLine,Road,Standard,Clear,560.7,222.6,5.9,1.085,14.81,18.81,0.0,0,65.37,5.0
SH03846,2025-10-23,Bengaluru,South,Bengaluru → South,RapidFreight,Road,Standard,Clear,195.8,226.0,7.15,1.068,12.65,18.89,0.0,0,69.77,5.0
SH03847,2025-10-23,Kolkata,East,Kolkata → East,TransGo,Road,Standard,Clear,377.3,273.9,7.17,1.078,24.98,21.76,3.22,1,71.59,4.0
SH03848,2025-10-23,Delhi,North,Delhi → North,BlueLine,Road,Standard,Clear,266.7,66.7,6.33,1.075,15.04,15.65,0.0,0,41.21,5.0
SH03849,2025-10-23,Delhi,North,Delhi → North,RapidFreight,Road,Standard,Clear,69.7,42.5,5.36,1.053,11.32,15.07,0.0,0,26.06,5.0
SH03850,2025-10-23,Nagpur,Central,Nagpur → Central,BlueLine,Road,Standard,Clear,614.5,84.5,6.31,1.08,11.61,14.35,0.0,0,53.95,5.0
SH03851,2025-10-23,Mumbai,North,Mumbai → North,SwiftMove,Road,Standard,Clear,81.7,1556.5,7.61,1.074,57.29,53.64,3.65,1,245.79,4.0
SH03852,2025-10-23,Bengaluru,North,Bengaluru → North,SwiftMove,Road,Express,Clear,25.8,2254.9,2.19,1.058,38.75,57.77,0.0,0,330.11,5.0
SH03853,2025-10-23,Delhi,South,Delhi → South,RapidFreight,Road,Express,Clear,104.6,2346.6,6.11,1.078,49.53,60.15,0.0,0,478.61,4.0
SH03854,2025-10-24,Delhi,West,Delhi → West,SwiftMove,Road,Express,Clear,455.9,1462.6,6.67,1.061,33.98,42.78,0.0,0,256.83,4.0
SH03855,2025-10-24,Delhi,West,Delhi → West,RapidFreight,Rail,Standard,Clear,485.0,1507.5,6.05,1.095,58.53,78.31,0.0,0,201.19,
SH03856,2025-10-24,Bengaluru,North,Bengaluru → North,BlueLine,Road,Standard,Rain,114.0,2297.7,5.45,1.09,63.83,68.52,0.0,0,286.13,5.0
SH03857,2025-10-24,Nagpur,North,Nagpur → North,RapidFreight,Rail,Standard,Rain,157.3,1079.6,5.23,1.073,46.4,62.91,0.0,0,114.23,
SH03858,2025-10-24,Nagpur,East,Nagpur → East,BlueLine,Rail,Standard,Clear,242.6,1079.9,4.69,1.086,49.08,62.92,0.0,0,105.85,5.0
SH03859,2025-10-24,Delhi,North,Delhi → North,TransGo,Road,Standard,Clear,,227.5,5.58,1.072,24.97,19.5,5.47,1,34.88,4.0
SH03860,2025-10-24,Mumbai,North,Mumbai → North,SwiftMove,Road,Standard,Clear,21.6,1502.8,7.29,1.087,54.26,52.36,1.91,1,213.54,5.0
SH03861,2025-10-24,Mumbai,North,Mumbai → North,TransGo,Road,Standard,Clear,132.8,1380.9,7.85,1.064,50.87,49.43,1.44,1,181.42,5.0
SH03862,2025-10-24,Nagpur,West,Nagpur → West,TransGo,Rail,Standard,Clear,165.9,886.1,6.05,1.081,59.7,56.73,2.96,1,91.85,4.0
SH03863,2025-10-24,Bengaluru,North,Bengaluru → North,SwiftMove,Road,Express,Clear,158.5,2262.9,6.43,1.075,50.7,57.93,0.0,0,361.32,4.0
SH03864,2025-10-24,Mumbai,Central,Mumbai → Central,BlueLine,Rail,Standard,Clear,195.5,788.3,7.63,1.076,55.37,57.63,0.0,0,93.4,4.0
SH03865,2025-10-24,Mumbai,South,Mumbai → South,RapidFreight,Road,Standard,Clear,146.4,911.9,8.3,1.096,33.26,38.2,0.0,0,163.78,5.0
SH03866,2025-10-24,Kolkata,West,Kolkata → West,SwiftMove,Road,Standard,Clear,533.7,2137.8,4.81,1.076,54.36,66.42,0.0,0,324.5,5.0
SH03867,2025-10-24,Bengaluru,West,Bengaluru → West,BlueLine,Rail,Standard,Clear,220.5,1123.6,5.02,1.06,58.99,65.47,0.0,0,109.02,5.0
SH03868,2025-10-24,Bengaluru,North,Bengaluru → North,SwiftMove,Road,Standard,Clear,1538.8,2467.8,4.26,1.078,62.62,72.6,0.0,0,472.85,5.0
SH03869,2025-10-25,Delhi,South,Delhi → South,TransGo,Road,Express,Clear,1548.5,2095.4,5.16,1.096,52.15,55.22,0.0,0,409.06,4.0
SH03870,2025-10-25,Mumbai,South,Mumbai → South,SwiftMove,Road,Standard,Clear,616.6,940.8,6.09,1.068,38.62,38.89,0.0,0,159.91,5.0
SH03871,2025-10-25,Mumbai,South,Mumbai → South,BlueLine,Rail,Standard,Fog,213.5,1086.6,6.72,1.055,68.48,67.16,1.32,1,114.27,4.0
SH03872,2025-10-25,Nagpur,North,Nagpur → North,TransGo,Rail,Standard,Clear,278.3,1171.2,5.42,1.093,61.37,65.84,0.0,0,115.1,5.0
SH03873,2025-10-25,Bengaluru,North,Bengaluru → North,BlueLine,Road,Standard,Clear,249.6,2300.6,4.75,1.1,50.61,68.59,0.0,0,267.69,4.0
SH03874,2025-10-25,Delhi,West,Delhi → West,SwiftMove,Air,Express,Clear,217.1,1548.1,4.34,1.076,23.08,30.59,0.0,0,486.37,5.0
SH03875,2025-10-25,Bengaluru,South,Bengaluru → South,RapidFreight,Road,Express,Clear,217.8,40.7,7.25,1.088,9.69,14.28,0.0,0,47.12,4.0
SH03876,2025-10-25,Nagpur,North,Nagpur → North,SwiftMove,Road,Standard,Rain,214.2,1044.5,5.9,1.081,33.48,37.35,0.0,0,164.53,5.0
SH03877,2025-10-25,Kolkata,West,Kolkata → West,BlueLine,Road,Standard,Clear,182.4,2043.3,7.39,1.102,56.76,64.15,0.0,0,287.89,5.0
SH03878,2025-10-26,Delhi,Central,Delhi → Central,SwiftMove,Road,Standard,Clear,1082.3,1091.6,6.94,1.074,36.92,40.2,0.0,0,232.61,4.0
SH03879,2025-10-26,Mumbai,West,Mumbai → West,RapidFreight,Road,Standard,Clear,346.2,199.6,6.16,1.088,18.7,21.13,0.0,0,74.66,5.0
SH03880,2025-10-26,Bengaluru,North,Bengaluru → North,TransGo,Road,Standard,Clear,81.4,2022.1,6.27,1.077,49.29,61.92,0.0,0,263.04,5.0
SH03881,2025-10-26,Bengaluru,South,Bengaluru → South,SwiftMove,Road,Standard,Fog,117.2,127.2,5.05,1.098,14.65,16.52,0.0,0,36.06,5.0
SH03882,2025-10-26,Mumbai,East,Mumbai → East,RapidFreight,Road,Standard,Clear,465.5,2098.1,9.65,1.073,59.1,66.62,0.0,0,419.9,4.0
SH03883,2025-10-26,Kolkata,West,Kolkata → West,TransGo,Road,Standard,Clear,202.2,2287.1,8.06,1.083,59.34,69.99,0.0,0,270.93,4.0
SH03884,2025-10-26,Delhi,South,Delhi → South,TransGo,Road,Standard,Rain,403.7,2254.9,5.77,1.071,69.55,68.07,1.47,1,264.04,5.0
SH03885,2025-10-26,Mumbai,East,Mumbai → East,SwiftMove,Rail,Standard,Fog,95.3,2026.0,4.69,1.075,85.3,97.17,0.0,0,163.45,5.0
SH03886,2025-10-26,Delhi,North,Delhi → North,RapidFreight,Road,Standard,Clear,228.3,347.8,7.45,1.081,18.17,22.38,0.0,0,97.18,5.0
SH03887,2025-10-26,Bengaluru,West,Bengaluru → West,SwiftMove,Road,Standard,Clear,172.3,1108.7,5.17,1.078,35.97,40.04,0.0,0,146.98,5.0
SH03888,2025-10-26,Delhi,West,Delhi → West,BlueLine,Road,Standard,Clear,212.6,1465.5,6.97,1.075,49.55,49.16,0.39,1,214.26,4.0
SH03889,2025-10-26,Delhi,Central,Delhi → Central,SwiftMove,Road,Standard,Rain,127.4,1131.3,6.95,1.094,41.72,41.15,0.57,1,160.08,5.0
SH03890,2025-10-27,Nagpur,West,Nagpur → West,TransGo,Road,Standard,Clear,110.3,924.8,5.02,1.086,29.33,34.48,0.0,0,111.93,4.0
SH03891,2025-10-27,Mumbai,North,Mumbai → North,RapidFreight,Road,Standard,Rain,210.8,1547.7,7.46,1.078,56.06,53.43,2.63,1,270.82,5.0
SH03892,2025-10-27,Bengaluru,North,Bengaluru → North,SwiftMove,Rail,Standard,Clear,155.4,2418.7,3.8,1.084,92.19,106.84,0.0,0,198.28,5.0
SH03893,2025-10-27,Mumbai,West,Mumbai → West,BlueLine,Road,Express,Clear,114.3,107.2,5.23,1.066,20.6,18.46,2.14,1,35.04,5.0
SH03894,2025-10-27,Mumbai,Central,Mumbai → Central,SwiftMove,Road,Express,Clear,1699.3,935.2,6.44,1.082,37.1,34.72,2.38,1,289.84,5.0
SH03895,2025-10-27,Delhi,North,Delhi → North,SwiftMove,Road,Express,Clear,1111.0,260.7,5.24,1.07,15.71,19.17,0.0,0,147.41,3.0
SH03896,2025-10-27,Mumbai,South,Mumbai → South,RapidFreight,Road,Express,Clear,391.5,965.5,7.86,1.079,34.32,35.32,0.0,0,237.58,5.0
SH03897,2025-10-27,Delhi,East,Delhi → East,BlueLine,Rail,Standard,Clear,222.1,1634.0,6.6,1.079,66.75,82.35,0.0,0,151.44,5.0
SH03898,2025-10-27,Mumbai,Central,Mumbai → Central,BlueLine,Rail,Standard,Clear,471.3,780.8,4.98,1.073,58.9,57.39,1.5,1,89.8,4.0
SH03899,2025-10-27,Mumbai,West,Mumbai → West,BlueLine,Road,Express,Clear,197.3,131.1,5.87,1.075,20.52,18.93,1.59,1,41.69,4.0
SH03900,2025-10-27,Delhi,West,Delhi → West,RapidFreight,Rail,Standard,Clear,1555.4,1310.7,8.54,1.086,60.19,72.02,0.0,0,225.54,4.0
SH03901,2025-10-27,Nagpur,Central,Nagpur → Central,RapidFreight,Road,Standard,Rain,102.5,279.3,6.57,1.102,18.34,19.02,0.0,0,74.65,4.0
SH03902,2025-10-27,Bengaluru,South,Bengaluru → South,TransGo,Road,Express,Clear,34.0,126.1,6.41,1.08,17.92,15.95,1.97,1,34.56,5.0
SH03903,2025-10-27,Bengaluru,Central,Bengaluru → Central,SwiftMove,Road,Express,Clear,179.4,1112.7,7.13,1.071,33.63,35.34,0.0,0,191.36,5.0
SH03904,2025-10-27,Mumbai,East,Mumbai → East,SwiftMove,Road,Express,Clear,298.1,2006.6,7.56,1.08,58.91,55.77,3.14,1,337.83,5.0
SH03905,2025-10-27,Delhi,South,Delhi → South,SwiftMove,Road,Standard,Rain,622.6,2063.0,6.29,1.084,53.98,63.48,0.0,0,360.5,4.0
SH03906,2025-10-28,Delhi,South,Delhi → South,TransGo,Rail,Standard,Clear,341.2,2172.1,3.7,1.076,92.66,99.54,0.0,0,168.86,5.0
SH03907,2025-10-28,Mumbai,South,Mumbai → South,TransGo,Rail,Standard,Clear,364.1,1007.7,10.0,1.09,65.82,64.64,1.18,1,91.46,5.0
SH03908,2025-10-28,Nagpur,East,Nagpur → East,BlueLine,Road,Standard,Clear,32.3,1137.6,6.68,1.099,42.18,39.58,2.6,1,138.71,5.0
SH03909,2025-10-28,Delhi,East,Delhi → East,SwiftMove,Air,Express,Clear,447.7,1574.1,5.69,1.088,23.99,30.63,0.0,0,812.37,5.0
SH03910,2025-10-28,Delhi,North,Delhi → North,RapidFreight,Road,Standard,Clear,433.2,321.8,4.8,1.073,15.09,21.76,0.0,0,84.41,4.0
SH03911,2025-10-28,Delhi,South,Delhi → South,BlueLine,Road,Standard,Clear,52.9,2409.6,5.9,1.081,62.36,71.78,0.0,0,257.88,5.0
SH03912,2025-10-28,Mumbai,Central,Mumbai → Central,BlueLine,Rail,Standard,Clear,80.4,846.9,10.0,1.087,51.02,59.5,0.0,0,76.5,4.0
SH03913,2025-10-28,Delhi,West,Delhi → West,BlueLine,Road,Express,Clear,451.7,1342.4,5.73,1.082,35.99,40.42,0.0,0,233.59,5.0
SH03914,2025-10-28,Mumbai,West,Mumbai → West,SwiftMove,Road,Standard,Fog,40.5,297.3,5.57,1.073,32.42,23.47,8.95,1,55.82,5.0
SH03915,2025-10-28,Bengaluru,Central,Bengaluru → Central,TransGo,Air,Express,Clear,159.7,968.2,7.27,1.101,23.5,28.99,0.0,0,309.6,5.0
SH03916,2025-11-01,Mumbai,West,Mumbai → West,BlueLine,Road,Standard,Clear,239.3,169.2,8.56,1.109,25.41,20.4,5.01,1,46.94,4.0
SH03917,2025-11-01,Bengaluru,Central,Bengaluru → Central,TransGo,Rail,Standard,Clear,163.5,975.4,5.46,1.106,53.82,60.73,0.0,0,85.39,4.0
SH03918,2025-11-01,Bengaluru,South,Bengaluru → South,SwiftMove,Road,Standard,Clear,647.0,259.6,7.89,1.09,19.68,19.69,0.0,0,76.4,5.0
SH03919,2025-11-01,Kolkata,North,Kolkata → North,RapidFreight,Road,Standard,Clear,189.6,1623.0,4.74,1.1,36.29,54.09,0.0,0,257.41,4.0
SH03920,2025-11-01,Delhi,West,Delhi → West,TransGo,Rail,Standard,Clear,559.3,1373.6,4.21,1.101,72.62,74.03,0.0,0,142.92,5.0
SH03921,2025-11-01,Delhi,West,Delhi → West,SwiftMove,Road,Express,Clear,417.2,1496.6,7.53,1.102,35.84,43.45,0.0,0,260.02,5.0
SH03922,2025-11-01,Kolkata,North,Kolkata → North,TransGo,Rail,Standard,Clear,79.7,1470.7,3.79,1.094,76.23,78.28,0.0,0,128.28,5.0
SH03923,2025-11-01,Bengaluru,East,Bengaluru → East,SwiftMove,Road,Standard,Rain,81.8,1739.8,5.12,1.108,47.17,55.16,0.0,0,228.43,3.0
SH03924,2025-11-01,Mumbai,East,Mumbai → East,TransGo,Rail,Standard,Clear,1709.5,1895.2,5.15,1.093,92.29,92.99,0.0,0,218.16,4.0
SH03925,2025-11-01,Mumbai,North,Mumbai → North,TransGo,Road,Standard,Clear,314.3,1295.2,7.98,1.123,51.49,47.38,4.11,1,173.46,4.0
SH03926,2025-11-01,Mumbai,West,Mumbai → West,SwiftMove,Road,Standard,Clear,35.7,53.9,6.61,1.096,18.35,17.64,0.71,1,20.11,4.0
SH03927,2025-11-01,Mumbai,North,Mumbai → North,SwiftMove,Road,Standard,Clear,691.2,1465.7,9.0,1.096,45.55,51.47,0.0,0,247.23,4.0
SH03928,2025-11-01,Delhi,East,Delhi → East,RapidFreight,Road,Standard,Clear,231.4,1515.5,4.49,1.103,47.07,50.36,0.0,0,248.48,5.0
SH03929,2025-11-01,Bengaluru,East,Bengaluru → East,SwiftMove,Rail,Standard,Clear,362.7,2016.4,6.27,1.1,77.87,93.99,0.0,0,218.19,5.0
SH03930,2025-11-01,Delhi,Central,Delhi → Central,TransGo,Rail,Standard,Storm,312.1,1133.1,5.09,1.085,69.08,66.35,2.73,1,107.47,4.0
SH03931,2025-11-01,Mumbai,North,Mumbai → North,TransGo,Rail,Standard,Rain,927.0,1506.3,6.11,1.109,82.66,80.57,2.09,1,142.94,4.0
SH03932,2025-11-01,Mumbai,Central,Mumbai → Central,SwiftMove,Road,Standard,Clear,100.8,771.9,6.75,1.087,33.13,34.84,0.0,0,122.19,5.0
SH03933,2025-11-02,Nagpur,West,Nagpur → West,BlueLine,Road,Express,Clear,87.3,819.3,6.32,1.109,29.09,28.42,0.67,1,132.86,5.0
SH03934,2025-11-02,Kolkata,South,Kolkata → South,TransGo,Road,Standard,Clear,52.5,1920.0,4.2,1.111,58.03,61.2,0.0,0,213.0,5.0
SH03935,2025-11-02,Nagpur,South,Nagpur → South,TransGo,Road,Express,Clear,105.7,1055.0,4.86,1.105,31.68,33.05,0.0,0,160.01,4.0
SH03936,2025-11-02,Mumbai,East,Mumbai → East,RapidFreight,Road,Standard,Clear,311.0,2116.1,7.22,1.118,62.74,67.05,0.0,0,347.19,5.0
SH03937,2025-11-02,Delhi,South,Delhi → South,RapidFreight,Road,Standard,Clear,900.4,2401.2,7.79,1.114,58.84,71.58,0.0,0,482.05,5.0
SH03938,2025-11-02,Delhi,North,Delhi → North,SwiftMove,Road,Standard,Rain,598.8,203.9,9.01,1.105,23.7,18.94,4.77,1,93.57,5.0
SH03939,2025-11-02,Delhi,North,Delhi → North,RapidFreight,Road,Standard,Clear,87.7,76.2,5.71,1.087,10.35,15.87,0.0,0,37.64,
SH03940,2025-11-02,Mumbai,East,Mumbai → East,RapidFreight,Road,Express,Clear,292.5,1982.6,7.47,1.093,61.98,55.3,6.68,1,458.99,4.0
SH03941,2025-11-02,Nagpur,East,Nagpur → East,SwiftMove,Rail,Standard,Rain,331.2,1053.9,4.89,1.1,49.02,62.09,0.0,0,118.4,4.0
SH03942,2025-11-02,Delhi,West,Delhi → West,BlueLine,Rail,Standard,Clear,285.4,1307.8,4.9,1.118,55.21,71.93,0.0,0,108.55,5.0
SH03943,2025-11-02,Nagpur,Central,Nagpur → Central,SwiftMove,Road,Standard,Clear,560.7,208.2,6.79,1.098,12.93,17.31,0.0,0,84.44,4.0
SH03944,2025-11-02,Mumbai,North,Mumbai → North,BlueLine,Road,Standard,Clear,868.5,1507.1,4.45,1.087,42.71,52.46,0.0,0,258.4,5.0
SH03945,2025-11-02,Kolkata,West,Kolkata → West,BlueLine,Rail,Standard,Clear,139.2,2118.1,10.0,1.086,86.61,98.96,0.0,0,169.31,5.0
SH03946,2025-11-02,Nagpur,Central,Nagpur → Central,SwiftMove,Road,Standard,Clear,33.3,216.5,5.71,1.097,10.99,17.51,0.0,0,43.05,5.0
SH03947,2025-11-02,Kolkata,Central,Kolkata → Central,BlueLine,Road,Standard,Rain,225.7,1064.3,6.49,1.089,38.27,40.7,0.0,0,174.34,5.0
SH03948,2025-11-02,Mumbai,Central,Mumbai → Central,BlueLine,Rail,Standard,Clear,289.5,763.7,7.39,1.097,59.26,56.85,2.42,1,101.12,4.0
SH03949,2025-11-02,Delhi,East,Delhi → East,BlueLine,Rail,Standard,Fog,374.9,1601.6,7.96,1.118,79.98,81.31,0.0,0,141.86,4.0
SH03950,2025-11-02,Mumbai,Central,Mumbai → Central,TransGo,Road,Standard,Fog,779.6,832.8,6.49,1.105,48.56,36.3,12.25,1,169.7,4.0
SH03951,2025-11-02,Mumbai,South,Mumbai → South,RapidFreight,Road,Express,Clear,161.0,1083.8,5.61,1.13,35.78,37.64,0.0,0,220.98,5.0
SH03952,2025-11-03,Delhi,Central,Delhi → Central,RapidFreight,Air,Express,Clear,94.5,1053.1,5.87,1.109,20.79,29.71,0.0,0,351.96,5.0
SH03953,2025-11-03,Delhi,North,Delhi → North,TransGo,Road,Express,Clear,203.0,79.4,5.03,1.111,16.49,15.61,0.88,1,36.78,4.0
SH03954,2025-11-03,Mumbai,North,Mumbai → North,BlueLine,Road,Standard,Rain,285.6,1427.3,10.0,1.1,57.4,50.55,6.85,1,211.52,4.0
SH03955,2025-11-03,Kolkata,West,Kolkata → West,SwiftMove,Rail,Standard,Clear,422.3,2298.2,4.42,1.084,93.71,104.72,0.0,0,211.97,5.0
SH03956,2025-11-03,Delhi,East,Delhi → East,RapidFreight,Road,Standard,Clear,979.7,1486.3,6.73,1.103,41.01,49.66,0.0,0,330.57,5.0
SH03957,2025-11-03,Mumbai,South,Mumbai → South,TransGo,Road,Standard,Clear,362.6,1124.4,10.0,1.105,44.64,43.29,1.35,1,151.88,4.0
SH03958,2025-11-03,Bengaluru,West,Bengaluru → West,BlueLine,Road,Express,Clear,1575.1,984.8,6.3,1.081,27.96,32.82,0.0,0,266.56,5.0
SH03959,2025-11-03,Kolkata,South,Kolkata → South,RapidFreight,Road,Standard,Clear,166.6,2121.7,6.23,1.109,50.91,66.03,0.0,0,314.1,
SH03960,2025-11-03,Mumbai,West,Mumbai → West,SwiftMove,Road,Standard,Clear,170.8,154.1,9.28,1.094,25.25,20.04,5.21,1,41.23,5.0
SH03961,2025-11-03,Kolkata,North,Kolkata → North,BlueLine,Road,Express,Clear,750.9,1696.8,5.49,1.104,40.72,48.54,0.0,0,294.92,5.0
SH03962,2025-11-03,Bengaluru,West,Bengaluru → West,BlueLine,Road,Standard,Clear,149.0,1072.6,6.66,1.106,28.34,39.17,0.0,0,152.33,5.0
SH03963,2025-11-03,Mumbai,North,Mumbai → North,TransGo,Road,Standard,Fog,21.4,1338.8,5.81,1.11,55.37,48.43,6.95,1,164.56,4.0
SH03964,2025-11-03,Mumbai,Central,Mumbai → Central,RapidFreight,Rail,Standard,Clear,242.6,864.9,5.92,1.098,50.97,60.08,0.0,0,127.01,4.0
SH03965,2025-11-03,Mumbai,North,Mumbai → North,SwiftMove,Air,Express,Clear,76.9,1478.5,7.42,1.088,29.82,32.77,0.0,0,304.92,4.0
SH03966,2025-11-03,Mumbai,North,Mumbai → North,BlueLine,Road,Standard,Clear,119.7,1535.4,7.18,1.124,47.48,53.14,0.0,0,189.14,4.0
SH03967,2025-11-03,Bengaluru,North,Bengaluru → North,SwiftMove,Road,Express,Storm,31.8,2389.6,6.37,1.115,61.63,60.42,1.21,1,469.91,5.0
SH03968,2025-11-03,Mumbai,West,Mumbai → West,SwiftMove,Road,Standard,Clear,315.5,64.3,6.04,1.103,20.14,17.89,2.25,1,43.0,4.0
SH03969,2025-11-03,Bengaluru,East,Bengaluru → East,BlueLine,Road,Standard,Clear,223.3,1793.7,6.46,1.096,46.6,56.45,0.0,0,247.8,4.0
SH03970,2025-11-03,Mumbai,South,Mumbai → South,BlueLine,Air,Express,Clear,184.2,1069.2,7.85,1.089,29.27,32.04,0.0,0,337.8,5.0
SH03971,2025-11-03,Delhi,Central,Delhi → Central,TransGo,Road,Standard,Clear,232.9,974.4,9.46,1.104,41.81,37.4,4.41,1,138.14,
SH03972,2025-11-03,Mumbai,West,Mumbai → West,RapidFreight,Road,Standard,Rain,265.7,228.6,7.46,1.098,29.71,21.83,7.88,1,79.26,
SH03973,2025-11-04,Delhi,North,Delhi → North,TransGo,Road,Standard,Clear,1522.1,104.9,5.29,1.111,20.19,16.56,3.63,1,98.59,4.0
SH03974,2025-11-04,Bengaluru,West,Bengaluru → West,BlueLine,Road,Standard,Clear,92.8,1023.5,2.58,1.1,26.74,38.0,0.0,0,131.19,5.0
SH03975,2025-11-04,Nagpur,South,Nagpur → South,BlueLine,Road,Express,Clear,241.1,945.6,4.26,1.09,25.93,30.9,0.0,0,167.98,5.0
SH03976,2025-11-04,Delhi,Central,Delhi → Central,SwiftMove,Rail,Standard,Clear,203.8,1123.3,4.81,1.105,55.59,66.03,0.0,0,99.54,5.0
SH03977,2025-11-04,Mumbai,South,Mumbai → South,BlueLine,Road,Express,Clear,362.0,955.7,8.26,1.096,35.2,35.13,0.07,1,163.64,5.0
SH03978,2025-11-04,Mumbai,East,Mumbai → East,BlueLine,Rail,Standard,Clear,80.4,2188.5,7.47,1.088,96.83,102.36,0.0,0,195.1,4.0
SH03979,2025-11-04,Nagpur,West,Nagpur → West,SwiftMove,Road,Standard,Clear,913.5,874.4,5.73,1.09,27.51,33.27,0.0,0,166.74,5.0
SH03980,2025-11-04,Bengaluru,North,Bengaluru → North,RapidFreight,Rail,Standard,Clear,395.9,2443.7,7.07,1.104,90.51,107.64,0.0,0,234.08,5.0
SH03981,2025-11-04,Kolkata,South,Kolkata → South,BlueLine,Road,Standard,Clear,405.9,2035.4,6.29,1.098,49.64,63.96,0.0,0,255.17,3.0
SH03982,2025-11-04,Bengaluru,South,Bengaluru → South,TransGo,Road,Standard,Rain,114.7,125.2,7.03,1.098,25.69,16.48,9.21,1,27.76,3.0
SH03983,2025-11-04,Mumbai,Central,Mumbai → Central,SwiftMove,Road,Standard,Clear,80.4,875.7,5.08,1.078,35.97,37.33,0.0,0,106.09,5.0
SH03984,2025-11-04,Kolkata,North,Kolkata → North,SwiftMove,Air,Express,Clear,1135.0,1653.7,2.98,1.105,23.79,31.93,0.0,0,1378.48,4.0
SH03985,2025-11-04,Delhi,Central,Delhi → Central,TransGo,Road,Express,Clear,75.0,1021.4,7.33,1.1,34.1,34.12,0.0,0,142.29,4.0
SH03986,2025-11-04,Delhi,West,Delhi → West,BlueLine,Road,Express,Clear,213.5,1560.2,6.39,1.091,42.79,44.7,0.0,0,233.82,5.0
SH03987,2025-11-04,Mumbai,West,Mumbai → West,RapidFreight,Road,Standard,Clear,1016.0,85.9,6.29,1.11,19.15,18.41,0.75,1,122.85,5.0
SH03988,2025-11-04,Mumbai,West,Mumbai → West,BlueLine,Road,Standard,Clear,101.1,152.4,7.73,1.08,22.15,20.0,2.15,1,33.64,5.0
SH03989,2025-11-04,Kolkata,East,Kolkata → East,RapidFreight,Road,Standard,Clear,223.4,86.4,8.05,1.094,12.06,17.27,0.0,0,48.65,5.0
SH03990,2025-11-04,Delhi,South,Delhi → South,BlueLine,Rail,Standard,Clear,365.3,2413.5,5.91,1.106,99.27,107.25,0.0,0,218.28,5.0
SH03991,2025-11-04,Mumbai,Central,Mumbai → Central,TransGo,Air,Express,Clear,74.6,827.5,6.94,1.085,35.05,31.61,3.44,1,246.27,5.0
SH03992,2025-11-04,Bengaluru,North,Bengaluru → North,SwiftMove,Rail,Standard,Rain,49.8,2117.0,5.1,1.11,87.42,97.2,0.0,0,193.64,4.0
SH03993,2025-11-04,Delhi,Central,Delhi → Central,SwiftMove,Road,Standard,Clear,279.9,1117.1,6.09,1.086,39.21,40.81,0.0,0,170.92,5.0
SH03994,2025-11-04,Kolkata,West,Kolkata → West,RapidFreight,Road,Standard,Clear,191.4,2195.8,6.15,1.093,51.35,67.81,0.0,0,343.36,5.0
SH03995,2025-11-04,Delhi,Central,Delhi → Central,TransGo,Rail,Standard,Clear,73.5,1076.3,7.03,1.099,54.49,64.53,0.0,0,90.87,5.0
SH03996,2025-11-05,Mumbai,West,Mumbai → West,RapidFreight,Road,Standard,Clear,772.2,85.3,9.84,1.097,21.48,18.39,3.09,1,90.31,5.0
SH03997,2025-11-05,Bengaluru,East,Bengaluru → East,BlueLine,Road,Standard,Clear,168.4,1754.3,8.3,1.085,49.73,55.51,0.0,0,270.62,5.0
SH03998,2025-11-05,Delhi,Central,Delhi → Central,SwiftMove,Road,Standard,Clear,685.2,1023.0,5.39,1.095,29.64,38.56,0.0,0,184.99,5.0
SH03999,2025-11-05,Kolkata,South,Kolkata → South,TransGo,Road,Standard,Clear,362.7,2068.7,6.8,1.09,64.01,64.76,0.0,0,278.07,4.0
SH04000,2025-11-05,Mumbai,South,Mumbai → South,SwiftMove,Rail,Standard,Fog,241.2,1062.2,7.08,1.111,86.91,66.38,20.53,1,109.25,4.0
SH04001,2025-11-05,Delhi,Central,Delhi → Central,SwiftMove,Rail,Standard,Clear,274.8,1099.5,6.42,1.111,50.49,65.27,0.0,0,115.76,5.0
SH04002,2025-11-05,Bengaluru,North,Bengaluru → North,SwiftMove,Road,Express,Clear,54.6,1989.3,5.3,1.09,39.55,52.56,0.0,0,328.99,5.0
SH04003,2025-11-05,Bengaluru,South,Bengaluru → South,BlueLine,Road,Express,Clear,105.4,348.7,7.37,1.097,16.55,20.33,0.0,0,73.15,4.0
SH04004,2025-11-05,Delhi,East,Delhi → East,BlueLine,Road,Standard,Fog,53.4,1431.0,6.25,1.076,50.84,48.34,2.5,1,197.74,
SH04005,2025-11-05,Delhi,South,Delhi → South,BlueLine,Rail,Standard,Storm,75.8,2170.0,6.39,1.069,107.01,99.47,7.54,1,191.7,5.0
SH04006,2025-11-05,Nagpur,West,Nagpur → West,RapidFreight,Road,Standard,Rain,336.2,934.8,6.23,1.115,29.33,34.72,0.0,0,175.61,
SH04007,2025-11-05,Mumbai,Central,Mumbai → Central,SwiftMove,Air,Express,Clear,547.7,811.5,7.05,1.104,30.69,31.59,0.0,0,922.82,5.0
SH04008,2025-11-05,Bengaluru,North,Bengaluru → North,TransGo,Road,Standard,Clear,78.4,2261.3,7.08,1.093,69.44,67.65,1.79,1,289.28,5.0
SH04009,2025-11-05,Mumbai,Central,Mumbai → Central,RapidFreight,Road,Standard,Rain,27.1,867.9,6.96,1.101,41.73,37.14,4.59,1,142.91,5.0
SH04010,2025-11-05,Nagpur,South,Nagpur → South,SwiftMove,Road,Standard,Clear,392.7,923.0,5.94,1.106,28.99,34.44,0.0,0,162.29,5.0
SH04011,2025-11-05,Nagpur,East,Nagpur → East,BlueLine,Air,Express,Fog,461.4,1259.9,3.84,1.098,34.6,28.35,6.25,1,689.21,4.0
SH04012,2025-11-05,Bengaluru,South,Bengaluru → South,SwiftMove,Road,Standard,Clear,138.0,291.7,4.02,1.104,13.63,20.46,0.0,0,51.43,5.0
SH04013,2025-11-05,Bengaluru,Central,Bengaluru → Central,RapidFreight,Road,Standard,Clear,252.7,1060.7,9.33,1.099,32.2,38.89,0.0,0,182.69,5.0
SH04014,2025-11-06,Delhi,East,Delhi → East,BlueLine,Road,Express,Rain,151.9,1533.1,5.24,1.111,43.22,44.17,0.0,0,230.73,5.0
SH04015,2025-11-06,Mumbai,South,Mumbai → South,BlueLine,Road,Express,Fog,484.7,954.0,6.57,1.094,41.15,35.09,6.06,1,170.86,5.0
SH04016,2025-11-06,Delhi,North,Delhi → North,SwiftMove,Road,Express,Clear,249.2,288.2,4.53,1.102,15.41,19.71,0.0,0,68.41,4.0
SH04017,2025-11-06,Delhi,West,Delhi → West,SwiftMove,Road,Standard,Rain,529.0,1436.1,6.53,1.095,44.87,48.46,0.0,0,228.74,5.0
SH04018,2025-11-06,Mumbai,West,Mumbai → West,BlueLine,Road,Standard,Clear,229.5,206.7,3.62,1.092,19.88,21.3,0.0,0,45.48,5.0
SH04019,2025-11-06,Mumbai,West,Mumbai → West,TransGo,Road,Standard,Clear,3273.5,291.2,6.75,1.105,32.51,23.33,9.18,1,205.61,5.0
SH04020,2025-11-06,Bengaluru,East,Bengaluru → East,BlueLine,Air,Express,Clear,122.1,1947.0,4.11,1.083,23.84,30.72,0.0,0,394.29,5.0
SH04021,2025-11-06,Bengaluru,West,Bengaluru → West,SwiftMove,Rail,Standard,Clear,669.3,916.5,4.47,1.084,60.55,58.85,1.7,1,104.5,5.0
SH04022,2025-11-06,Delhi,South,Delhi → South,SwiftMove,Road,Standard,Clear,195.5,2273.6,7.7,1.102,68.99,68.52,0.46,1,334.83,4.0
SH04023,2025-11-06,Bengaluru,North,Bengaluru → North,SwiftMove,Road,Standard,Clear,202.6,2114.8,5.4,1.117,53.86,64.14,0.0,0,296.91,4.0
SH04024,2025-11-06,Bengaluru,North,Bengaluru → North,SwiftMove,Road,Standard,Clear,305.6,2186.5,4.68,1.125,48.85,65.86,0.0,0,310.57,4.0
SH04025,2025-11-06,Kolkata,North,Kolkata → North,TransGo,Air,Express,Fog,45.5,1447.8,2.73,1.09,37.59,31.56,6.02,1,224.51,4.0
SH04026,2025-11-06,Bengaluru,Central,Bengaluru → Central,SwiftMove,Road,Standard,Clear,331.4,1043.8,5.94,1.109,32.02,38.48,0.0,0,165.2,5.0
SH04027,2025-11-06,Mumbai,Central,Mumbai → Central,RapidFreight,Road,Standard,Clear,113.4,799.9,7.36,1.101,33.28,35.52,0.0,0,146.17,5.0
SH04028,2025-11-06,Delhi,South,Delhi → South,SwiftMove,Road,Standard,Clear,66.7,2368.2,9.22,1.101,76.19,70.79,5.4,1,311.59,5.0
SH04029,2025-11-06,Delhi,West,Delhi → West,BlueLine,Road,Express,Clear,196.6,1514.6,5.16,1.107,34.04,43.81,0.0,0,251.34,4.0
SH04030,2025-11-06,Mumbai,West,Mumbai → West,SwiftMove,Road,Express,Clear,343.9,298.1,6.83,1.075,22.26,22.21,0.06,1,85.57,3.0
SH04031,2025-11-07,Delhi,South,Delhi → South,RapidFreight,Road,Standard,Clear,58.6,2446.6,6.75,1.1,60.4,72.67,0.0,0,381.19,5.0
SH04032,2025-11-07,Mumbai,West,Mumbai → West,TransGo,Road,Standard,Storm,886.2,195.7,3.61,1.097,43.2,21.04,22.16,1,88.56,4.0
SH04033,2025-11-07,Mumbai,East,Mumbai → East,TransGo,Road,Standard,Clear,142.4,2164.3,9.34,1.099,67.74,68.2,0.0,0,258.57,
SH04034,2025-11-07,Kolkata,Central,Kolkata → Central,BlueLine,Road,Express,Clear,1787.9,1218.8,5.04,1.092,32.94,39.14,0.0,0,317.34,3.0
SH04035,2025-11-07,Delhi,South,Delhi → South,TransGo,Road,Standard,Clear,422.6,2096.1,7.31,1.106,65.57,64.27,1.31,1,302.95,5.0
SH04036,2025-11-07,Nagpur,South,Nagpur → South,BlueLine,Air,Express,Fog,243.9,931.0,7.96,1.098,31.87,27.77,4.1,1,454.68,4.0
SH04037,2025-11-07,Bengaluru,Central,Bengaluru → Central,SwiftMove,Road,Standard,Clear,256.3,1083.2,5.29,1.079,34.06,39.43,0.0,0,153.54,5.0
SH04038,2025-11-07,Delhi,North,Delhi → North,BlueLine,Road,Standard,Clear,181.0,173.9,6.84,1.109,16.33,18.22,0.0,0,45.65,4.0
SH04039,2025-11-07,Bengaluru,Central,Bengaluru → Central,TransGo,Road,Standard,Clear,303.6,951.5,7.42,1.073,33.64,36.27,0.0,0,150.58,5.0
SH04040,2025-11-07,Mumbai,North,Mumbai → North,RapidFreight,Air,Express,Clear,42.3,1326.2,10.0,1.114,30.24,32.5,0.0,0,322.9,4.0
SH04041,2025-11-07,Mumbai,West,Mumbai → West,TransGo,Road,Standard,Clear,291.9,247.9,8.37,1.094,33.71,22.29,11.42,1,56.34,3.0
SH04042,2025-11-07,Bengaluru,South,Bengaluru → South,RapidFreight,Road,Standard,Rain,14.9,337.4,7.81,1.111,18.68,21.56,0.0,0,65.77,4.0
SH04043,2025-11-07,Mumbai,West,Mumbai → West,BlueLine,Road,Standard,Fog,160.7,69.7,7.73,1.107,34.17,18.02,16.15,1,29.13,4.0
SH04044,2025-11-07,Bengaluru,North,Bengaluru → North,BlueLine,Air,Express,Rain,349.0,2245.4,5.7,1.091,35.22,31.25,3.98,1,587.22,4.0
SH04045,2025-11-07,Nagpur,East,Nagpur → East,SwiftMove,Rail,Standard,Clear,317.7,1140.9,5.0,1.101,51.49,64.87,0.0,0,114.33,5.0
SH04046,2025-11-07,Kolkata,Central,Kolkata → Central,SwiftMove,Road,Standard,Clear,1487.4,1113.9,5.29,1.105,37.13,41.89,0.0,0,240.45,5.0
SH04047,2025-11-07,Mumbai,West,Mumbai → West,SwiftMove,Road,Standard,Rain,240.6,285.7,5.36,1.11,27.59,23.19,4.39,1,58.14,5.0
SH04048,2025-11-08,Mumbai,North,Mumbai → North,BlueLine,Road,Standard,Rain,32.1,1465.1,5.28,1.092,52.71,51.45,1.26,1,165.21,4.0
SH04049,2025-11-08,Nagpur,East,Nagpur → East,SwiftMove,Road,Standard,Rain,68.6,1020.0,5.4,1.117,30.99,36.76,0.0,0,154.02,5.0
SH04050,2025-11-08,Delhi,West,Delhi → West,SwiftMove,Road,Express,Clear,110.4,1606.2,3.68,1.085,41.01,45.61,0.0,0,324.36,5.0
SH04051,2025-11-08,Delhi,East,Delhi → East,TransGo,Road,Standard,Rain,497.3,1475.5,7.35,1.105,56.27,49.4,6.87,1,185.5,4.0
SH04052,2025-11-08,Kolkata,Central,Kolkata → Central,BlueLine,Road,Standard,Clear,256.6,1172.4,6.97,1.111,35.0,43.29,0.0,0,172.95,4.0
SH04053,2025-11-08,Bengaluru,South,Bengaluru → South,RapidFreight,Road,Standard,Clear,389.1,276.4,8.46,1.105,17.59,20.1,0.0,0,105.23,5.0
SH04054,2025-11-08,Delhi,South,Delhi → South,BlueLine,Road,Express,Clear,959.2,2050.3,4.75,1.108,51.78,54.33,0.0,0,349.81,5.0
SH04055,2025-11-08,Bengaluru,Central,Bengaluru → Central,BlueLine,Rail,Standard,Rain,506.7,1098.9,6.77,1.105,56.12,64.68,0.0,0,110.68,5.0
SH04056,2025-11-08,Mumbai,West,Mumbai → West,TransGo,Road,Express,Clear,115.0,224.7,6.73,1.103,27.36,20.76,6.6,1,48.51,5.0
SH04057,2025-11-08,Bengaluru,Central,Bengaluru → Central,SwiftMove,Road,Standard,Clear,265.6,1017.4,4.07,1.107,23.58,37.85,0.0,0,148.96,4.0
SH04058,2025-11-08,Kolkata,South,Kolkata → South,BlueLine,Rail,Standard,Clear,188.6,2102.0,6.45,1.085,77.03,98.45,0.0,0,171.94,5.0
SH04059,2025-11-08,Nagpur,Central,Nagpur → Central,BlueLine,Road,Standard,Clear,243.9,319.5,2.71,1.107,13.2,19.98,0.0,0,61.35,5.0
SH04060,2025-11-08,Mumbai,South,Mumbai → South,BlueLine,Road,Standard,Clear,189.7,974.1,9.32,1.102,40.21,39.69,0.52,1,135.03,5.0
SH04061,2025-11-08,Bengaluru,Central,Bengaluru → Central,BlueLine,Road,Standard,Clear,181.8,1099.5,5.67,1.089,34.94,39.82,0.0,0,173.33,5.0
SH04062,2025-11-08,Delhi,North,Delhi → North,SwiftMove,Road,Standard,Clear,358.4,141.9,6.57,1.103,16.57,17.45,0.0,0,49.42,5.0
SH04063,2025-11-09,Delhi,North,Delhi → North,BlueLine,Road,Express,Clear,88.4,154.4,7.17,1.101,16.31,17.08,0.0,0,41.81,5.0
SH04064,2025-11-09,Nagpur,South,Nagpur → South,SwiftMove,Road,Express,Clear,287.0,1128.2,5.82,1.114,28.98,34.49,0.0,0,203.36,5.0
SH04065,2025-11-09,Mumbai,North,Mumbai → North,TransGo,Air,Express,Clear,117.3,1405.7,2.41,1.118,35.88,32.64,3.24,1,325.21,5.0
SH04066,2025-11-09,Bengaluru,West,Bengaluru → West,BlueLine,Road,Standard,Clear,243.1,918.1,5.82,1.096,29.4,35.47,0.0,0,144.75,4.0
SH04067,2025-11-09,Delhi,West,Delhi → West,RapidFreight,Road,Express,Clear,1046.0,1598.5,6.93,1.097,35.04,45.45,0.0,0,449.71,4.0
SH04068,2025-11-09,Mumbai,West,Mumbai → West,SwiftMove,Road,Standard,Clear,146.9,236.5,6.18,1.101,25.28,22.02,3.27,1,58.3,4.0
SH04069,2025-11-09,Nagpur,Central,Nagpur → Central,RapidFreight,Road,Express,Clear,222.8,236.2,6.17,1.095,11.76,16.97,0.0,0,83.72,5.0
SH04070,2025-11-09,Bengaluru,Central,Bengaluru → Central,TransGo,Rail,Standard,Clear,137.6,962.6,4.4,1.093,58.27,60.32,0.0,0,87.77,5.0
SH04071,2025-11-09,Kolkata,South,Kolkata → South,SwiftMove,Road,Express,Clear,553.1,1778.4,6.89,1.098,43.93,50.14,0.0,0,374.14,5.0
SH04072,2025-11-09,Mumbai,East,Mumbai → East,RapidFreight,Road,Standard,Clear,104.1,1893.1,7.7,1.074,63.5,61.7,1.8,1,272.1,5.0
SH04073,2025-11-09,Nagpur,North,Nagpur → North,SwiftMove,Air,Express,Clear,310.5,1049.4,6.49,1.095,21.47,27.98,0.0,0,588.66,4.0
SH04074,2025-11-09,Delhi,North,Delhi → North,SwiftMove,Road,Standard,Clear,145.1,187.6,4.0,1.084,12.55,18.54,0.0,0,47.19,4.0
SH04075,2025-11-09,Bengaluru,West,Bengaluru → West,BlueLine,Air,Express,Clear,182.0,935.8,5.5,1.103,20.3,28.93,0.0,0,345.54,5.0
SH04076,2025-11-09,Delhi,North,Delhi → North,BlueLine,Road,Standard,Clear,1442.8,213.2,7.2,1.089,21.76,19.16,2.61,1,140.34,4.0
SH04077,2025-11-09,Delhi,South,Delhi → South,BlueLine,Rail,Standard,Clear,1339.7,2005.7,5.32,1.111,89.93,94.22,0.0,0,226.61,5.0
SH04078,2025-11-09,Bengaluru,North,Bengaluru → North,SwiftMove,Road,Standard,Clear,451.2,2213.2,5.8,1.112,51.38,66.5,0.0,0,321.82,5.0
SH04079,2025-11-10,Bengaluru,West,Bengaluru → West,TransGo,Road,Standard,Storm,96.9,1023.0,6.22,1.088,44.92,37.98,6.94,1,137.78,4.0
SH04080,2025-11-10,Bengaluru,South,Bengaluru → South,SwiftMove,Road,Standard,Clear,165.1,308.4,6.36,1.095,15.5,20.86,0.0,0,62.87,5.0
SH04081,2025-11-10,Delhi,South,Delhi → South,RapidFreight,Road,Standard,Clear,134.8,2085.1,7.68,1.101,44.48,64.01,0.0,0,366.12,5.0
SH04082,2025-11-10,Nagpur,West,Nagpur → West,SwiftMove,Road,Standard,Clear,365.5,823.1,4.52,1.106,22.99,32.05,0.0,0,148.81,4.0
SH04083,2025-11-10,Delhi,West,Delhi → West,BlueLine,Road,Standard,Clear,316.1,1307.1,6.58,1.098,40.49,45.37,0.0,0,172.17,
SH04084,2025-11-10,Mumbai,North,Mumbai → North,RapidFreight,Air,Express,Rain,108.4,1599.8,9.37,1.098,35.1,32.98,2.12,1,416.83,5.0
SH04085,2025-11-10,Kolkata,North,Kolkata → North,SwiftMove,Road,Express,Clear,316.4,1440.7,5.3,1.093,32.14,43.5,0.0,0,270.68,5.0
SH04086,2025-11-10,Bengaluru,North,Bengaluru → North,SwiftMove,Road,Standard,Rain,441.4,2429.6,4.82,1.099,61.9,71.68,0.0,0,378.13,4.0
SH04087,2025-11-10,Delhi,East,Delhi → East,TransGo,Road,Standard,Clear,476.9,1515.2,6.66,1.106,50.52,50.35,0.17,1,183.85,5.0
SH04088,2025-11-10,Bengaluru,South,Bengaluru → South,RapidFreight,Road,Express,Clear,103.9,280.1,7.67,1.115,13.2,18.98,0.0,0,80.74,5.0
SH04089,2025-11-10,Mumbai,East,Mumbai → East,RapidFreight,Road,Standard,Clear,100.5,1898.1,10.0,1.092,68.49,61.82,6.66,1,321.86,5.0
SH04090,2025-11-10,Mumbai,North,Mumbai → North,SwiftMove,Rail,Standard,Clear,441.1,1381.0,7.98,1.108,65.68,76.57,0.0,0,155.32,5.0
SH04091,2025-11-10,Nagpur,North,Nagpur → North,TransGo,Rail,Standard,Clear,165.5,1160.0,6.95,1.095,54.75,65.48,0.0,0,87.05,5.0
SH04092,2025-11-10,Delhi,East,Delhi → East,BlueLine,Air,Express,Clear,321.8,1530.2,5.84,1.108,27.75,30.56,0.0,0,559.64,
SH04093,2025-11-10,Bengaluru,West,Bengaluru → West,RapidFreight,Road,Express,Clear,193.0,1091.4,4.73,1.087,26.38,34.92,0.0,0,206.96,5.0
SH04094,2025-11-10,Bengaluru,South,Bengaluru → South,SwiftMove,Road,Standard,Clear,111.3,310.8,6.74,1.105,15.52,20.92,0.0,0,54.19,5.0
SH04095,2025-11-10,Bengaluru,Central,Bengaluru → Central,RapidFreight,Road,Express,Clear,96.4,1043.8,6.41,1.097,21.41,33.98,0.0,0,218.82,
SH04096,2025-11-10,Delhi,East,Delhi → East,SwiftMove,Road,Express,Clear,117.5,1704.6,4.53,1.104,41.83,47.54,0.0,0,291.16,5.0
SH04097,2025-11-10,Bengaluru,East,Bengaluru → East,BlueLine,Road,Express,Clear,615.1,2030.7,6.87,1.094,49.84,53.37,0.0,0,380.15,5.0
SH04098,2025-11-10,Mumbai,West,Mumbai → West,SwiftMove,Road,Standard,Clear,161.0,63.0,9.87,1.072,21.02,17.86,3.16,1,36.14,5.0
SH04099,2025-11-10,Delhi,East,Delhi → East,BlueLine,Road,Standard,Clear,113.0,1420.2,8.22,1.098,46.57,48.07,0.0,0,191.15,5.0
SH04100,2025-11-10,Delhi,East,Delhi → East,BlueLine,Road,Standard,Clear,26.3,1578.9,7.0,1.084,44.07,51.88,0.0,0,199.6,5.0
SH04101,2025-11-10,Bengaluru,Central,Bengaluru → Central,RapidFreight,Road,Standard,Clear,74.5,1052.9,4.3,1.119,29.19,38.7,0.0,0,173.37,4.0
SH04102,2025-11-10,Bengaluru,South,Bengaluru → South,SwiftMove,Road,Standard,Rain,825.3,172.0,8.14,1.109,31.01,17.6,13.42,1,88.78,4.0
SH04103,2025-11-10,Mumbai,West,Mumbai → West,TransGo,Road,Express,Clear,128.7,192.7,5.78,1.085,30.04,20.14,9.9,1,46.76,4.0
SH04104,2025-11-10,Kolkata,North,Kolkata → North,RapidFreight,Rail,Standard,Clear,89.9,1582.7,5.89,1.093,71.64,81.86,0.0,0,161.07,
SH04105,2025-11-10,Delhi,West,Delhi → West,BlueLine,Road,Express,Clear,171.4,1342.1,7.17,1.105,38.92,40.42,0.0,0,233.64,4.0
SH04106,2025-11-10,Delhi,West,Delhi → West,TransGo,Road,Standard,Clear,63.1,1576.3,6.52,1.106,50.04,51.82,0.0,0,197.91,4.0
SH04107,2025-11-10,Bengaluru,South,Bengaluru → South,TransGo,Road,Standard,Clear,59.7,301.1,7.78,1.104,20.88,20.69,0.19,1,47.43,5.0
SH04108,2025-11-10,Mumbai,North,Mumbai → North,TransGo,Road,Express,Clear,255.3,1450.3,8.19,1.103,46.7,44.84,1.86,1,227.82,4.0
SH04109,2025-11-11,Delhi,North,Delhi → North,TransGo,Road,Standard,Clear,141.3,110.1,6.56,1.088,18.02,16.69,1.33,1,35.33,4.0
SH04110,2025-11-11,Delhi,West,Delhi → West,RapidFreight,Road,Standard,Clear,,1512.6,6.01,1.098,42.21,50.29,0.0,0,278.99,5.0
SH04111,2025-11-11,Mumbai,East,Mumbai → East,SwiftMove,Rail,Standard,Clear,278.9,2148.2,7.79,1.101,90.15,101.07,0.0,0,164.3,5.0
SH04112,2025-11-11,Kolkata,North,Kolkata → North,SwiftMove,Road,Standard,Clear,1227.4,1561.7,5.34,1.1,39.12,52.62,0.0,0,297.36,5.0
SH04113,2025-11-11,Bengaluru,South,Bengaluru → South,SwiftMove,Road,Express,Clear,325.2,264.7,10.0,1.085,17.62,18.68,0.0,0,73.13,4.0
SH04114,2025-11-11,Nagpur,West,Nagpur → West,BlueLine,Road,Standard,Clear,594.3,893.9,6.61,1.07,30.98,33.74,0.0,0,157.73,
SH04115,2025-11-11,Nagpur,East,Nagpur → East,BlueLine,Road,Standard,Clear,164.0,1235.1,5.32,1.098,36.3,41.92,0.0,0,152.41,5.0
SH04116,2025-11-11,Mumbai,West,Mumbai → West,RapidFreight,Road,Express,Clear,220.4,332.5,8.26,1.077,24.04,22.88,1.16,1,109.65,4.0
SH04117,2025-11-11,Mumbai,Central,Mumbai → Central,RapidFreight,Road,Standard,Clear,131.9,855.6,8.24,1.103,34.91,36.85,0.0,0,147.5,5.0
SH04118,2025-11-11,Bengaluru,North,Bengaluru → North,BlueLine,Rail,Standard,Clear,220.4,2005.0,5.41,1.083,72.03,93.62,0.0,0,179.2,4.0
SH04119,2025-11-11,Delhi,West,Delhi → West,TransGo,Rail,Standard,Clear,198.1,1474.7,2.67,1.109,71.04,77.26,0.0,0,132.92,5.0
SH04120,2025-11-11,Delhi,East,Delhi → East,BlueLine,Road,Standard,Clear,371.6,1608.7,6.59,1.084,48.82,52.59,0.0,0,255.63,5.0
SH04121,2025-11-11,Delhi,West,Delhi → West,TransGo,Road,Standard,Clear,47.0,1398.3,5.94,1.121,51.53,47.55,3.98,1,202.83,4.0
SH04122,2025-11-11,Bengaluru,South,Bengaluru → South,SwiftMove,Road,Express,Rain,1373.5,67.6,6.3,1.096,19.09,14.8,4.29,1,132.97,
SH04123,2025-11-11,Delhi,East,Delhi → East,TransGo,Rail,Standard,Clear,632.0,1579.1,6.46,1.088,68.55,80.59,0.0,0,135.48,4.0
SH04124,2025-11-11,Bengaluru,North,Bengaluru → North,SwiftMove,Rail,Standard,Rain,553.5,2195.4,5.35,1.097,93.62,99.71,0.0,0,190.73,5.0
SH04125,2025-11-11,Delhi,South,Delhi → South,RapidFreight,Air,Express,Rain,265.3,2390.8,7.32,1.098,27.91,32.08,0.0,0,743.11,5.0
SH04126,2025-11-11,Bengaluru,West,Bengaluru → West,SwiftMove,Road,Standard,Storm,1043.1,1123.7,7.41,1.096,53.11,40.4,12.72,1,250.98,
SH04127,2025-11-11,Delhi,South,Delhi → South,TransGo,Road,Express,Clear,168.7,2045.9,7.18,1.113,62.04,54.24,7.8,1,298.4,4.0
SH04128,2025-11-11,Mumbai,North,Mumbai → North,TransGo,Rail,Standard,Clear,589.9,1314.3,7.9,1.089,65.41,74.43,0.0,0,114.3,4.0
SH04129,2025-11-11,Kolkata,West,Kolkata → West,SwiftMove,Rail,Standard,Clear,54.7,2005.4,9.35,1.104,76.41,95.36,0.0,0,168.83,5.0
SH04130,2025-11-11,Bengaluru,North,Bengaluru → North,SwiftMove,Air,Express,Clear,212.7,2225.1,5.3,1.09,23.72,31.21,0.0,0,618.38,5.0
SH04131,2025-11-11,Kolkata,North,Kolkata → North,SwiftMove,Road,Standard,Clear,467.4,1600.3,6.92,1.091,44.24,53.54,0.0,0,242.31,4.0
SH04132,2025-11-11,Bengaluru,West,Bengaluru → West,TransGo,Rail,Standard,Clear,838.3,1076.7,8.62,1.107,63.87,63.97,0.0,0,120.2,5.0
SH04133,2025-11-11,Delhi,East,Delhi → East,SwiftMove,Rail,Standard,Clear,24.6,1562.6,4.24,1.111,63.56,80.07,0.0,0,125.36,4.0
SH04134,2025-11-11,Delhi,Central,Delhi → Central,SwiftMove,Road,Standard,Storm,118.8,984.9,6.17,1.097,47.79,37.65,10.15,1,150.15,3.0
SH04135,2025-11-11,Nagpur,South,Nagpur → South,SwiftMove,Rail,Standard,Clear,67.5,1016.5,5.2,1.096,44.65,60.9,0.0,0,89.65,5.0
SH04136,2025-11-11,Delhi,West,Delhi → West,SwiftMove,Road,Express,Clear,1842.8,1349.0,4.8,1.092,36.11,40.55,0.0,0,397.17,5.0
SH04137,2025-11-11,Delhi,Central,Delhi → Central,BlueLine,Road,Standard,Clear,804.9,1117.4,8.52,1.116,38.37,40.82,0.0,0,225.3,5.0
SH04138,2025-11-11,Mumbai,South,Mumbai → South,BlueLine,Rail,Standard,Clear,372.3,1015.2,6.82,1.113,63.77,64.88,0.0,0,99.64,5.0
SH04139,2025-11-12,Delhi,West,Delhi → West,BlueLine,Road,Standard,Clear,84.3,1350.6,4.6,1.085,41.39,46.41,0.0,0,202.25,5.0
SH04140,2025-11-12,Delhi,North,Delhi → North,SwiftMove,Road,Standard,Rain,1103.6,333.0,7.36,1.092,28.66,22.03,6.63,1,125.93,4.0
SH04141,2025-11-12,Delhi,South,Delhi → South,TransGo,Road,Express,Clear,58.7,2380.5,5.58,1.104,56.6,60.82,0.0,0,339.68,4.0
SH04142,2025-11-12,Bengaluru,West,Bengaluru → West,BlueLine,Road,Standard,Clear,126.7,928.6,3.83,1.102,36.5,35.72,0.77,1,132.03,4.0
SH04143,2025-11-12,Delhi,North,Delhi → North,TransGo,Road,Express,Clear,280.1,290.3,6.25,1.124,20.93,19.75,1.17,1,73.8,5.0
SH04144,2025-11-12,Delhi,South,Delhi → South,BlueLine,Air,Express,Clear,209.7,2432.2,7.15,1.097,25.67,32.15,0.0,0,566.92,4.0
SH04145,2025-11-12,Kolkata,West,Kolkata → West,RapidFreight,Road,Standard,Clear,248.1,2003.6,4.69,1.116,55.19,63.2,0.0,0,353.37,5.0
SH04146,2025-11-12,Delhi,West,Delhi → West,RapidFreight,Road,Standard,Clear,277.5,1602.9,8.5,1.092,46.73,52.45,0.0,0,298.87,5.0
SH04147,2025-11-12,Nagpur,East,Nagpur → East,SwiftMove,Road,Standard,Clear,178.3,1202.2,4.45,1.106,36.96,41.13,0.0,0,159.96,5.0
SH04148,2025-11-12,Kolkata,South,Kolkata → South,RapidFreight,Road,Standard,Clear,454.1,2118.2,10.0,1.104,59.8,65.95,0.0,0,318.77,5.0
SH04149,2025-11-12,Mumbai,South,Mumbai → South,SwiftMove,Rail,Standard,Clear,49.5,1088.3,4.51,1.11,58.88,67.22,0.0,0,102.51,5.0
SH04150,2025-11-12,Mumbai,South,Mumbai → South,SwiftMove,Rail,Standard,Clear,252.0,1084.9,7.65,1.096,58.46,67.11,0.0,0,131.3,5.0
SH04151,2025-11-12,Bengaluru,East,Bengaluru → East,RapidFreight,Road,Standard,Clear,209.9,2150.1,4.97,1.104,54.51,64.99,0.0,0,304.95,5.0
SH04152,2025-11-12,Mumbai,North,Mumbai → North,RapidFreight,Road,Standard,Clear,191.6,1358.8,6.97,1.105,47.02,48.91,0.0,0,223.66,5.0
SH04153,2025-11-12,Delhi,East,Delhi → East,TransGo,Road,Standard,Clear,,1463.3,6.67,1.113,47.8,49.11,0.0,0,203.39,5.0
SH04154,2025-11-12,Kolkata,West,Kolkata → West,SwiftMove,Road,Standard,Rain,660.9,2048.7,7.24,1.088,53.04,64.28,0.0,0,312.01,5.0
SH04155,2025-11-12,Bengaluru,South,Bengaluru → South,SwiftMove,Road,Standard,Clear,901.6,276.4,8.07,1.111,17.16,20.1,0.0,0,95.14,4.0
SH04156,2025-11-12,Bengaluru,East,Bengaluru → East,RapidFreight,Rail,Standard,Clear,252.7,2137.7,6.8,1.098,89.67,97.86,0.0,0,210.28,5.0
SH04157,2025-11-12,Delhi,East,Delhi → East,BlueLine,Road,Standard,Clear,165.1,1653.1,6.98,1.086,43.96,53.65,0.0,0,234.64,4.0
SH04158,2025-11-12,Mumbai,West,Mumbai → West,BlueLine,Road,Express,Clear,172.4,236.8,7.05,1.09,25.53,21.0,4.53,1,66.91,5.0
SH04159,2025-11-12,Kolkata,South,Kolkata → South,BlueLine,Road,Standard,Clear,579.0,1973.6,5.53,1.102,52.69,62.48,0.0,0,256.83,5.0
SH04160,2025-11-13,Kolkata,South,Kolkata → South,BlueLine,Road,Standard,Rain,135.5,1890.9,5.14,1.113,47.64,60.5,0.0,0,227.54,4.0
SH04161,2025-11-13,Bengaluru,West,Bengaluru → West,SwiftMove,Road,Standard,Rain,379.2,981.7,5.42,1.093,28.01,37.0,0.0,0,169.92,5.0
SH04162,2025-11-13,Bengaluru,North,Bengaluru → North,TransGo,Air,Express,Clear,231.6,2231.1,6.57,1.104,28.06,31.22,0.0,0,520.77,4.0
SH04163,2025-11-13,Delhi,South,Delhi → South,SwiftMove,Rail,Standard,Clear,665.2,2194.6,6.66,1.096,70.26,100.26,0.0,0,192.26,4.0
SH04164,2025-11-13,Bengaluru,West,Bengaluru → West,TransGo,Road,Standard,Clear,125.1,951.8,6.04,1.093,34.9,36.28,0.0,0,131.04,5.0
SH04165,2025-11-13,Bengaluru,North,Bengaluru → North,SwiftMove,Road,Standard,Rain,339.3,2156.3,5.57,1.091,64.77,65.14,0.0,0,335.66,5.0
SH04166,2025-11-13,Mumbai,South,Mumbai → South,BlueLine,Road,Standard,Clear,3039.6,1018.9,7.86,1.083,51.2,40.76,10.44,1,292.02,
SH04167,2025-11-13,Delhi,West,Delhi → West,BlueLine,Air,Express,Fog,162.3,1364.3,6.97,1.096,27.84,30.26,0.0,0,348.88,4.0
SH04168,2025-11-13,Kolkata,West,Kolkata → West,BlueLine,Road,Standard,Clear,737.7,2043.2,6.41,1.099,52.45,64.15,0.0,0,307.95,5.0
SH04169,2025-11-13,Delhi,South,Delhi → South,SwiftMove,Road,Standard,Clear,85.0,2419.6,7.77,1.095,61.16,72.02,0.0,0,300.54,5.0
SH04170,2025-11-13,Delhi,North,Delhi → North,RapidFreight,Road,Standard,Clear,88.4,154.8,5.77,1.105,12.38,17.76,0.0,0,39.8,5.0
SH04171,2025-11-13,Delhi,South,Delhi → South,SwiftMove,Air,Express,Clear,337.8,2134.1,8.27,1.112,24.39,31.63,0.0,0,685.7,
SH04172,2025-11-13,Mumbai,East,Mumbai → East,SwiftMove,Rail,Standard,Clear,1867.1,2263.5,6.57,1.094,94.1,104.76,0.0,0,228.71,4.0
SH04173,2025-11-13,Bengaluru,North,Bengaluru → North,BlueLine,Rail,Standard,Clear,,2385.2,6.98,1.108,102.82,105.77,0.0,0,191.52,5.0
SH04174,2025-11-13,Delhi,South,Delhi → South,RapidFreight,Rail,Standard,Clear,680.1,2409.2,6.15,1.086,98.54,107.11,0.0,0,267.15,5.0
SH04175,2025-11-13,Mumbai,West,Mumbai → West,TransGo,Road,Standard,Clear,43.9,255.2,6.96,1.093,27.35,22.46,4.88,1,40.26,4.0
SH04176,2025-11-13,Delhi,Central,Delhi → Central,BlueLine,Road,Express,Clear,166.2,1151.1,5.76,1.095,34.4,36.66,0.0,0,181.81,4.0
SH04177,2025-11-14,Delhi,East,Delhi → East,RapidFreight,Road,Standard,Fog,62.7,1500.2,6.83,1.1,41.03,49.99,0.0,0,265.24,4.0
SH04178,2025-11-14,Kolkata,South,Kolkata → South,BlueLine,Road,Standard,Clear,255.0,1959.2,8.83,1.092,60.86,62.14,0.0,0,274.22,5.0
SH04179,2025-11-14,Kolkata,Central,Kolkata → Central,RapidFreight,Rail,Standard,Clear,152.4,1124.2,3.37,1.101,47.35,67.21,0.0,0,130.31,5.0
SH04180,2025-11-14,Nagpur,Central,Nagpur → Central,RapidFreight,Road,Express,Clear,547.7,185.3,5.02,1.125,9.87,15.97,0.0,0,98.67,4.0
SH04181,2025-11-14,Mumbai,West,Mumbai → West,SwiftMove,Road,Standard,Rain,103.9,347.8,5.82,1.093,32.63,24.68,7.95,1,64.66,4.0
SH04182,2025-11-14,Mumbai,North,Mumbai → North,BlueLine,Road,Standard,Clear,608.1,1533.1,9.06,1.104,51.21,53.08,0.0,0,237.81,5.0
SH04183,2025-11-14,Delhi,North,Delhi → North,BlueLine,Road,Standard,Clear,98.9,335.9,7.51,1.103,18.38,22.1,0.0,0,56.47,5.0
SH04184,2025-11-14,Mumbai,East,Mumbai → East,SwiftMove,Rail,Standard,Clear,176.0,2049.5,5.35,1.091,91.47,97.92,0.0,0,160.33,5.0
SH04185,2025-11-14,Nagpur,East,Nagpur → East,RapidFreight,Rail,Standard,Clear,45.2,1080.9,5.05,1.117,43.33,62.95,0.0,0,129.7,5.0
SH04186,2025-11-14,Mumbai,West,Mumbai → West,SwiftMove,Road,Standard,Fog,379.7,188.6,8.04,1.103,27.8,20.87,6.93,1,62.62,3.0
SH04187,2025-11-14,Delhi,South,Delhi → South,BlueLine,Road,Standard,Clear,230.6,1978.7,3.34,1.092,50.33,61.46,0.0,0,258.81,5.0
SH04188,2025-11-14,Bengaluru,North,Bengaluru → North,RapidFreight,Air,Express,Rain,72.6,2465.0,5.09,1.09,29.1,31.64,0.0,0,515.37,5.0
SH04189,2025-11-14,Bengaluru,West,Bengaluru → West,RapidFreight,Road,Standard,Clear,268.2,970.3,9.29,1.126,36.97,36.72,0.24,1,178.73,4.0
SH04190,2025-11-14,Nagpur,South,Nagpur → South,RapidFreight,Road,Standard,Clear,942.7,927.9,6.48,1.094,24.95,34.56,0.0,0,216.82,5.0
SH04191,2025-11-14,Nagpur,East,Nagpur → East,TransGo,Road,Standard,Rain,942.3,1134.2,4.56,1.076,40.77,39.5,1.27,1,187.7,4.0
SH04192,2025-11-14,Nagpur,East,Nagpur → East,TransGo,Road,Standard,Rain,121.8,1017.5,5.55,1.094,38.1,36.7,1.4,1,140.49,4.0
SH04193,2025-11-14,Delhi,Central,Delhi → Central,BlueLine,Rail,Standard,Clear,,1136.3,6.41,1.118,57.11,66.45,0.0,0,109.92,5.0
SH04194,2025-11-15,Delhi,North,Delhi → North,RapidFreight,Road,Standard,Clear,83.9,304.8,6.99,1.096,18.92,21.35,0.0,0,66.24,5.0
SH04195,2025-11-15,Bengaluru,North,Bengaluru → North,SwiftMove,Road,Express,Clear,29.1,2312.6,7.52,1.091,48.56,58.91,0.0,0,378.95,5.0
SH04196,2025-11-15,Delhi,East,Delhi → East,SwiftMove,Road,Express,Clear,124.7,1456.1,8.42,1.116,40.44,42.66,0.0,0,243.66,4.0
SH04197,2025-11-15,Kolkata,South,Kolkata → South,RapidFreight,Road,Standard,Storm,76.6,1975.0,5.08,1.094,60.25,62.52,0.0,0,341.8,5.0
SH04198,2025-11-15,Bengaluru,North,Bengaluru → North,TransGo,Rail,Standard,Clear,1876.2,2365.2,8.01,1.114,104.42,105.13,0.0,0,212.34,5.0
SH04199,2025-11-15,Nagpur,North,Nagpur → North,SwiftMove,Rail,Standard,Clear,68.0,1078.5,3.86,1.106,54.98,62.88,0.0,0,107.67,4.0
SH04200,2025-11-15,Delhi,East,Delhi → East,TransGo,Road,Standard,Rain,114.4,1484.4,5.91,1.097,50.68,49.61,1.06,1,196.12,5.0
SH04201,2025-11-15,Mumbai,West,Mumbai → West,SwiftMove,Road,Standard,Clear,2778.2,233.7,8.32,1.1,28.65,21.95,6.7,1,207.21,5.0
SH04202,2025-11-15,Mumbai,North,Mumbai → North,SwiftMove,Road,Standard,Clear,237.6,1555.4,7.07,1.085,52.38,53.62,0.0,0,227.8,5.0
SH04203,2025-11-15,Mumbai,West,Mumbai → West,TransGo,Road,Express,Clear,167.9,125.4,7.37,1.092,27.49,18.81,8.67,1,41.57,4.0
SH04204,2025-11-15,Nagpur,South,Nagpur → South,BlueLine,Road,Express,Clear,193.1,1001.0,6.84,1.084,26.84,31.99,0.0,0,188.72,5.0
SH04205,2025-11-15,Delhi,Central,Delhi → Central,SwiftMove,Road,Standard,Clear,154.2,1046.6,7.91,1.087,32.54,39.12,0.0,0,157.4,5.0
SH04206,2025-11-15,Kolkata,West,Kolkata → West,RapidFreight,Road,Standard,Rain,189.3,2067.4,4.37,1.099,47.6,64.73,0.0,0,368.55,
SH04207,2025-11-15,Mumbai,East,Mumbai → East,SwiftMove,Air,Express,Rain,744.0,2060.3,7.75,1.116,38.1,33.8,4.3,1,1152.86,4.0
SH04208,2025-11-15,Delhi,West,Delhi → West,BlueLine,Road,Standard,Rain,104.5,1314.4,6.08,1.093,42.25,45.54,0.0,0,172.55,5.0
SH04209,2025-11-15,Nagpur,West,Nagpur → West,BlueLine,Road,Standard,Clear,454.5,777.9,7.14,1.098,27.92,30.96,0.0,0,119.92,5.0
SH04210,2025-11-15,Delhi,West,Delhi → West,TransGo,Rail,Standard,Clear,945.8,1316.3,7.61,1.094,66.38,72.2,0.0,0,140.13,4.0
SH04211,2025-11-15,Bengaluru,West,Bengaluru → West,BlueLine,Road,Standard,Rain,148.1,967.9,5.77,1.096,33.32,36.67,0.0,0,129.5,5.0
SH04212,2025-11-15,Mumbai,East,Mumbai → East,TransGo,Road,Express,Clear,44.3,1851.0,5.88,1.092,51.85,52.71,0.0,0,268.02,4.0
SH04213,2025-11-15,Bengaluru,North,Bengaluru → North,RapidFreight,Road,Standard,Clear,241.7,2411.9,6.24,1.1,69.89,71.26,0.0,0,397.0,4.0
SH04214,2025-11-15,Kolkata,South,Kolkata → South,BlueLine,Road,Standard,Rain,71.8,1951.0,3.38,1.105,44.93,61.94,0.0,0,286.69,5.0
SH04215,2025-11-15,Nagpur,North,Nagpur → North,TransGo,Road,Standard,Rain,171.3,1136.1,4.68,1.092,42.59,39.54,3.04,1,138.93,5.0
SH04216,2025-11-15,Nagpur,East,Nagpur → East,RapidFreight,Road,Standard,Clear,331.0,1137.3,5.61,1.095,32.48,39.57,0.0,0,196.82,4.0
SH04217,2025-11-15,Kolkata,South,Kolkata → South,BlueLine,Road,Standard,Clear,97.2,1725.9,7.5,1.104,49.74,56.55,0.0,0,222.25,4.0
SH04218,2025-11-15,Mumbai,South,Mumbai → South,SwiftMove,Road,Standard,Clear,183.1,932.4,4.31,1.101,35.0,38.69,0.0,0,145.69,5.0
SH04219,2025-11-15,Bengaluru,West,Bengaluru → West,TransGo,Road,Express,Clear,167.1,1090.4,5.24,1.12,31.62,34.9,0.0,0,185.0,5.0
SH04220,2025-11-15,Bengaluru,Central,Bengaluru → Central,BlueLine,Road,Standard,Clear,434.7,966.2,6.89,1.087,33.33,36.62,0.0,0,146.22,4.0
SH04221,2025-11-15,Delhi,East,Delhi → East,RapidFreight,Road,Express,Clear,186.0,1570.6,7.67,1.106,40.2,44.91,0.0,0,301.0,5.0
SH04222,2025-11-16,Kolkata,East,Kolkata → East,RapidFreight,Road,Express,Clear,102.9,246.6,5.43,1.12,11.97,20.04,0.0,0,76.74,5.0
SH04223,2025-11-16,Delhi,South,Delhi → South,SwiftMove,Air,Express,Clear,176.6,2172.3,7.01,1.087,23.94,31.69,0.0,0,539.58,5.0
SH04224,2025-11-16,Nagpur,Central,Nagpur → Central,RapidFreight,Road,Standard,Clear,77.4,207.0,6.43,1.091,10.37,17.28,0.0,0,49.05,5.0
SH04225,2025-11-16,Mumbai,Central,Mumbai → Central,TransGo,Rail,Standard,Clear,213.4,812.3,9.42,1.092,64.53,58.4,6.13,1,86.26,4.0
SH04226,2025-11-16,Kolkata,North,Kolkata → North,RapidFreight,Road,Express,Storm,621.9,1461.9,4.13,1.114,49.33,43.92,5.41,1,393.86,5.0
SH04227,2025-11-16,Mumbai,East,Mumbai → East,RapidFreight,Road,Express,Clear,72.3,2129.2,6.0,1.111,54.09,58.18,0.0,0,419.25,
SH04228,2025-11-16,Delhi,East,Delhi → East,TransGo,Road,Standard,Clear,229.4,1499.5,6.35,1.086,51.49,49.98,1.51,1,170.8,5.0
SH04229,2025-11-16,Bengaluru,South,Bengaluru → South,SwiftMove,Road,Standard,Clear,50.5,215.8,4.81,1.112,11.89,18.65,0.0,0,45.29,4.0
SH04230,2025-11-16,Bengaluru,Central,Bengaluru → Central,RapidFreight,Road,Standard,Clear,515.0,1093.1,7.36,1.102,29.92,39.66,0.0,0,191.2,4.0
SH04231,2025-11-16,Delhi,South,Delhi → South,BlueLine,Road,Standard,Clear,57.9,2151.3,5.99,1.096,58.74,65.59,0.0,0,244.8,5.0
SH04232,2025-11-16,Bengaluru,South,Bengaluru → South,TransGo,Road,Standard,Clear,229.9,202.8,3.23,1.097,14.83,18.33,0.0,0,47.02,4.0
SH04233,2025-11-16,Bengaluru,North,Bengaluru → North,RapidFreight,Rail,Standard,Clear,825.7,2115.0,2.96,1.084,85.16,97.14,0.0,0,218.81,5.0
SH04234,2025-11-16,Bengaluru,Central,Bengaluru → Central,TransGo,Road,Standard,Clear,581.5,928.0,5.83,1.09,37.44,35.71,1.73,1,155.5,5.0
SH04235,2025-11-16,Mumbai,East,Mumbai → East,BlueLine,Road,Standard,Fog,141.3,2084.1,8.12,1.096,69.69,66.28,3.41,1,285.16,5.0
SH04236,2025-11-16,Delhi,South,Delhi → South,SwiftMove,Road,Standard,Clear,178.7,2207.3,7.22,1.107,65.37,66.93,0.0,0,295.93,4.0
SH04237,2025-11-16,Mumbai,South,Mumbai → South,SwiftMove,Road,Standard,Clear,575.9,935.4,4.8,1.121,32.28,38.76,0.0,0,170.17,5.0
SH04238,2025-11-17,Mumbai,North,Mumbai → North,SwiftMove,Road,Standard,Clear,330.5,1417.1,8.44,1.098,52.19,50.3,1.89,1,221.22,4.0
SH04239,2025-11-17,Bengaluru,North,Bengaluru → North,RapidFreight,Road,Standard,Clear,124.2,2472.3,7.61,1.104,57.96,72.71,0.0,0,440.01,4.0
SH04240,2025-11-17,Delhi,West,Delhi → West,BlueLine,Road,Express,Rain,31.4,1393.9,5.43,1.085,41.51,41.43,0.07,1,217.38,
SH04241,2025-11-17,Bengaluru,North,Bengaluru → North,RapidFreight,Rail,Standard,Clear,53.2,2108.1,7.22,1.105,79.52,96.92,0.0,0,225.88,5.0
SH04242,2025-11-17,Bengaluru,West,Bengaluru → West,BlueLine,Road,Standard,Clear,773.2,1119.2,4.76,1.107,35.73,40.29,0.0,0,170.25,5.0
SH04243,2025-11-17,Delhi,North,Delhi → North,TransGo,Road,Standard,Clear,235.9,203.8,9.22,1.089,22.99,18.93,4.05,1,53.58,4.0
SH04244,2025-11-17,Bengaluru,West,Bengaluru → West,SwiftMove,Rail,Standard,Clear,1285.2,1099.2,7.29,1.101,53.9,64.69,0.0,0,141.45,5.0
SH04245,2025-11-17,Bengaluru,Central,Bengaluru → Central,RapidFreight,Road,Standard,Clear,57.4,986.9,6.33,1.11,23.73,37.12,0.0,0,171.44,4.0
SH04246,2025-11-17,Delhi,North,Delhi → North,RapidFreight,Road,Standard,Clear,1186.4,96.6,7.66,1.11,15.27,16.36,0.0,0,125.62,5.0
SH04247,2025-11-17,Mumbai,West,Mumbai → West,BlueLine,Road,Express,Clear,70.0,139.6,6.23,1.131,20.81,19.09,1.71,1,41.56,5.0
SH04248,2025-11-17,Delhi,North,Delhi → North,TransGo,Road,Standard,Clear,278.6,112.0,7.17,1.066,21.52,16.73,4.79,1,36.45,
SH04249,2025-11-17,Delhi,East,Delhi → East,BlueLine,Road,Standard,Clear,438.5,1722.2,7.39,1.081,56.76,55.31,1.45,1,267.22,5.0
SH04250,2025-11-17,Mumbai,West,Mumbai → West,RapidFreight,Road,Standard,Clear,103.4,98.5,8.15,1.085,18.52,18.71,0.0,0,33.5,5.0
SH04251,2025-11-17,Bengaluru,Central,Bengaluru → Central,SwiftMove,Road,Express,Clear,144.9,1013.9,6.75,1.103,31.9,33.39,0.0,0,178.86,5.0
SH04252,2025-11-17,Nagpur,South,Nagpur → South,RapidFreight,Road,Express,Clear,655.1,929.0,5.81,1.102,23.05,30.58,0.0,0,264.62,4.0
SH04253,2025-11-17,Nagpur,North,Nagpur → North,TransGo,Road,Standard,Clear,111.4,991.4,5.67,1.12,32.13,36.08,0.0,0,133.9,4.0
SH04254,2025-11-17,Mumbai,North,Mumbai → North,SwiftMove,Road,Standard,Rain,62.6,1482.7,6.92,1.091,54.24,51.87,2.36,1,180.14,4.0
SH04255,2025-11-18,Mumbai,North,Mumbai → North,RapidFreight,Road,Express,Clear,49.3,1375.8,9.21,1.098,42.76,43.38,0.0,0,249.55,5.0
SH04256,2025-11-18,Delhi,South,Delhi → South,TransGo,Road,Standard,Clear,45.8,2401.9,5.98,1.098,72.54,71.6,0.95,1,265.31,5.0
SH04257,2025-11-18,Bengaluru,East,Bengaluru → East,SwiftMove,Rail,Standard,Clear,61.2,1732.8,5.95,1.115,71.04,84.93,0.0,0,166.2,4.0
SH04258,2025-11-18,Kolkata,North,Kolkata → North,BlueLine,Road,Standard,Clear,44.1,1532.5,8.43,1.104,46.45,51.92,0.0,0,185.18,5.0
SH04259,2025-11-18,Mumbai,South,Mumbai → South,BlueLine,Road,Express,Clear,56.0,945.8,5.1,1.101,34.79,34.93,0.0,0,149.57,4.0
SH04260,2025-11-18,Mumbai,West,Mumbai → West,BlueLine,Road,Express,Clear,82.3,340.2,8.36,1.095,29.06,23.03,6.03,1,57.03,5.0
SH04261,2025-11-18,Mumbai,West,Mumbai → West,TransGo,Road,Standard,Rain,223.9,299.0,6.75,1.104,39.56,23.51,16.05,1,53.83,4.0
SH04262,2025-11-18,Mumbai,Central,Mumbai → Central,SwiftMove,Road,Standard,Rain,20.8,800.9,6.38,1.107,36.84,35.54,1.3,1,116.07,4.0
SH04263,2025-11-18,Kolkata,North,Kolkata → North,RapidFreight,Air,Express,Clear,700.9,1629.4,4.61,1.093,21.38,31.88,0.0,0,1219.85,5.0
SH04264,2025-11-18,Kolkata,North,Kolkata → North,TransGo,Road,Express,Clear,281.6,1658.1,4.51,1.103,41.49,47.78,0.0,0,283.06,4.0
SH04265,2025-11-18,Nagpur,North,Nagpur → North,RapidFreight,Road,Standard,Clear,151.0,1005.4,4.2,1.091,30.41,36.41,0.0,0,185.71,5.0
SH04266,2025-11-18,Bengaluru,South,Bengaluru → South,TransGo,Road,Express,Clear,291.9,321.6,4.15,1.113,19.7,19.79,0.0,0,85.88,5.0
SH04267,2025-11-18,Nagpur,East,Nagpur → East,SwiftMove,Road,Express,Clear,113.9,1153.7,3.31,1.11,24.31,34.99,0.0,0,185.34,5.0
SH04268,2025-11-18,Nagpur,South,Nagpur → South,RapidFreight,Road,Express,Clear,105.8,949.7,3.71,1.092,20.54,30.98,0.0,0,214.26,4.0
SH04269,2025-11-18,Mumbai,North,Mumbai → North,RapidFreight,Air,Express,Clear,565.8,1444.1,7.88,1.102,27.44,32.71,0.0,0,1223.03,5.0
SH04270,2025-11-18,Delhi,North,Delhi → North,RapidFreight,Road,Standard,Clear,218.0,250.9,7.97,1.095,18.5,20.06,0.0,0,70.92,5.0
SH04271,2025-11-18,Delhi,South,Delhi → South,BlueLine,Rail,Standard,Clear,1024.1,2216.6,6.57,1.094,82.5,100.96,0.0,0,215.94,5.0
SH04272,2025-11-18,Bengaluru,South,Bengaluru → South,SwiftMove,Road,Express,Clear,107.8,103.5,4.02,1.12,8.55,15.51,0.0,0,37.98,5.0
SH04273,2025-11-18,Mumbai,East,Mumbai → East,RapidFreight,Road,Standard,Clear,1221.4,2203.4,7.5,1.099,76.03,69.14,6.89,1,395.3,5.0
SH04274,2025-11-18,Nagpur,East,Nagpur → East,TransGo,Rail,Standard,Clear,178.0,1142.8,5.41,1.111,51.93,64.93,0.0,0,94.2,4.0
SH04275,2025-11-18,Mumbai,East,Mumbai → East,TransGo,Road,Standard,Clear,345.2,1916.5,6.37,1.1,62.74,62.27,0.47,1,256.89,5.0
SH04276,2025-11-18,Mumbai,North,Mumbai → North,SwiftMove,Road,Express,Clear,267.6,1501.0,6.23,1.112,39.49,45.84,0.0,0,231.29,4.0
SH04277,2025-11-18,Bengaluru,East,Bengaluru → East,TransGo,Road,Standard,Clear,1247.5,2070.0,7.8,1.105,56.0,63.07,0.0,0,310.67,
SH04278,2025-11-18,Mumbai,West,Mumbai → West,RapidFreight,Road,Standard,Clear,263.2,187.2,6.05,1.107,19.98,20.83,0.0,0,67.65,5.0
SH04279,2025-11-18,Mumbai,South,Mumbai → South,TransGo,Road,Express,Clear,235.8,901.9,6.65,1.108,43.09,34.07,9.02,1,145.56,3.0
SH04280,2025-11-18,Mumbai,East,Mumbai → East,TransGo,Road,Standard,Clear,423.3,1942.1,8.15,1.103,67.71,62.88,4.83,1,244.01,5.0
SH04281,2025-11-19,Mumbai,Central,Mumbai → Central,SwiftMove,Road,Standard,Clear,421.1,923.7,6.3,1.084,36.22,38.48,0.0,0,148.18,5.0
SH04282,2025-11-19,Mumbai,South,Mumbai → South,RapidFreight,Road,Express,Clear,145.6,957.0,6.4,1.102,31.48,35.15,0.0,0,194.86,5.0
SH04283,2025-11-19,Bengaluru,East,Bengaluru → East,BlueLine,Road,Standard,Clear,807.9,1912.9,7.35,1.104,49.85,59.31,0.0,0,256.08,5.0
SH04284,2025-11-19,Kolkata,East,Kolkata → East,SwiftMove,Road,Standard,Clear,669.5,43.2,5.47,1.103,12.48,16.24,0.0,0,62.45,5.0
SH04285,2025-11-19,Mumbai,East,Mumbai → East,SwiftMove,Road,Standard,Clear,73.2,1975.6,9.72,1.1,57.92,63.68,0.0,0,239.7,5.0
SH04286,2025-11-19,Mumbai,North,Mumbai → North,BlueLine,Road,Standard,Clear,634.0,1602.1,8.09,1.094,56.04,54.73,1.31,1,241.05,4.0
SH04287,2025-11-19,Nagpur,Central,Nagpur → Central,TransGo,Road,Standard,Clear,106.2,118.2,3.1,1.081,11.66,15.16,0.0,0,26.74,
SH04288,2025-11-19,Bengaluru,North,Bengaluru → North,RapidFreight,Air,Express,Clear,81.9,2133.0,4.77,1.091,20.92,31.05,0.0,0,455.91,5.0
SH04289,2025-11-19,Bengaluru,North,Bengaluru → North,TransGo,Road,Standard,Clear,532.7,2137.6,4.16,1.111,65.2,64.69,0.51,1,280.12,5.0
SH04290,2025-11-19,Delhi,South,Delhi → South,RapidFreight,Air,Express,Clear,1000.7,2057.7,7.42,1.102,24.15,31.49,0.0,0,1498.7,5.0
SH04291,2025-11-19,Nagpur,East,Nagpur → East,SwiftMove,Road,Standard,Clear,142.8,1245.3,5.22,1.108,37.68,42.16,0.0,0,184.89,5.0
SH04292,2025-11-19,Mumbai,South,Mumbai → South,TransGo,Rail,Standard,Rain,260.4,1123.6,8.07,1.105,67.4,68.34,0.0,0,98.46,5.0
SH04293,2025-11-19,Delhi,North,Delhi → North,RapidFreight,Road,Standard,Clear,1352.7,247.0,7.36,1.1,18.11,19.97,0.0,0,140.37,5.0
SH04294,2025-11-19,Bengaluru,South,Bengaluru → South,TransGo,Road,Standard,Clear,172.1,289.1,4.54,1.101,19.95,20.4,0.0,0,47.98,5.0
SH04295,2025-11-19,Delhi,North,Delhi → North,SwiftMove,Road,Standard,Clear,25.1,63.1,8.66,1.108,14.77,15.56,0.0,0,25.54,5.0
SH04296,2025-11-19,Delhi,North,Delhi → North,SwiftMove,Road,Standard,Clear,263.3,129.0,5.38,1.106,15.11,17.14,0.0,0,47.3,5.0
SH04297,2025-11-19,Kolkata,North,Kolkata → North,SwiftMove,Road,Standard,Clear,354.3,1465.2,5.14,1.115,42.78,50.3,0.0,0,228.55,5.0
SH04298,2025-11-19,Bengaluru,Central,Bengaluru → Central,BlueLine,Rail,Standard,Clear,276.6,1121.9,5.13,1.114,53.61,65.41,0.0,0,127.23,5.0
SH04299,2025-11-19,Mumbai,West,Mumbai → West,RapidFreight,Road,Standard,Clear,400.5,92.7,6.9,1.111,18.04,18.57,0.0,0,63.31,4.0
SH04300,2025-11-20,Mumbai,South,Mumbai → South,TransGo,Road,Standard,Clear,213.3,1023.1,10.0,1.082,46.2,40.86,5.34,1,168.08,4.0
SH04301,2025-11-20,Delhi,West,Delhi → West,TransGo,Road,Standard,Fog,326.1,1295.2,5.6,1.099,56.56,45.08,11.48,1,160.72,5.0
SH04302,2025-11-20,Kolkata,East,Kolkata → East,BlueLine,Road,Standard,Clear,1133.4,49.3,6.28,1.112,18.66,16.38,2.28,1,87.42,3.0
SH04303,2025-11-20,Kolkata,South,Kolkata → South,RapidFreight,Road,Standard,Clear,814.5,1780.6,3.71,1.088,41.84,57.86,0.0,0,321.56,5.0
SH04304,2025-11-20,Delhi,North,Delhi → North,SwiftMove,Road,Standard,Rain,271.0,148.5,2.53,1.09,14.62,17.61,0.0,0,41.88,4.0
SH04305,2025-11-20,Delhi,North,Delhi → North,RapidFreight,Road,Express,Clear,341.5,317.7,6.64,1.118,16.66,20.29,0.0,0,117.65,
SH04306,2025-11-20,Mumbai,North,Mumbai → North,SwiftMove,Rail,Standard,Rain,69.6,1329.6,9.12,1.095,69.12,74.92,0.0,0,118.9,5.0
SH04307,2025-11-20,Mumbai,South,Mumbai → South,BlueLine,Road,Standard,Rain,107.6,957.5,6.44,1.095,44.93,39.29,5.64,1,133.21,5.0
SH04308,2025-11-20,Kolkata,South,Kolkata → South,SwiftMove,Air,Express,Clear,154.4,1893.0,5.77,1.096,24.05,32.35,0.0,0,420.28,5.0
SH04309,2025-11-20,Mumbai,East,Mumbai → East,BlueLine,Road,Express,Storm,343.7,2151.5,9.53,1.113,79.37,58.62,20.75,1,381.34,4.0
SH04310,2025-11-20,Nagpur,West,Nagpur → West,TransGo,Rail,Standard,Clear,289.2,800.3,6.63,1.096,46.28,53.99,0.0,0,80.48,5.0
SH04311,2025-11-20,Mumbai,South,Mumbai → South,TransGo,Road,Standard,Clear,349.9,935.9,7.1,1.093,47.13,38.77,8.35,1,136.37,4.0
SH04312,2025-11-20,Delhi,North,Delhi → North,SwiftMove,Road,Express,Clear,337.1,272.5,7.17,1.072,18.52,19.4,0.0,0,104.63,4.0
SH04313,2025-11-20,Nagpur,East,Nagpur → East,TransGo,Road,Standard,Clear,868.7,1053.7,4.98,1.089,41.01,37.57,3.44,1,210.46,5.0
SH04314,2025-11-20,Bengaluru,East,Bengaluru → East,RapidFreight,Rail,Standard,Rain,189.6,1977.8,6.04,1.112,71.47,92.75,0.0,0,204.22,4.0
SH04315,2025-11-20,Kolkata,East,Kolkata → East,RapidFreight,Road,Express,Clear,,99.9,6.58,1.099,11.88,17.16,0.0,0,113.12,5.0
SH04316,2025-11-20,Mumbai,Central,Mumbai → Central,RapidFreight,Road,Express,Clear,42.9,864.2,6.97,1.103,30.04,33.33,0.0,0,181.84,5.0
SH04317,2025-11-20,Nagpur,South,Nagpur → South,RapidFreight,Road,Standard,Rain,2675.9,981.8,5.43,1.109,36.27,35.85,0.43,1,370.5,4.0
SH04318,2025-11-20,Delhi,West,Delhi → West,BlueLine,Road,Standard,Clear,242.8,1556.1,6.5,1.097,51.94,51.33,0.61,1,210.0,4.0
SH04319,2025-11-20,Kolkata,North,Kolkata → North,SwiftMove,Road,Standard,Clear,771.6,1433.2,6.4,1.096,40.94,49.54,0.0,0,255.9,5.0
SH04320,2025-11-20,Delhi,South,Delhi → South,RapidFreight,Air,Express,Clear,306.8,2274.5,3.69,1.087,22.92,31.87,0.0,0,726.96,5.0
SH04321,2025-11-20,Nagpur,West,Nagpur → West,TransGo,Road,Standard,Clear,143.2,848.1,6.51,1.101,32.81,32.64,0.17,1,114.3,4.0
SH04322,2025-11-20,Delhi,West,Delhi → West,RapidFreight,Road,Standard,Clear,554.9,1403.9,5.58,1.087,41.49,47.68,0.0,0,266.58,4.0
SH04323,2025-11-20,Mumbai,West,Mumbai → West,BlueLine,Road,Standard,Clear,229.8,180.5,5.97,1.077,25.35,20.67,4.68,1,50.62,5.0
SH04324,2025-11-20,Kolkata,Central,Kolkata → Central,BlueLine,Rail,Standard,Clear,139.7,1034.0,6.08,1.075,65.21,64.33,0.88,1,107.0,5.0
SH04325,2025-11-21,Delhi,South,Delhi → South,SwiftMove,Rail,Standard,Rain,671.9,1986.1,6.28,1.101,80.27,93.59,0.0,0,177.23,
SH04326,2025-11-21,Kolkata,South,Kolkata → South,BlueLine,Rail,Standard,Clear,383.8,1842.6,7.81,1.096,93.63,90.16,3.47,1,182.33,5.0
SH04327,2025-11-21,Mumbai,East,Mumbai → East,RapidFreight,Rail,Standard,Rain,320.1,2136.5,5.94,1.099,91.69,100.7,0.0,0,213.74,5.0
SH04328,2025-11-21,Bengaluru,Central,Bengaluru → Central,SwiftMove,Road,Standard,Clear,192.2,1143.8,6.72,1.102,36.36,40.88,0.0,0,162.64,
SH04329,2025-11-21,Bengaluru,West,Bengaluru → West,SwiftMove,Road,Standard,Clear,298.9,971.7,4.28,1.078,32.69,36.76,0.0,0,154.1,5.0
SH04330,2025-11-21,Nagpur,East,Nagpur → East,SwiftMove,Rail,Standard,Clear,36.7,1212.5,4.45,1.098,47.75,67.16,0.0,0,124.08,5.0
SH04331,2025-11-21,Kolkata,West,Kolkata → West,RapidFreight,Rail,Standard,Storm,141.2,2035.3,4.2,1.096,88.99,96.32,0.0,0,211.16,4.0
SH04332,2025-11-21,Bengaluru,South,Bengaluru → South,SwiftMove,Road,Express,Clear,78.9,225.8,6.16,1.101,11.16,17.91,0.0,0,54.51,5.0
SH04333,2025-11-21,Kolkata,South,Kolkata → South,BlueLine,Rail,Standard,Clear,96.5,1868.3,6.53,1.099,88.69,90.98,0.0,0,150.51,5.0
SH04334,2025-11-21,Mumbai,North,Mumbai → North,SwiftMove,Road,Express,Storm,239.0,1554.7,7.18,1.096,58.17,46.89,11.27,1,291.63,4.0
SH04335,2025-11-21,Delhi,South,Delhi → South,TransGo,Road,Standard,Clear,372.3,1989.4,5.84,1.087,56.17,61.71,0.0,0,280.18,5.0
SH04336,2025-11-21,Bengaluru,South,Bengaluru → South,SwiftMove,Road,Express,Clear,340.9,80.6,5.86,1.106,10.88,15.06,0.0,0,46.86,4.0
SH04337,2025-11-21,Delhi,East,Delhi → East,RapidFreight,Air,Express,Clear,175.1,1556.8,7.61,1.098,23.21,30.6,0.0,0,479.97,5.0
SH04338,2025-11-21,Nagpur,South,Nagpur → South,TransGo,Road,Express,Rain,99.2,988.0,3.97,1.109,30.18,31.73,0.0,0,163.5,5.0
SH04339,2025-11-21,Delhi,South,Delhi → South,SwiftMove,Rail,Standard,Clear,822.3,2318.4,6.0,1.099,99.58,104.21,0.0,0,222.19,4.0
SH04340,2025-11-21,Mumbai,West,Mumbai → West,RapidFreight,Road,Standard,Rain,134.4,65.8,5.54,1.08,21.94,17.93,4.02,1,35.45,4.0
SH04341,2025-11-21,Mumbai,Central,Mumbai → Central,TransGo,Road,Standard,Clear,147.6,870.3,7.45,1.098,50.23,37.2,13.03,1,120.37,4.0
SH04342,2025-11-21,Mumbai,East,Mumbai → East,RapidFreight,Road,Standard,Rain,413.2,1950.1,9.77,1.101,64.95,63.07,1.87,1,349.53,5.0
SH04343,2025-11-22,Kolkata,West,Kolkata → West,TransGo,Air,Express,Clear,231.7,1847.8,7.91,1.087,32.72,32.27,0.45,1,462.56,5.0
SH04344,2025-11-22,Bengaluru,North,Bengaluru → North,SwiftMove,Road,Express,Rain,223.8,2096.2,5.88,1.12,47.05,54.66,0.0,0,348.97,5.0
SH04345,2025-11-22,Bengaluru,West,Bengaluru → West,SwiftMove,Rail,Standard,Clear,104.1,1021.4,7.27,1.085,50.86,62.2,0.0,0,97.56,4.0
SH04346,2025-11-22,Kolkata,North,Kolkata → North,BlueLine,Road,Express,Clear,433.5,1651.4,2.8,1.09,41.01,47.64,0.0,0,268.59,5.0
SH04347,2025-11-22,Mumbai,East,Mumbai → East,BlueLine,Road,Express,Clear,113.6,2250.5,6.57,1.094,57.04,60.56,0.0,0,351.41,5.0
SH04348,2025-11-22,Delhi,East,Delhi → East,RapidFreight,Road,Standard,Clear,257.4,1678.0,7.97,1.108,48.97,54.25,0.0,0,286.05,5.0
SH04349,2025-11-22,Mumbai,West,Mumbai → West,RapidFreight,Road,Express,Clear,1284.4,167.0,7.66,1.096,22.77,19.63,3.14,1,188.16,4.0
SH04350,2025-11-22,Bengaluru,West,Bengaluru → West,BlueLine,Road,Standard,Rain,78.6,1085.8,5.74,1.096,34.5,39.49,0.0,0,163.31,
SH04351,2025-11-22,Mumbai,West,Mumbai → West,BlueLine,Road,Standard,Clear,341.6,70.6,6.89,1.086,20.83,18.04,2.79,1,38.33,4.0
SH04352,2025-11-22,Nagpur,West,Nagpur → West,RapidFreight,Rail,Standard,Rain,355.6,823.6,5.19,1.091,45.98,54.73,0.0,0,109.5,5.0
SH04353,2025-11-22,Mumbai,Central,Mumbai → Central,SwiftMove,Road,Standard,Clear,513.5,770.1,9.88,1.108,37.31,34.8,2.51,1,168.0,5.0
SH04354,2025-11-22,Mumbai,Central,Mumbai → Central,TransGo,Road,Standard,Clear,166.2,874.2,6.72,1.109,40.58,37.29,3.28,1,102.68,4.0
SH04355,2025-11-22,Bengaluru,South,Bengaluru → South,RapidFreight,Road,Express,Clear,332.9,147.7,10.0,1.112,15.35,16.38,0.0,0,68.76,5.0
SH04356,2025-11-22,Mumbai,South,Mumbai → South,SwiftMove,Air,Express,Fog,673.6,1034.9,6.04,1.109,40.55,31.98,8.57,1,851.11,4.0
SH04357,2025-11-22,Kolkata,West,Kolkata → West,BlueLine,Road,Standard,Clear,267.7,1945.1,5.93,1.107,56.66,61.8,0.0,0,243.86,5.0
SH04358,2025-11-22,Bengaluru,East,Bengaluru → East,SwiftMove,Road,Express,Clear,157.8,1968.5,7.69,1.104,54.79,52.15,2.64,1,319.98,5.0
SH04359,2025-11-22,Bengaluru,North,Bengaluru → North,SwiftMove,Road,Standard,Rain,130.2,2170.5,5.86,1.088,61.03,65.48,0.0,0,318.14,4.0
SH04360,2025-11-22,Bengaluru,East,Bengaluru → East,BlueLine,Rail,Standard,Clear,473.1,1934.2,6.97,1.08,66.29,91.36,0.0,0,178.99,5.0
SH04361,2025-11-22,Mumbai,Central,Mumbai → Central,TransGo,Rail,Standard,Clear,85.1,838.1,7.04,1.108,60.92,59.22,1.69,1,76.07,4.0
SH04362,2025-11-22,Mumbai,East,Mumbai → East,SwiftMove,Road,Express,Clear,520.8,1903.8,6.15,1.091,54.38,53.75,0.63,1,342.82,5.0
SH04363,2025-11-22,Delhi,West,Delhi → West,TransGo,Road,Standard,Clear,488.9,1403.4,7.7,1.097,53.16,47.67,5.49,1,201.65,
SH04364,2025-11-23,Mumbai,North,Mumbai → North,RapidFreight,Road,Standard,Clear,168.3,1373.0,6.58,1.1,46.39,49.25,0.0,0,202.86,5.0
SH04365,2025-11-23,Delhi,North,Delhi → North,BlueLine,Road,Standard,Clear,458.5,339.7,8.04,1.11,22.79,22.19,0.6,1,80.69,4.0
SH04366,2025-11-23,Kolkata,West,Kolkata → West,RapidFreight,Air,Express,Clear,69.2,2156.7,6.58,1.112,22.93,32.82,0.0,0,466.54,5.0
SH04367,2025-11-23,Kolkata,West,Kolkata → West,RapidFreight,Air,Express,Clear,225.2,2230.3,8.24,1.11,28.31,32.95,0.0,0,563.39,5.0
SH04368,2025-11-23,Bengaluru,Central,Bengaluru → Central,SwiftMove,Road,Standard,Clear,175.5,924.6,5.55,1.089,26.77,35.63,0.0,0,133.43,5.0
SH04369,2025-11-23,Kolkata,West,Kolkata → West,TransGo,Road,Standard,Rain,173.4,2007.8,8.33,1.079,67.47,63.3,4.17,1,290.57,4.0
SH04370,2025-11-23,Mumbai,South,Mumbai → South,BlueLine,Road,Standard,Clear,84.9,1096.2,8.57,1.108,48.06,42.61,5.45,1,173.6,
SH04371,2025-11-23,Bengaluru,West,Bengaluru → West,TransGo,Rail,Standard,Clear,318.9,951.9,5.85,1.094,51.34,59.98,0.0,0,86.43,5.0
SH04372,2025-11-23,Delhi,South,Delhi → South,BlueLine,Air,Express,Clear,425.8,2156.0,6.27,1.097,30.51,31.66,0.0,0,680.71,5.0
SH04373,2025-11-23,Mumbai,South,Mumbai → South,BlueLine,Road,Standard,Clear,275.5,1018.0,8.09,1.099,44.65,40.74,3.91,1,143.91,5.0
SH04374,2025-11-23,Kolkata,West,Kolkata → West,SwiftMove,Road,Standard,Fog,868.9,2205.1,3.66,1.107,53.43,68.03,0.0,0,343.31,4.0
SH04375,2025-11-23,Nagpur,West,Nagpur → West,TransGo,Road,Standard,Clear,742.4,931.6,3.3,1.104,26.09,34.65,0.0,0,163.0,5.0
SH04376,2025-11-23,Bengaluru,South,Bengaluru → South,BlueLine,Road,Express,Clear,420.1,243.8,6.83,1.095,15.49,18.26,0.0,0,68.81,5.0
SH04377,2025-11-23,Delhi,South,Delhi → South,SwiftMove,Road,Express,Storm,139.0,2394.4,8.07,1.082,67.55,61.09,6.46,1,371.0,4.0
SH04378,2025-11-23,Bengaluru,East,Bengaluru → East,SwiftMove,Road,Standard,Clear,120.9,2039.5,6.69,1.096,56.05,62.34,0.0,0,250.89,5.0
SH04379,2025-11-23,Delhi,West,Delhi → West,RapidFreight,Road,Standard,Clear,144.5,1598.5,7.26,1.093,43.09,52.35,0.0,0,263.25,4.0
SH04380,2025-11-23,Mumbai,East,Mumbai → East,BlueLine,Road,Standard,Clear,660.7,1854.3,3.82,1.088,54.89,60.78,0.0,0,263.82,5.0
SH04381,2025-11-24,Delhi,East,Delhi → East,SwiftMove,Rail,Standard,Clear,733.4,1546.0,8.27,1.091,71.32,79.54,0.0,0,144.66,5.0
SH04382,2025-11-24,Nagpur,South,Nagpur → South,SwiftMove,Rail,Standard,Clear,121.4,925.2,7.19,1.103,57.56,57.98,0.0,0,99.67,4.0
SH04383,2025-11-24,Mumbai,East,Mumbai → East,BlueLine,Rail,Standard,Clear,361.6,2277.3,5.7,1.078,90.91,105.2,0.0,0,188.15,5.0
SH04384,2025-11-24,Mumbai,South,Mumbai → South,BlueLine,Rail,Standard,Clear,176.5,1125.4,6.34,1.088,60.86,68.4,0.0,0,102.4,4.0
SH04385,2025-11-24,Bengaluru,East,Bengaluru → East,TransGo,Road,Standard,Clear,186.9,2010.2,7.25,1.099,60.64,61.64,0.0,0,244.53,4.0
SH04386,2025-11-24,Bengaluru,East,Bengaluru → East,SwiftMove,Road,Express,Clear,1197.7,2032.7,5.71,1.089,47.79,53.41,0.0,0,385.58,5.0
SH04387,2025-11-24,Delhi,East,Delhi → East,RapidFreight,Road,Standard,Rain,233.0,1665.8,6.7,1.118,53.71,53.96,0.0,0,289.9,5.0
SH04388,2025-11-24,Delhi,South,Delhi → South,SwiftMove,Air,Express,Clear,16.1,2196.9,6.54,1.099,27.76,31.74,0.0,0,355.8,4.0
SH04389,2025-11-24,Kolkata,East,Kolkata → East,SwiftMove,Road,Express,Clear,202.0,340.7,6.46,1.098,15.98,21.89,0.0,0,81.9,5.0
SH04390,2025-11-24,Mumbai,North,Mumbai → North,RapidFreight,Road,Express,Clear,55.4,1534.7,7.09,1.1,47.63,46.5,1.13,1,284.77,5.0
SH04391,2025-11-24,Mumbai,East,Mumbai → East,RapidFreight,Rail,Standard,Clear,89.1,2233.5,7.03,1.112,102.44,103.8,0.0,0,226.93,4.0
SH04392,2025-11-24,Mumbai,South,Mumbai → South,SwiftMove,Road,Standard,Rain,361.9,1054.6,6.81,1.109,45.59,41.62,3.97,1,158.75,4.0
SH04393,2025-11-24,Mumbai,South,Mumbai → South,TransGo,Road,Express,Clear,250.2,953.2,5.91,1.123,39.03,35.08,3.95,1,150.52,
SH04394,2025-11-24,Delhi,Central,Delhi → Central,RapidFreight,Road,Standard,Clear,161.6,1128.8,6.58,1.088,40.41,41.09,0.0,0,197.05,
SH04395,2025-11-24,Kolkata,East,Kolkata → East,TransGo,Road,Standard,Clear,953.1,286.4,7.43,1.082,28.12,22.06,6.06,1,99.46,4.0
SH04396,2025-11-24,Bengaluru,North,Bengaluru → North,SwiftMove,Air,Express,Clear,128.4,2136.4,6.32,1.093,22.02,31.05,0.0,0,423.93,5.0
SH04397,2025-11-24,Bengaluru,North,Bengaluru → North,SwiftMove,Road,Express,Clear,55.8,2390.6,2.33,1.128,42.77,60.44,0.0,0,368.66,5.0
SH04398,2025-11-24,Delhi,East,Delhi → East,TransGo,Air,Express,Clear,206.7,1681.6,6.03,1.09,35.17,30.83,4.35,1,406.38,4.0
SH04399,2025-11-25,Mumbai,West,Mumbai → West,RapidFreight,Road,Standard,Clear,322.4,239.2,6.47,1.112,23.41,22.08,1.33,1,76.62,4.0
SH04400,2025-11-25,Bengaluru,West,Bengaluru → West,BlueLine,Air,Express,Clear,365.7,975.7,6.99,1.1,26.27,29.0,0.0,0,513.71,5.0
SH04401,2025-11-25,Delhi,West,Delhi → West,RapidFreight,Road,Standard,Rain,127.4,1336.1,9.79,1.083,55.89,46.06,9.82,1,211.74,4.0
SH04402,2025-11-25,Delhi,East,Delhi → East,BlueLine,Road,Standard,Clear,280.4,1595.9,6.58,1.099,44.83,52.29,0.0,0,220.19,5.0
SH04403,2025-11-25,Bengaluru,East,Bengaluru → East,BlueLine,Rail,Standard,Clear,629.5,1746.9,7.93,1.101,75.43,85.38,0.0,0,170.57,5.0
SH04404,2025-11-25,Kolkata,East,Kolkata → East,BlueLine,Road,Express,Clear,188.6,112.1,4.92,1.111,13.4,17.4,0.0,0,50.15,4.0
SH04405,2025-11-25,Mumbai,East,Mumbai → East,SwiftMove,Road,Standard,Rain,92.5,2289.8,6.34,1.117,72.81,71.21,1.6,1,312.22,5.0
SH04406,2025-11-25,Mumbai,North,Mumbai → North,RapidFreight,Rail,Standard,Clear,555.2,1337.7,4.04,1.098,62.69,75.18,0.0,0,168.15,4.0
SH04407,2025-11-25,Nagpur,West,Nagpur → West,RapidFreight,Air,Express,Clear,556.9,804.7,3.29,1.098,19.11,27.55,0.0,0,1013.71,5.0
SH04408,2025-11-25,Bengaluru,Central,Bengaluru → Central,RapidFreight,Air,Express,Clear,26.7,945.8,5.52,1.093,18.61,28.95,0.0,0,214.11,5.0
SH04409,2025-11-25,Bengaluru,South,Bengaluru → South,RapidFreight,Road,Express,Clear,263.8,307.6,4.53,1.118,12.69,19.52,0.0,0,101.42,5.0
SH04410,2025-11-25,Mumbai,East,Mumbai → East,SwiftMove,Road,Standard,Clear,37.8,2176.6,9.58,1.102,66.09,68.5,0.0,0,257.13,
SH04411,2025-11-25,Bengaluru,West,Bengaluru → West,RapidFreight,Rail,Standard,Clear,946.6,1007.4,7.99,1.117,47.24,61.76,0.0,0,141.08,5.0
SH04412,2025-11-25,Bengaluru,East,Bengaluru → East,BlueLine,Road,Express,Fog,343.2,1820.8,5.92,1.103,41.68,49.25,0.0,0,330.06,4.0
SH04413,2025-11-25,Bengaluru,South,Bengaluru → South,BlueLine,Road,Standard,Storm,746.3,349.1,4.7,1.1,37.21,21.84,15.37,1,110.49,4.0
SH04414,2025-11-25,Bengaluru,North,Bengaluru → North,BlueLine,Road,Express,Clear,416.4,2038.2,6.57,1.107,45.03,53.52,0.0,0,298.75,4.0
SH04415,2025-11-25,Mumbai,East,Mumbai → East,TransGo,Road,Standard,Clear,326.0,1959.8,6.18,1.089,58.34,63.3,0.0,0,223.66,
SH04416,2025-11-25,Mumbai,South,Mumbai → South,RapidFreight,Road,Standard,Clear,144.5,1100.7,5.83,1.094,38.25,42.72,0.0,0,205.94,4.0
SH04417,2025-11-25,Delhi,East,Delhi → East,BlueLine,Road,Standard,Rain,80.3,1540.1,7.01,1.098,43.06,50.95,0.0,0,211.09,5.0
SH04418,2025-11-25,Mumbai,South,Mumbai → South,RapidFreight,Road,Standard,Clear,83.5,1099.9,7.68,1.099,38.41,42.7,0.0,0,179.99,5.0
SH04419,2025-11-25,Kolkata,East,Kolkata → East,SwiftMove,Road,Standard,Clear,90.8,111.1,6.15,1.103,16.16,17.86,0.0,0,33.07,5.0
SH04420,2025-11-25,Delhi,West,Delhi → West,SwiftMove,Rail,Standard,Clear,191.1,1299.5,4.63,1.082,62.9,71.66,0.0,0,122.84,5.0
SH04421,2025-11-25,Nagpur,North,Nagpur → North,TransGo,Road,Standard,Clear,91.6,1065.5,9.82,1.1,36.59,37.85,0.0,0,146.05,4.0
SH04422,2025-11-25,Mumbai,East,Mumbai → East,TransGo,Road,Standard,Clear,114.3,2021.1,5.23,1.098,63.04,64.77,0.0,0,244.44,4.0
SH04423,2025-11-25,Kolkata,East,Kolkata → East,BlueLine,Road,Standard,Clear,36.2,260.4,6.8,1.114,18.52,21.44,0.0,0,42.3,4.0
SH04424,2025-11-26,Bengaluru,North,Bengaluru → North,RapidFreight,Air,Express,Clear,659.7,2157.3,6.16,1.085,24.85,31.09,0.0,0,1225.17,5.0
SH04425,2025-11-26,Delhi,North,Delhi → North,BlueLine,Road,Standard,Clear,329.1,114.5,7.08,1.121,17.54,16.79,0.75,1,54.5,5.0
SH04426,2025-11-26,Bengaluru,East,Bengaluru → East,SwiftMove,Road,Standard,Clear,98.1,1971.9,5.08,1.086,47.28,60.72,0.0,0,258.08,5.0
SH04427,2025-11-26,Bengaluru,West,Bengaluru → West,TransGo,Rail,Standard,Rain,492.5,1002.0,7.53,1.106,67.7,61.58,6.12,1,98.87,4.0
SH04428,2025-11-26,Kolkata,East,Kolkata → East,RapidFreight,Road,Standard,Clear,,215.9,4.83,1.096,11.04,20.37,0.0,0,58.43,4.0
SH04429,2025-11-26,Kolkata,North,Kolkata → North,SwiftMove,Air,Express,Clear,292.5,1491.1,6.75,1.119,23.22,31.64,0.0,0,573.72,5.0
SH04430,2025-11-26,Delhi,West,Delhi → West,BlueLine,Road,Standard,Clear,988.6,1606.4,6.91,1.101,51.81,52.54,0.0,0,283.08,5.0
SH04431,2025-11-26,Nagpur,East,Nagpur → East,RapidFreight,Rail,Standard,Clear,698.4,1153.6,6.24,1.115,57.73,65.27,0.0,0,160.84,4.0
SH04432,2025-11-26,Bengaluru,East,Bengaluru → East,BlueLine,Road,Standard,Clear,22.4,1915.7,4.16,1.113,48.01,59.37,0.0,0,217.23,5.0
SH04433,2025-11-26,Mumbai,North,Mumbai → North,SwiftMove,Road,Standard,Clear,104.1,1516.8,6.49,1.102,45.26,52.69,0.0,0,190.92,5.0
SH04434,2025-11-26,Mumbai,East,Mumbai → East,RapidFreight,Road,Express,Clear,1739.1,2127.3,8.17,1.099,51.67,58.14,0.0,0,558.2,5.0
SH04435,2025-11-26,Delhi,West,Delhi → West,TransGo,Road,Standard,Clear,503.6,1561.3,5.34,1.105,55.63,51.46,4.17,1,188.48,4.0
SH04436,2025-11-26,Mumbai,South,Mumbai → South,BlueLine,Road,Express,Clear,256.7,1078.4,4.17,1.084,36.65,37.54,0.0,0,162.91,5.0
SH04437,2025-11-26,Delhi,South,Delhi → South,BlueLine,Road,Standard,Clear,250.8,2221.8,8.41,1.12,54.86,67.28,0.0,0,280.96,4.0
SH04438,2025-11-26,Kolkata,North,Kolkata → North,SwiftMove,Air,Express,Clear,93.0,1633.2,7.29,1.081,25.63,31.89,0.0,0,360.79,5.0
SH04439,2025-11-26,Mumbai,North,Mumbai → North,SwiftMove,Road,Express,Clear,464.5,1418.3,6.83,1.112,48.22,44.21,4.01,1,271.64,5.0
SH04440,2025-11-26,Mumbai,East,Mumbai → East,SwiftMove,Road,Standard,Clear,61.5,1911.9,5.82,1.116,56.68,62.16,0.0,0,245.06,4.0
SH04441,2025-11-26,Bengaluru,West,Bengaluru → West,SwiftMove,Road,Express,Clear,209.5,947.0,8.04,1.091,26.52,32.08,0.0,0,198.41,5.0
SH04442,2025-11-26,Bengaluru,North,Bengaluru → North,TransGo,Road,Standard,Clear,32.3,2330.4,8.01,1.081,56.6,69.31,0.0,0,252.17,5.0
SH04443,2025-11-26,Delhi,Central,Delhi → Central,BlueLine,Road,Standard,Clear,221.7,1116.6,6.63,1.123,42.67,40.8,1.87,1,166.07,5.0
SH04444,2025-11-27,Bengaluru,West,Bengaluru → West,SwiftMove,Rail,Standard,Clear,136.2,1107.1,6.82,1.093,52.34,64.94,0.0,0,101.99,5.0
SH04445,2025-11-27,Mumbai,South,Mumbai → South,SwiftMove,Rail,Standard,Clear,57.8,954.7,5.04,1.092,55.4,62.95,0.0,0,94.9,4.0
SH04446,2025-11-27,Bengaluru,West,Bengaluru → West,RapidFreight,Road,Express,Rain,361.5,911.8,5.12,1.092,32.33,31.39,0.94,1,211.54,4.0
SH04447,2025-11-27,Mumbai,South,Mumbai → South,TransGo,Rail,Standard,Clear,,1050.6,10.0,1.1,70.03,66.01,4.02,1,121.71,4.0
SH04448,2025-11-27,Delhi,North,Delhi → North,RapidFreight,Road,Standard,Clear,313.2,168.9,6.66,1.099,14.41,18.1,0.0,0,69.52,5.0
SH04449,2025-11-27,Kolkata,South,Kolkata → South,TransGo,Road,Express,Clear,813.7,1885.1,5.22,1.098,46.88,52.23,0.0,0,326.67,5.0
SH04450,2025-11-27,Bengaluru,South,Bengaluru → South,TransGo,Road,Standard,Clear,185.5,208.8,5.97,1.098,21.16,18.48,2.68,1,42.67,5.0
SH04451,2025-11-28,Nagpur,North,Nagpur → North,TransGo,Road,Standard,Clear,96.4,1040.0,6.12,1.109,36.85,37.24,0.0,0,131.45,5.0
SH04452,2025-11-28,Kolkata,North,Kolkata → North,SwiftMove,Road,Standard,Clear,130.9,1410.0,5.3,1.105,36.53,48.98,0.0,0,197.22,5.0
SH04453,2025-11-28,Delhi,South,Delhi → South,SwiftMove,Rail,Standard,Clear,145.4,2080.6,6.87,1.099,65.59,96.61,0.0,0,179.83,
SH04454,2025-11-28,Delhi,North,Delhi → North,SwiftMove,Road,Standard,Rain,619.3,56.9,7.86,1.098,16.82,15.41,1.41,1,56.07,5.0
SH04455,2025-11-28,Delhi,Central,Delhi → Central,SwiftMove,Road,Standard,Clear,55.5,1154.6,6.09,1.093,39.63,41.71,0.0,0,172.95,5.0
SH04456,2025-11-28,Mumbai,West,Mumbai → West,RapidFreight,Road,Standard,Clear,204.5,76.6,8.76,1.106,19.38,18.19,1.19,1,38.07,4.0
SH04457,2025-11-28,Delhi,South,Delhi → South,RapidFreight,Road,Express,Clear,263.1,1981.7,5.17,1.113,41.44,52.98,0.0,0,366.19,4.0
SH04458,2025-11-28,Bengaluru,North,Bengaluru → North,TransGo,Road,Standard,Clear,122.7,1983.8,6.64,1.089,54.16,61.0,0.0,0,229.75,5.0
SH04459,2025-11-28,Nagpur,West,Nagpur → West,SwiftMove,Road,Standard,Clear,225.7,863.3,3.9,1.091,26.87,33.01,0.0,0,128.37,5.0
SH04460,2025-11-28,Bengaluru,North,Bengaluru → North,TransGo,Road,Express,Clear,13.4,2040.1,6.81,1.086,49.8,53.55,0.0,0,283.45,4.0
SH04461,2025-11-28,Mumbai,West,Mumbai → West,BlueLine,Road,Express,Clear,315.8,92.2,7.13,1.104,20.81,18.16,2.65,1,48.59,5.0
SH04462,2025-11-28,Kolkata,Central,Kolkata → Central,BlueLine,Road,Standard,Clear,199.5,1219.9,6.8,1.091,41.07,44.43,0.0,0,176.71,3.0
SH04463,2025-11-28,Mumbai,West,Mumbai → West,SwiftMove,Road,Standard,Clear,126.0,244.9,10.0,1.105,28.22,22.22,6.0,1,48.39,4.0
SH04464,2025-11-28,Delhi,Central,Delhi → Central,SwiftMove,Road,Standard,Clear,39.5,1048.7,7.45,1.09,30.19,39.18,0.0,0,150.26,4.0
SH04465,2025-11-28,Bengaluru,East,Bengaluru → East,BlueLine,Air,Express,Clear,80.0,1933.1,7.36,1.108,27.69,30.7,0.0,0,403.47,
SH04466,2025-11-28,Kolkata,West,Kolkata → West,TransGo,Road,Standard,Clear,71.2,1948.4,4.96,1.096,60.49,61.88,0.0,0,243.43,5.0
SH04467,2025-11-28,Nagpur,Central,Nagpur → Central,TransGo,Road,Standard,Clear,618.8,261.4,4.95,1.112,18.79,18.59,0.2,1,65.57,4.0
SH04468,2025-11-28,Delhi,North,Delhi → North,BlueLine,Road,Standard,Clear,250.3,263.6,5.59,1.09,20.14,20.36,0.0,0,59.55,4.0
SH04469,2025-12-01,Kolkata,South,Kolkata → South,SwiftMove,Road,Standard,Fog,226.4,2134.3,4.91,1.105,62.84,66.33,0.0,0,329.33,5.0
SH04470,2025-12-01,Delhi,East,Delhi → East,SwiftMove,Rail,Standard,Clear,484.1,1514.9,6.58,1.126,66.32,78.54,0.0,0,149.83,4.0
SH04471,2025-12-01,Mumbai,South,Mumbai → South,TransGo,Road,Standard,Clear,152.3,979.9,7.21,1.109,43.9,39.83,4.07,1,121.85,4.0
SH04472,2025-12-01,Bengaluru,Central,Bengaluru → Central,TransGo,Rail,Standard,Fog,139.2,1007.1,6.0,1.114,60.72,61.75,0.0,0,81.44,3.0
SH04473,2025-12-01,Bengaluru,East,Bengaluru → East,SwiftMove,Road,Express,Fog,280.2,1894.8,8.03,1.117,43.83,50.7,0.0,0,366.8,5.0
SH04474,2025-12-01,Kolkata,North,Kolkata → North,TransGo,Rail,Standard,Clear,864.4,1608.1,5.59,1.105,71.24,82.67,0.0,0,149.45,5.0
SH04475,2025-12-01,Mumbai,Central,Mumbai → Central,SwiftMove,Road,Standard,Clear,218.6,781.0,8.13,1.106,33.69,35.06,0.0,0,123.14,5.0
SH04476,2025-12-01,Bengaluru,South,Bengaluru → South,SwiftMove,Road,Standard,Clear,144.4,151.0,4.55,1.099,11.14,17.09,0.0,0,37.37,4.0
SH04477,2025-12-01,Delhi,South,Delhi → South,RapidFreight,Road,Standard,Clear,433.6,2312.5,5.86,1.091,56.99,69.45,0.0,0,347.38,4.0
SH04478,2025-12-01,Mumbai,Central,Mumbai → Central,RapidFreight,Road,Express,Storm,243.9,945.2,5.38,1.111,38.06,34.92,3.14,1,258.49,4.0
SH04479,2025-12-01,Kolkata,West,Kolkata → West,RapidFreight,Road,Express,Fog,360.3,2190.8,6.52,1.12,56.22,58.24,0.0,0,493.62,4.0
SH04480,2025-12-01,Mumbai,South,Mumbai → South,RapidFreight,Road,Standard,Clear,2129.3,1014.2,7.14,1.12,41.1,40.65,0.45,1,341.0,5.0
SH04481,2025-12-01,Delhi,West,Delhi → West,SwiftMove,Road,Express,Clear,747.3,1537.9,5.68,1.104,38.58,44.26,0.0,0,320.74,5.0
SH04482,2025-12-01,Delhi,West,Delhi → West,SwiftMove,Road,Standard,Clear,65.9,1602.7,7.8,1.106,47.31,52.45,0.0,0,214.05,4.0
SH04483,2025-12-01,Kolkata,West,Kolkata → West,TransGo,Road,Standard,Clear,959.3,1900.3,5.53,1.128,57.41,60.73,0.0,0,290.1,5.0
SH04484,2025-12-01,Nagpur,South,Nagpur → South,SwiftMove,Road,Standard,Fog,807.1,955.1,6.62,1.097,36.35,35.21,1.14,1,191.66,5.0
SH04485,2025-12-01,Bengaluru,South,Bengaluru → South,SwiftMove,Road,Standard,Clear,527.9,150.2,3.97,1.111,9.83,17.07,0.0,0,65.64,5.0
SH04486,2025-12-01,Kolkata,South,Kolkata → South,BlueLine,Rail,Standard,Fog,79.3,1721.3,5.71,1.106,89.71,86.28,3.42,1,152.42,4.0
SH04487,2025-12-01,Kolkata,Central,Kolkata → Central,SwiftMove,Road,Standard,Clear,103.2,1143.6,6.58,1.126,32.39,42.6,0.0,0,169.32,5.0
SH04488,2025-12-01,Nagpur,East,Nagpur → East,SwiftMove,Road,Standard,Clear,1376.8,1242.6,5.39,1.122,32.66,42.09,0.0,0,260.45,5.0
SH04489,2025-12-01,Mumbai,West,Mumbai → West,TransGo,Road,Standard,Clear,138.3,263.2,8.43,1.108,32.42,22.66,9.76,1,51.31,5.0
SH04490,2025-12-01,Kolkata,South,Kolkata → South,BlueLine,Road,Standard,Clear,339.0,1838.0,5.19,1.102,43.3,59.23,0.0,0,279.34,
SH04491,2025-12-01,Mumbai,South,Mumbai → South,BlueLine,Road,Express,Clear,227.7,971.0,5.26,1.113,42.86,35.43,7.43,1,197.44,4.0
SH04492,2025-12-01,Delhi,West,Delhi → West,TransGo,Road,Standard,Rain,674.0,1516.0,4.7,1.107,48.86,50.37,0.0,0,272.84,5.0
SH04493,2025-12-01,Kolkata,North,Kolkata → North,SwiftMove,Road,Standard,Clear,630.7,1708.9,6.79,1.098,49.54,56.14,0.0,0,299.58,5.0
SH04494,2025-12-02,Nagpur,West,Nagpur → West,TransGo,Rail,Standard,Clear,85.2,783.5,6.46,1.12,48.72,53.46,0.0,0,75.77,5.0
SH04495,2025-12-02,Kolkata,Central,Kolkata → Central,BlueLine,Road,Standard,Clear,617.4,1059.3,7.9,1.116,34.69,40.58,0.0,0,178.37,5.0
SH04496,2025-12-02,Bengaluru,North,Bengaluru → North,SwiftMove,Road,Standard,Clear,95.7,2336.8,4.44,1.108,59.74,69.46,0.0,0,263.17,5.0
SH04497,2025-12-02,Kolkata,Central,Kolkata → Central,BlueLine,Rail,Standard,Clear,144.9,1100.3,6.16,1.108,49.24,66.45,0.0,0,87.33,5.0
SH04498,2025-12-02,Kolkata,North,Kolkata → North,RapidFreight,Air,Express,Clear,321.3,1459.4,5.71,1.096,22.11,31.58,0.0,0,759.17,5.0
SH04499,2025-12-02,Delhi,North,Delhi → North,RapidFreight,Road,Express,Rain,62.0,185.9,4.57,1.099,15.49,17.7,0.0,0,54.21,5.0
SH04500,2025-12-02,Bengaluru,North,Bengaluru → North,SwiftMove,Road,Standard,Clear,103.6,2357.4,4.03,1.111,48.86,69.95,0.0,0,292.85,5.0
SH04501,2025-12-02,Mumbai,South,Mumbai → South,TransGo,Road,Standard,Clear,94.4,934.7,8.74,1.098,44.54,38.74,5.8,1,119.69,5.0
SH04502,2025-12-02,Delhi,South,Delhi → South,SwiftMove,Road,Standard,Clear,227.6,2233.3,4.37,1.126,63.01,67.56,0.0,0,289.12,4.0
SH04503,2025-12-02,Kolkata,Central,Kolkata → Central,TransGo,Air,Express,Clear,234.3,1243.2,3.52,1.104,28.1,31.2,0.0,0,390.77,4.0
SH04504,2025-12-02,Nagpur,North,Nagpur → North,BlueLine,Air,Express,Clear,280.3,1134.5,4.49,1.113,21.61,28.13,0.0,0,443.92,5.0
SH04505,2025-12-02,Kolkata,South,Kolkata → South,SwiftMove,Rail,Standard,Fog,644.0,1815.9,4.5,1.106,69.83,89.31,0.0,0,188.19,
SH04506,2025-12-02,Bengaluru,North,Bengaluru → North,BlueLine,Rail,Standard,Clear,220.8,2180.1,4.34,1.116,91.23,99.22,0.0,0,181.18,5.0
SH04507,2025-12-02,Mumbai,East,Mumbai → East,BlueLine,Rail,Standard,Clear,196.1,2087.7,8.22,1.117,88.23,99.14,0.0,0,178.09,
SH04508,2025-12-02,Delhi,East,Delhi → East,TransGo,Road,Standard,Clear,603.7,1657.4,5.58,1.102,46.61,53.76,0.0,0,248.3,5.0
SH04509,2025-12-02,Kolkata,North,Kolkata → North,TransGo,Rail,Standard,Clear,291.8,1616.0,4.77,1.116,70.2,82.92,0.0,0,135.72,5.0
SH04510,2025-12-02,Mumbai,West,Mumbai → West,RapidFreight,Road,Standard,Clear,716.5,87.9,8.3,1.114,19.55,18.46,1.09,1,77.79,5.0
SH04511,2025-12-02,Nagpur,West,Nagpur → West,SwiftMove,Road,Standard,Clear,215.5,815.9,7.7,1.118,25.1,31.87,0.0,0,125.21,4.0
SH04512,2025-12-03,Nagpur,North,Nagpur → North,TransGo,Road,Standard,Fog,1355.6,1152.3,7.0,1.111,37.77,39.93,0.0,0,258.64,5.0
SH04513,2025-12-03,Kolkata,North,Kolkata → North,TransGo,Road,Standard,Clear,112.4,1626.1,6.43,1.104,53.67,54.16,0.0,0,197.04,5.0
SH04514,2025-12-03,Nagpur,West,Nagpur → West,SwiftMove,Road,Standard,Clear,268.8,772.1,4.82,1.096,23.51,30.82,0.0,0,131.66,5.0
SH04515,2025-12-03,Nagpur,North,Nagpur → North,SwiftMove,Road,Express,Clear,86.5,1166.3,8.2,1.119,27.62,35.24,0.0,0,229.33,5.0
SH04516,2025-12-03,Bengaluru,South,Bengaluru → South,RapidFreight,Road,Standard,Clear,265.7,220.6,4.46,1.116,12.21,18.76,0.0,0,63.45,5.0
SH04517,2025-12-03,Delhi,West,Delhi → West,BlueLine,Road,Express,Fog,118.2,1428.3,4.95,1.105,42.6,42.11,0.49,1,223.41,5.0
SH04518,2025-12-03,Nagpur,North,Nagpur → North,SwiftMove,Road,Standard,Clear,815.1,1098.8,5.25,1.113,29.39,38.65,0.0,0,211.34,4.0
SH04519,2025-12-03,Bengaluru,East,Bengaluru → East,SwiftMove,Road,Standard,Clear,430.7,1777.5,5.51,1.111,45.76,56.06,0.0,0,266.02,4.0
SH04520,2025-12-03,Delhi,North,Delhi → North,BlueLine,Road,Standard,Clear,93.7,320.8,7.9,1.114,20.89,21.74,0.0,0,62.69,5.0
SH04521,2025-12-03,Kolkata,Central,Kolkata → Central,SwiftMove,Rail,Standard,Clear,323.4,1170.7,5.56,1.107,65.62,68.7,0.0,0,128.24,4.0
SH04522,2025-12-03,Delhi,South,Delhi → South,BlueLine,Road,Standard,Clear,539.0,2031.5,7.76,1.115,55.0,62.72,0.0,0,317.83,4.0
SH04523,2025-12-03,Mumbai,East,Mumbai → East,RapidFreight,Rail,Standard,Clear,568.1,1963.9,8.88,1.112,86.14,95.18,0.0,0,252.91,5.0
SH04524,2025-12-03,Nagpur,Central,Nagpur → Central,BlueLine,Road,Standard,Clear,221.3,164.9,5.32,1.104,11.86,16.28,0.0,0,47.66,4.0
SH04525,2025-12-03,Bengaluru,North,Bengaluru → North,BlueLine,Road,Standard,Clear,574.6,1979.9,5.68,1.102,56.61,60.91,0.0,0,282.52,
SH04526,2025-12-03,Delhi,Central,Delhi → Central,TransGo,Air,Express,Clear,120.1,1058.5,5.7,1.103,29.82,29.72,0.09,1,284.41,5.0
SH04527,2025-12-03,Mumbai,South,Mumbai → South,TransGo,Road,Standard,Clear,170.7,1117.1,5.63,1.108,47.58,43.11,4.47,1,159.56,4.0
SH04528,2025-12-03,Mumbai,East,Mumbai → East,SwiftMove,Road,Express,Fog,98.9,2268.2,6.13,1.097,68.95,60.91,8.04,1,442.17,5.0
SH04529,2025-12-03,Nagpur,Central,Nagpur → Central,TransGo,Road,Standard,Clear,200.1,348.8,5.87,1.119,18.91,20.68,0.0,0,64.74,5.0
SH04530,2025-12-03,Mumbai,South,Mumbai → South,TransGo,Road,Standard,Clear,139.4,940.6,8.27,1.146,46.68,38.89,7.79,1,130.5,5.0
SH04531,2025-12-03,Mumbai,Central,Mumbai → Central,BlueLine,Road,Standard,Clear,267.3,950.2,5.34,1.13,37.16,39.12,0.0,0,146.56,4.0
SH04532,2025-12-03,Kolkata,West,Kolkata → West,SwiftMove,Road,Standard,Clear,245.6,2189.6,7.95,1.087,61.23,67.66,0.0,0,353.39,5.0
SH04533,2025-12-03,Mumbai,East,Mumbai → East,TransGo,Air,Express,Clear,23.6,2261.3,6.75,1.11,40.12,34.15,5.97,1,328.7,4.0
SH04534,2025-12-04,Nagpur,East,Nagpur → East,RapidFreight,Road,Standard,Rain,197.0,1257.2,5.42,1.095,39.88,42.45,0.0,0,214.47,4.0
SH04535,2025-12-04,Bengaluru,South,Bengaluru → South,RapidFreight,Road,Express,Clear,195.4,234.2,4.48,1.102,13.1,18.08,0.0,0,86.88,5.0
SH04536,2025-12-04,Delhi,West,Delhi → West,SwiftMove,Rail,Standard,Clear,179.6,1490.3,6.75,1.091,63.72,77.76,0.0,0,136.41,4.0
SH04537,2025-12-04,Kolkata,South,Kolkata → South,TransGo,Rail,Standard,Fog,193.6,2003.8,4.29,1.121,93.22,95.31,0.0,0,144.54,5.0
SH04538,2025-12-04,Delhi,West,Delhi → West,TransGo,Rail,Standard,Clear,425.2,1474.5,6.54,1.12,62.97,77.25,0.0,0,132.28,5.0
SH04539,2025-12-04,Mumbai,East,Mumbai → East,TransGo,Road,Standard,Clear,99.1,1843.2,6.72,1.117,69.28,60.51,8.77,1,200.88,4.0
SH04540,2025-12-04,Mumbai,East,Mumbai → East,BlueLine,Rail,Standard,Fog,1608.2,2080.4,4.91,1.107,106.37,98.91,7.47,1,245.49,
SH04541,2025-12-04,Bengaluru,Central,Bengaluru → Central,TransGo,Road,Standard,Clear,366.3,975.2,5.34,1.113,33.27,36.84,0.0,0,132.69,5.0
SH04542,2025-12-04,Bengaluru,South,Bengaluru → South,SwiftMove,Road,Express,Clear,115.9,214.2,7.96,1.098,14.26,17.68,0.0,0,55.35,4.0
SH04543,2025-12-04,Bengaluru,South,Bengaluru → South,RapidFreight,Road,Standard,Clear,388.9,223.4,6.15,1.111,11.05,18.83,0.0,0,71.79,4.0
SH04544,2025-12-05,Kolkata,South,Kolkata → South,SwiftMove,Rail,Standard,Clear,289.0,2027.8,4.93,1.09,89.16,96.08,0.0,0,199.14,5.0
SH04545,2025-12-05,Mumbai,North,Mumbai → North,BlueLine,Air,Express,Clear,90.8,1575.6,8.3,1.094,32.63,32.94,0.0,0,362.6,5.0
SH04546,2025-12-05,Bengaluru,East,Bengaluru → East,TransGo,Road,Standard,Fog,1571.5,2127.5,7.57,1.116,77.07,64.45,12.63,1,353.01,4.0
SH04547,2025-12-05,Delhi,Central,Delhi → Central,BlueLine,Road,Standard,Clear,80.4,1157.6,4.6,1.105,37.78,41.78,0.0,0,178.77,5.0
SH04548,2025-12-05,Kolkata,East,Kolkata → East,SwiftMove,Road,Standard,Clear,466.0,298.3,8.11,1.104,21.27,22.35,0.0,0,98.49,5.0
SH04549,2025-12-05,Nagpur,West,Nagpur → West,SwiftMove,Air,Express,Clear,105.2,868.5,3.69,1.122,20.78,27.66,0.0,0,260.74,5.0
SH04550,2025-12-05,Delhi,North,Delhi → North,SwiftMove,Road,Express,Clear,189.3,144.4,6.2,1.117,14.34,16.89,0.0,0,53.44,4.0
SH04551,2025-12-05,Nagpur,West,Nagpur → West,TransGo,Road,Standard,Rain,287.9,894.7,5.94,1.117,35.6,33.76,1.84,1,102.11,4.0
SH04552,2025-12-05,Mumbai,North,Mumbai → North,TransGo,Air,Express,Clear,279.3,1411.1,6.41,1.128,35.18,32.65,2.54,1,463.72,4.0
SH04553,2025-12-05,Delhi,West,Delhi → West,SwiftMove,Road,Standard,Clear,287.4,1301.4,5.45,1.105,40.11,45.23,0.0,0,190.2,4.0
SH04554,2025-12-05,Nagpur,West,Nagpur → West,SwiftMove,Road,Standard,Rain,223.7,892.3,3.71,1.106,27.49,33.7,0.0,0,155.52,4.0
SH04555,2025-12-05,Kolkata,South,Kolkata → South,SwiftMove,Road,Standard,Clear,237.5,1741.9,4.89,1.101,46.69,56.93,0.0,0,287.3,4.0
SH04556,2025-12-05,Nagpur,East,Nagpur → East,SwiftMove,Road,Standard,Clear,889.7,1177.3,4.27,1.107,33.21,40.53,0.0,0,214.13,5.0
SH04557,2025-12-05,Delhi,South,Delhi → South,TransGo,Road,Standard,Fog,366.1,2378.2,4.93,1.118,73.77,71.03,2.74,1,352.88,5.0
SH04558,2025-12-05,Delhi,West,Delhi → West,BlueLine,Road,Standard,Rain,107.1,1301.7,6.49,1.097,46.38,45.24,1.14,1,191.72,4.0
SH04559,2025-12-05,Bengaluru,West,Bengaluru → West,SwiftMove,Rail,Standard,Clear,661.0,1009.1,7.65,1.116,44.87,61.81,0.0,0,141.87,4.0
SH04560,2025-12-05,Nagpur,South,Nagpur → South,SwiftMove,Rail,Standard,Clear,222.2,936.8,6.75,1.116,44.02,58.35,0.0,0,99.52,4.0
SH04561,2025-12-05,Delhi,East,Delhi → East,SwiftMove,Road,Standard,Clear,362.0,1399.8,9.47,1.108,45.75,47.59,0.0,0,197.11,4.0
SH04562,2025-12-05,Kolkata,South,Kolkata → South,BlueLine,Rail,Standard,Clear,210.3,1924.2,6.37,1.105,77.73,92.77,0.0,0,172.2,5.0
SH04563,2025-12-05,Mumbai,West,Mumbai → West,BlueLine,Road,Express,Clear,65.6,45.1,8.39,1.109,25.52,17.24,8.28,1,28.87,5.0
SH04564,2025-12-05,Bengaluru,East,Bengaluru → East,BlueLine,Road,Standard,Clear,296.4,2028.6,5.63,1.108,54.76,62.08,0.0,0,256.65,
SH04565,2025-12-05,Nagpur,Central,Nagpur → Central,SwiftMove,Road,Express,Clear,92.6,309.2,7.96,1.109,15.45,18.4,0.0,0,78.15,5.0
SH04566,2025-12-05,Mumbai,Central,Mumbai → Central,SwiftMove,Road,Standard,Fog,1541.9,811.6,6.76,1.112,43.75,35.79,7.96,1,231.63,4.0
SH04567,2025-12-05,Nagpur,East,Nagpur → East,SwiftMove,Rail,Standard,Clear,376.3,1031.1,7.94,1.105,52.8,61.36,0.0,0,116.92,5.0
SH04568,2025-12-05,Mumbai,East,Mumbai → East,BlueLine,Road,Standard,Clear,62.5,2028.6,8.0,1.124,56.71,64.95,0.0,0,235.41,4.0
SH04569,2025-12-05,Delhi,South,Delhi → South,RapidFreight,Rail,Standard,Clear,443.1,2109.7,6.99,1.116,75.07,97.54,0.0,0,213.32,5.0
SH04570,2025-12-05,Mumbai,Central,Mumbai → Central,SwiftMove,Road,Standard,Clear,57.7,859.3,6.37,1.102,32.16,36.94,0.0,0,121.32,4.0
SH04571,2025-12-06,Bengaluru,West,Bengaluru → West,BlueLine,Rail,Standard,Clear,48.6,962.1,5.19,1.102,50.94,60.31,0.0,0,94.52,5.0
SH04572,2025-12-06,Nagpur,Central,Nagpur → Central,TransGo,Road,Standard,Clear,5.0,203.0,6.36,1.116,17.75,17.19,0.57,1,31.37,5.0
SH04573,2025-12-06,Bengaluru,South,Bengaluru → South,BlueLine,Road,Express,Rain,470.4,221.5,5.74,1.12,18.15,17.83,0.32,1,85.84,5.0
SH04574,2025-12-06,Nagpur,South,Nagpur → South,RapidFreight,Rail,Standard,Fog,529.0,1103.4,5.82,1.1,62.37,63.67,0.0,0,164.63,5.0
SH04575,2025-12-06,Delhi,West,Delhi → West,RapidFreight,Rail,Standard,Clear,82.7,1437.3,8.81,1.124,65.24,76.06,0.0,0,171.22,4.0
SH04576,2025-12-06,Mumbai,Central,Mumbai → Central,SwiftMove,Rail,Standard,Fog,1156.0,843.1,5.28,1.117,59.19,59.38,0.0,0,130.12,4.0
SH04577,2025-12-06,Mumbai,East,Mumbai → East,BlueLine,Road,Standard,Clear,259.6,2173.0,5.99,1.116,60.22,68.41,0.0,0,251.45,5.0
SH04578,2025-12-06,Delhi,West,Delhi → West,TransGo,Rail,Standard,Clear,397.3,1556.3,8.64,1.106,67.71,79.86,0.0,0,127.64,4.0
SH04579,2025-12-06,Kolkata,West,Kolkata → West,BlueLine,Road,Standard,Clear,251.7,2115.9,5.07,1.125,55.09,65.89,0.0,0,259.38,5.0
SH04580,2025-12-06,Mumbai,North,Mumbai → North,SwiftMove,Rail,Standard,Rain,1150.4,1303.7,8.13,1.102,66.36,74.1,0.0,0,177.52,4.0
SH04581,2025-12-06,Nagpur,West,Nagpur → West,BlueLine,Road,Express,Fog,255.2,905.5,5.97,1.104,27.27,30.11,0.0,0,176.01,5.0
SH04582,2025-12-06,Mumbai,West,Mumbai → West,BlueLine,Road,Standard,Clear,320.8,281.2,6.93,1.132,27.96,23.09,4.87,1,77.3,
SH04583,2025-12-06,Mumbai,East,Mumbai → East,TransGo,Road,Express,Clear,131.7,2280.9,8.88,1.106,64.44,61.16,3.28,1,315.58,
SH04584,2025-12-06,Mumbai,South,Mumbai → South,RapidFreight,Road,Standard,Clear,868.4,903.4,8.04,1.123,38.08,37.99,0.08,1,225.76,5.0
SH04585,2025-12-06,Kolkata,West,Kolkata → West,SwiftMove,Road,Express,Fog,240.5,2259.7,5.77,1.107,52.67,59.59,0.0,0,345.24,5.0
SH04586,2025-12-06,Mumbai,Central,Mumbai → Central,TransGo,Road,Standard,Fog,105.5,936.7,8.62,1.111,52.5,38.79,13.71,1,123.65,
SH04587,2025-12-06,Mumbai,North,Mumbai → North,BlueLine,Road,Standard,Clear,245.6,1309.3,7.33,1.119,47.68,47.72,0.0,0,198.3,4.0
SH04588,2025-12-07,Mumbai,South,Mumbai → South,SwiftMove,Rail,Standard,Clear,1245.8,1083.0,6.87,1.104,59.34,67.05,0.0,0,150.28,4.0
SH04589,2025-12-07,Bengaluru,South,Bengaluru → South,SwiftMove,Road,Standard,Clear,60.9,327.0,8.7,1.099,19.18,21.31,0.0,0,57.85,5.0
SH04590,2025-12-07,Mumbai,Central,Mumbai → Central,SwiftMove,Air,Express,Clear,263.1,881.0,7.54,1.106,29.73,31.71,0.0,0,416.31,3.0
SH04591,2025-12-07,Bengaluru,South,Bengaluru → South,TransGo,Road,Standard,Clear,27.8,276.2,4.65,1.133,17.86,20.09,0.0,0,41.81,5.0
SH04592,2025-12-07,Mumbai,West,Mumbai → West,SwiftMove,Road,Standard,Fog,848.8,133.1,6.68,1.123,31.08,19.54,11.54,1,90.5,4.0
SH04593,2025-12-07,Mumbai,West,Mumbai → West,RapidFreight,Road,Standard,Clear,64.0,343.0,8.57,1.123,25.74,24.57,1.18,1,67.22,5.0
SH04594,2025-12-07,Bengaluru,South,Bengaluru → South,TransGo,Road,Express,Rain,248.7,289.2,7.83,1.126,23.91,19.16,4.75,1,69.27,5.0
SH04595,2025-12-07,Mumbai,South,Mumbai → South,TransGo,Air,Express,Clear,186.0,1097.8,7.39,1.1,32.81,32.09,0.72,1,353.92,5.0
SH04596,2025-12-07,Nagpur,North,Nagpur → North,RapidFreight,Road,Standard,Clear,204.4,996.3,6.3,1.13,28.98,36.19,0.0,0,166.68,5.0
SH04597,2025-12-07,Kolkata,South,Kolkata → South,TransGo,Air,Express,Fog,201.1,2145.8,4.52,1.134,34.87,32.8,2.08,1,514.11,4.0
SH04598,2025-12-07,Bengaluru,North,Bengaluru → North,TransGo,Road,Express,Clear,68.9,2124.9,3.59,1.12,53.36,55.22,0.0,0,340.71,
SH04599,2025-12-07,Kolkata,East,Kolkata → East,SwiftMove,Road,Express,Fog,244.4,148.3,8.3,1.111,15.89,18.11,0.0,0,63.18,5.0
SH04600,2025-12-07,Bengaluru,West,Bengaluru → West,SwiftMove,Road,Express,Clear,76.6,1030.1,3.96,1.111,24.63,33.71,0.0,0,196.68,4.0
SH04601,2025-12-07,Delhi,East,Delhi → East,TransGo,Road,Standard,Fog,150.2,1485.9,8.73,1.121,65.28,49.65,15.63,1,199.64,3.0
SH04602,2025-12-08,Bengaluru,West,Bengaluru → West,BlueLine,Road,Standard,Clear,342.0,1073.0,7.83,1.098,34.57,39.18,0.0,0,147.88,
SH04603,2025-12-08,Kolkata,Central,Kolkata → Central,BlueLine,Road,Express,Fog,531.5,1077.4,6.96,1.121,40.11,36.37,3.75,1,201.67,5.0
SH04604,2025-12-08,Bengaluru,East,Bengaluru → East,SwiftMove,Air,Express,Clear,293.1,1816.5,6.1,1.112,26.6,30.49,0.0,0,642.22,5.0
SH04605,2025-12-08,Mumbai,East,Mumbai → East,RapidFreight,Road,Standard,Clear,173.7,1906.4,9.52,1.129,65.71,62.02,3.68,1,271.05,4.0
SH04606,2025-12-08,Nagpur,Central,Nagpur → Central,BlueLine,Road,Standard,Clear,85.2,67.4,5.46,1.111,10.11,13.94,0.0,0,24.17,4.0
SH04607,2025-12-08,Bengaluru,East,Bengaluru → East,TransGo,Air,Express,Fog,211.6,1785.5,7.73,1.117,35.42,30.43,4.98,1,412.39,4.0
SH04608,2025-12-08,Mumbai,East,Mumbai → East,SwiftMove,Rail,Standard,Clear,150.9,1855.1,7.38,1.118,83.75,91.71,0.0,0,164.01,4.0
SH04609,2025-12-08,Bengaluru,East,Bengaluru → East,TransGo,Road,Standard,Fog,65.7,1739.5,7.48,1.12,72.4,55.15,17.25,1,214.64,4.0
SH04610,2025-12-08,Bengaluru,South,Bengaluru → South,RapidFreight,Road,Express,Fog,175.4,113.9,5.34,1.1,16.09,15.71,0.38,1,56.57,4.0
SH04611,2025-12-08,Nagpur,Central,Nagpur → Central,BlueLine,Road,Standard,Clear,91.8,321.1,7.07,1.101,20.2,20.02,0.18,1,51.84,4.0
SH04612,2025-12-08,Nagpur,West,Nagpur → West,SwiftMove,Road,Standard,Clear,368.8,821.3,5.74,1.111,23.34,32.0,0.0,0,134.01,4.0
SH04613,2025-12-08,Delhi,Central,Delhi → Central,TransGo,Rail,Standard,Clear,130.4,1027.1,7.24,1.115,54.95,62.96,0.0,0,93.01,5.0
SH04614,2025-12-08,Bengaluru,South,Bengaluru → South,BlueLine,Road,Standard,Clear,392.0,52.0,6.7,1.109,11.43,14.72,0.0,0,48.75,5.0
SH04615,2025-12-08,Bengaluru,Central,Bengaluru → Central,SwiftMove,Air,Express,Clear,331.8,934.4,5.55,1.103,21.75,28.93,0.0,0,496.14,5.0
SH04616,2025-12-09,Mumbai,West,Mumbai → West,SwiftMove,Road,Express,Fog,248.0,281.0,5.89,1.096,21.53,21.87,0.0,0,73.24,5.0
SH04617,2025-12-09,Delhi,East,Delhi → East,RapidFreight,Road,Standard,Clear,281.1,1560.8,4.54,1.129,38.28,51.44,0.0,0,268.87,5.0
SH04618,2025-12-09,Nagpur,North,Nagpur → North,RapidFreight,Road,Express,Clear,272.0,1161.1,6.67,1.11,26.49,35.14,0.0,0,283.09,5.0
SH04619,2025-12-09,Nagpur,South,Nagpur → South,TransGo,Rail,Standard,Clear,176.1,1029.0,4.7,1.108,54.23,61.3,0.0,0,97.4,4.0
SH04620,2025-12-09,Mumbai,West,Mumbai → West,SwiftMove,Road,Express,Clear,147.5,237.6,4.43,1.095,20.83,21.02,0.0,0,65.05,4.0
SH04621,2025-12-09,Delhi,West,Delhi → West,TransGo,Road,Standard,Clear,192.6,1546.5,6.94,1.117,52.06,51.1,0.95,1,193.69,5.0
SH04622,2025-12-09,Delhi,South,Delhi → South,BlueLine,Rail,Standard,Clear,686.6,2446.6,5.27,1.132,90.85,108.31,0.0,0,243.79,4.0
SH04623,2025-12-09,Kolkata,South,Kolkata → South,SwiftMove,Rail,Standard,Clear,433.8,1820.1,5.77,1.101,64.81,89.44,0.0,0,176.43,4.0
SH04624,2025-12-09,Mumbai,North,Mumbai → North,RapidFreight,Road,Standard,Clear,137.2,1549.9,7.05,1.123,44.68,53.48,0.0,0,272.18,4.0
SH04625,2025-12-09,Delhi,North,Delhi → North,TransGo,Road,Standard,Fog,360.1,290.6,6.57,1.101,32.27,21.01,11.25,1,69.43,4.0
SH04626,2025-12-09,Delhi,North,Delhi → North,SwiftMove,Road,Standard,Clear,256.5,79.6,7.39,1.118,14.97,15.96,0.0,0,38.28,5.0
SH04627,2025-12-09,Delhi,South,Delhi → South,TransGo,Road,Standard,Clear,260.0,2351.0,4.66,1.126,68.96,70.38,0.0,0,312.41,4.0
SH04628,2025-12-09,Nagpur,Central,Nagpur → Central,RapidFreight,Road,Standard,Clear,2926.7,218.9,5.88,1.113,16.09,17.57,0.0,0,271.77,5.0
SH04629,2025-12-09,Bengaluru,South,Bengaluru → South,BlueLine,Road,Standard,Rain,317.9,141.8,7.72,1.102,17.83,16.87,0.96,1,43.08,5.0
SH04630,2025-12-09,Nagpur,Central,Nagpur → Central,SwiftMove,Road,Express,Fog,180.6,257.7,3.26,1.109,15.63,17.39,0.0,0,68.86,5.0
SH04631,2025-12-09,Delhi,South,Delhi → South,SwiftMove,Road,Standard,Fog,411.3,2366.0,5.62,1.123,73.32,70.73,2.59,1,363.08,5.0
SH04632,2025-12-09,Delhi,South,Delhi → South,SwiftMove,Road,Express,Clear,79.5,2396.3,5.83,1.104,50.34,61.13,0.0,0,346.89,5.0
SH04633,2025-12-09,Bengaluru,West,Bengaluru → West,SwiftMove,Road,Standard,Clear,706.5,1092.0,9.42,1.099,36.01,39.64,0.0,0,185.0,4.0
SH04634,2025-12-09,Delhi,West,Delhi → West,TransGo,Road,Standard,Fog,300.2,1578.4,6.74,1.1,56.75,51.87,4.88,1,226.39,4.0
SH04635,2025-12-09,Mumbai,South,Mumbai → South,BlueLine,Rail,Standard,Clear,431.8,1012.5,1.73,1.105,57.23,64.79,0.0,0,116.87,5.0
SH04636,2025-12-09,Delhi,East,Delhi → East,SwiftMove,Rail,Standard,Fog,93.3,1593.7,5.7,1.122,81.49,81.06,0.43,1,151.93,5.0
SH04637,2025-12-09,Mumbai,South,Mumbai → South,SwiftMove,Rail,Standard,Fog,141.6,1052.8,7.15,1.106,66.71,66.08,0.63,1,106.84,5.0
SH04638,2025-12-09,Mumbai,West,Mumbai → West,RapidFreight,Road,Standard,Clear,1017.9,144.3,5.88,1.1,23.56,19.81,3.75,1,116.73,5.0
SH04639,2025-12-09,Mumbai,East,Mumbai → East,SwiftMove,Rail,Standard,Clear,286.2,2027.9,7.75,1.125,93.81,97.23,0.0,0,193.05,5.0
SH04640,2025-12-10,Delhi,Central,Delhi → Central,SwiftMove,Road,Standard,Fog,833.8,1000.7,5.72,1.094,40.15,38.02,2.13,1,184.71,5.0
SH04641,2025-12-10,Bengaluru,Central,Bengaluru → Central,RapidFreight,Rail,Standard,Clear,957.6,1103.8,5.73,1.091,52.18,64.83,0.0,0,158.04,5.0
SH04642,2025-12-10,Bengaluru,West,Bengaluru → West,SwiftMove,Road,Express,Clear,69.2,961.0,6.0,1.125,24.35,32.35,0.0,0,172.13,4.0
SH04643,2025-12-10,Mumbai,West,Mumbai → West,TransGo,Road,Standard,Fog,192.0,247.8,5.72,1.097,39.99,22.29,17.7,1,49.55,4.0
SH04644,2025-12-10,Bengaluru,East,Bengaluru → East,BlueLine,Air,Express,Fog,321.2,2047.9,6.56,1.108,32.17,30.9,1.28,1,669.63,5.0
SH04645,2025-12-10,Kolkata,South,Kolkata → South,BlueLine,Road,Standard,Clear,108.3,2052.0,7.82,1.129,53.09,64.36,0.0,0,293.29,5.0
SH04646,2025-12-10,Kolkata,South,Kolkata → South,TransGo,Air,Express,Fog,295.8,2131.4,6.63,1.118,39.64,32.77,6.86,1,577.15,4.0
SH04647,2025-12-10,Delhi,North,Delhi → North,RapidFreight,Road,Standard,Clear,60.0,51.2,7.67,1.096,14.24,15.28,0.0,0,25.23,5.0
SH04648,2025-12-10,Bengaluru,West,Bengaluru → West,BlueLine,Rail,Standard,Clear,190.5,1123.4,3.43,1.129,57.72,65.46,0.0,0,110.96,5.0
SH04649,2025-12-10,Mumbai,East,Mumbai → East,TransGo,Air,Express,Clear,376.2,1937.1,5.66,1.114,37.83,33.58,4.25,1,614.76,4.0
SH04650,2025-12-10,Bengaluru,South,Bengaluru → South,RapidFreight,Road,Standard,Fog,266.5,121.8,7.5,1.125,16.38,16.39,0.0,0,54.24,4.0
SH04651,2025-12-10,Nagpur,East,Nagpur → East,BlueLine,Rail,Standard,Fog,237.9,1018.1,6.08,1.116,56.08,60.95,0.0,0,101.21,5.0
SH04652,2025-12-10,Mumbai,East,Mumbai → East,RapidFreight,Air,Express,Clear,180.2,1894.0,5.59,1.11,28.17,33.5,0.0,0,651.44,5.0
SH04653,2025-12-10,Mumbai,West,Mumbai → West,TransGo,Road,Express,Clear,215.1,192.8,6.97,1.083,25.83,20.14,5.7,1,58.79,4.0
SH04654,2025-12-10,Nagpur,Central,Nagpur → Central,TransGo,Road,Express,Clear,,221.8,4.24,1.116,15.63,16.68,0.0,0,52.58,4.0
SH04655,2025-12-10,Delhi,East,Delhi → East,SwiftMove,Road,Standard,Clear,201.4,1527.1,6.81,1.113,45.62,50.64,0.0,0,210.07,5.0
SH04656,2025-12-10,Delhi,East,Delhi → East,SwiftMove,Road,Standard,Clear,42.7,1422.0,4.04,1.103,39.33,48.12,0.0,0,203.61,5.0
SH04657,2025-12-10,Delhi,North,Delhi → North,TransGo,Road,Standard,Clear,419.4,317.1,4.01,1.114,25.32,21.65,3.68,1,86.52,4.0
SH04658,2025-12-10,Mumbai,Central,Mumbai → Central,RapidFreight,Rail,Standard,Clear,13.2,864.9,9.98,1.105,51.97,60.08,0.0,0,106.22,5.0
SH04659,2025-12-10,Bengaluru,North,Bengaluru → North,SwiftMove,Road,Standard,Clear,171.6,2046.1,5.88,1.117,46.68,62.5,0.0,0,249.16,
SH04660,2025-12-10,Bengaluru,South,Bengaluru → South,SwiftMove,Road,Standard,Fog,63.8,247.5,3.78,1.098,21.89,19.41,2.49,1,46.75,5.0
SH04661,2025-12-11,Delhi,East,Delhi → East,TransGo,Road,Standard,Clear,70.0,1543.2,4.82,1.092,47.85,51.02,0.0,0,174.5,5.0
SH04662,2025-12-11,Mumbai,North,Mumbai → North,SwiftMove,Road,Express,Fog,537.9,1375.6,9.35,1.116,42.47,43.37,0.0,0,240.02,4.0
SH04663,2025-12-11,Bengaluru,South,Bengaluru → South,SwiftMove,Road,Standard,Clear,107.8,321.2,8.39,1.087,19.17,21.17,0.0,0,65.6,5.0
SH04664,2025-12-11,Mumbai,South,Mumbai → South,TransGo,Air,Express,Fog,599.0,988.3,5.81,1.101,49.19,31.9,17.29,1,714.21,4.0
SH04665,2025-12-11,Delhi,East,Delhi → East,SwiftMove,Road,Standard,Rain,194.2,1575.7,5.52,1.097,54.0,51.8,2.2,1,222.92,5.0
SH04666,2025-12-11,Delhi,West,Delhi → West,TransGo,Rail,Standard,Clear,99.4,1387.6,6.11,1.093,71.28,74.48,0.0,0,110.79,5.0
SH04667,2025-12-11,Mumbai,East,Mumbai → East,BlueLine,Road,Standard,Clear,56.1,1852.3,5.85,1.097,57.82,60.73,0.0,0,235.5,4.0
SH04668,2025-12-11,Kolkata,North,Kolkata → North,TransGo,Road,Standard,Clear,278.3,1385.9,5.86,1.11,44.11,48.4,0.0,0,191.08,5.0
SH04669,2025-12-11,Delhi,North,Delhi → North,TransGo,Road,Standard,Fog,527.3,280.9,7.05,1.092,33.25,20.78,12.47,1,74.14,
SH04670,2025-12-11,Bengaluru,North,Bengaluru → North,RapidFreight,Road,Standard,Clear,373.3,2196.5,7.75,1.119,54.41,66.1,0.0,0,378.09,
SH04671,2025-12-11,Bengaluru,East,Bengaluru → East,TransGo,Road,Standard,Clear,143.5,2081.4,5.57,1.119,63.74,63.34,0.4,1,234.51,5.0
SH04672,2025-12-11,Bengaluru,North,Bengaluru → North,TransGo,Road,Standard,Clear,217.7,2417.3,7.62,1.113,76.21,71.39,4.82,1,295.49,4.0
SH04673,2025-12-11,Bengaluru,East,Bengaluru → East,SwiftMove,Road,Standard,Clear,271.6,2033.1,6.88,1.128,48.05,62.18,0.0,0,310.78,5.0
SH04674,2025-12-11,Bengaluru,South,Bengaluru → South,TransGo,Road,Express,Fog,966.6,218.9,5.87,1.118,23.59,17.78,5.82,1,125.71,5.0
SH04675,2025-12-11,Delhi,East,Delhi → East,TransGo,Road,Standard,Clear,351.5,1592.4,5.83,1.092,50.48,52.2,0.0,0,190.21,4.0
SH04676,2025-12-11,Mumbai,North,Mumbai → North,TransGo,Air,Express,Clear,196.5,1396.8,3.78,1.107,34.05,32.62,1.43,1,400.48,5.0
SH04677,2025-12-11,Bengaluru,West,Bengaluru → West,TransGo,Rail,Standard,Clear,272.0,1064.4,8.19,1.133,55.16,63.58,0.0,0,90.78,5.0
SH04678,2025-12-12,Kolkata,North,Kolkata → North,TransGo,Rail,Standard,Clear,728.7,1422.8,7.14,1.119,65.86,76.75,0.0,0,140.41,5.0
SH04679,2025-12-12,Delhi,West,Delhi → West,TransGo,Road,Standard,Fog,484.5,1409.1,7.58,1.127,59.88,47.81,12.07,1,200.25,3.0
SH04680,2025-12-12,Delhi,East,Delhi → East,TransGo,Road,Standard,Rain,59.4,1665.3,7.54,1.104,64.67,53.95,10.73,1,199.71,4.0
SH04681,2025-12-12,Delhi,South,Delhi → South,SwiftMove,Road,Standard,Clear,1848.2,2309.2,7.29,1.11,61.63,69.37,0.0,0,394.22,4.0
SH04682,2025-12-12,Nagpur,South,Nagpur → South,BlueLine,Road,Standard,Storm,543.4,1111.5,5.15,1.115,44.25,38.96,5.3,1,201.25,5.0
SH04683,2025-12-12,Bengaluru,North,Bengaluru → North,TransGo,Road,Standard,Clear,265.0,2288.3,5.13,1.117,51.35,68.3,0.0,0,265.42,5.0
SH04684,2025-12-12,Kolkata,North,Kolkata → North,BlueLine,Rail,Standard,Clear,313.6,1635.4,6.67,1.131,63.25,83.54,0.0,0,140.1,4.0
SH04685,2025-12-12,Bengaluru,East,Bengaluru → East,SwiftMove,Road,Standard,Clear,29.6,2079.1,6.17,1.111,57.59,63.29,0.0,0,283.29,4.0
SH04686,2025-12-12,Delhi,Central,Delhi → Central,RapidFreight,Air,Express,Clear,163.0,1009.7,4.06,1.108,23.76,29.64,0.0,0,414.98,5.0
SH04687,2025-12-12,Mumbai,North,Mumbai → North,BlueLine,Rail,Standard,Clear,113.8,1599.6,5.94,1.105,84.57,83.55,1.02,1,132.66,4.0
SH04688,2025-12-12,Bengaluru,North,Bengaluru → North,SwiftMove,Road,Express,Clear,3787.1,2455.4,7.52,1.109,54.78,61.71,0.0,0,609.63,5.0
SH04689,2025-12-12,Bengaluru,West,Bengaluru → West,RapidFreight,Air,Express,Clear,386.8,997.1,4.95,1.125,26.24,29.04,0.0,0,729.88,5.0
SH04690,2025-12-12,Bengaluru,South,Bengaluru → South,TransGo,Road,Standard,Clear,825.6,282.2,8.97,1.11,22.79,20.24,2.55,1,86.17,5.0
SH04691,2025-12-12,Delhi,Central,Delhi → Central,SwiftMove,Rail,Standard,Fog,1373.6,1058.4,5.23,1.101,66.99,63.96,3.02,1,177.51,5.0
SH04692,2025-12-12,Mumbai,West,Mumbai → West,BlueLine,Road,Standard,Fog,73.6,196.1,7.96,1.116,34.76,21.05,13.71,1,42.08,3.0
SH04693,2025-12-12,Bengaluru,West,Bengaluru → West,BlueLine,Road,Standard,Clear,43.6,1125.2,5.88,1.103,35.75,40.43,0.0,0,146.9,4.0
SH04694,2025-12-12,Mumbai,West,Mumbai → West,SwiftMove,Road,Standard,Clear,571.6,78.5,6.71,1.124,19.29,18.23,1.06,1,62.2,
SH04695,2025-12-12,Kolkata,North,Kolkata → North,RapidFreight,Air,Express,Rain,199.5,1549.2,4.41,1.124,25.84,31.74,0.0,0,539.6,
SH04696,2025-12-12,Bengaluru,West,Bengaluru → West,BlueLine,Road,Standard,Rain,135.3,909.1,3.8,1.105,33.27,35.25,0.0,0,136.14,4.0
SH04697,2025-12-12,Bengaluru,South,Bengaluru → South,BlueLine,Road,Standard,Clear,51.1,57.7,5.96,1.093,12.65,14.86,0.0,0,19.5,5.0
SH04698,2025-12-13,Bengaluru,South,Bengaluru → South,RapidFreight,Road,Standard,Clear,452.2,312.6,5.08,1.1,15.31,20.97,0.0,0,94.24,4.0
SH04699,2025-12-13,Nagpur,West,Nagpur → West,TransGo,Road,Express,Clear,48.9,841.6,7.75,1.105,28.36,28.86,0.0,0,144.15,5.0
SH04700,2025-12-13,Bengaluru,West,Bengaluru → West,SwiftMove,Road,Standard,Clear,33.6,1042.2,6.98,1.123,35.16,38.45,0.0,0,143.91,4.0
SH04701,2025-12-13,Bengaluru,East,Bengaluru → East,BlueLine,Road,Standard,Clear,177.1,1770.9,7.85,1.102,53.84,55.9,0.0,0,236.52,5.0
SH04702,2025-12-13,Kolkata,West,Kolkata → West,BlueLine,Road,Standard,Clear,115.3,2211.5,7.99,1.119,56.28,68.18,0.0,0,292.93,4.0
SH04703,2025-12-13,Kolkata,South,Kolkata → South,BlueLine,Road,Standard,Clear,190.2,1890.1,6.71,1.102,48.8,60.48,0.0,0,248.18,5.0
SH04704,2025-12-13,Bengaluru,East,Bengaluru → East,BlueLine,Road,Standard,Fog,,1891.6,6.79,1.107,56.74,58.79,0.0,0,277.52,
SH04705,2025-12-13,Mumbai,Central,Mumbai → Central,RapidFreight,Air,Express,Clear,44.5,859.5,5.23,1.101,28.67,31.67,0.0,0,256.89,5.0
SH04706,2025-12-13,Kolkata,North,Kolkata → North,SwiftMove,Rail,Standard,Clear,303.0,1573.1,4.64,1.104,69.86,81.55,0.0,0,134.31,5.0
SH04707,2025-12-13,Delhi,Central,Delhi → Central,TransGo,Road,Standard,Clear,106.5,1131.4,7.2,1.115,45.43,41.16,4.28,1,156.47,3.0
SH04708,2025-12-13,Mumbai,West,Mumbai → West,TransGo,Road,Standard,Clear,246.1,186.4,9.22,1.11,31.14,20.81,10.32,1,44.07,4.0
SH04709,2025-12-13,Bengaluru,South,Bengaluru → South,BlueLine,Road,Standard,Clear,103.2,181.9,9.08,1.113,16.31,17.83,0.0,0,43.78,5.0
SH04710,2025-12-13,Mumbai,South,Mumbai → South,SwiftMove,Air,Express,Clear,145.7,930.7,5.71,1.084,29.7,31.8,0.0,0,308.78,4.0
SH04711,2025-12-13,Bengaluru,South,Bengaluru → South,SwiftMove,Road,Standard,Clear,,163.3,7.49,1.126,13.57,17.39,0.0,0,77.02,4.0
SH04712,2025-12-13,Nagpur,West,Nagpur → West,BlueLine,Road,Standard,Clear,91.9,924.6,8.76,1.115,33.08,34.48,0.0,0,114.08,5.0
SH04713,2025-12-13,Delhi,East,Delhi → East,RapidFreight,Road,Standard,Clear,293.1,1487.0,6.56,1.093,40.77,49.68,0.0,0,251.02,5.0
SH04714,2025-12-13,Bengaluru,South,Bengaluru → South,BlueLine,Road,Standard,Clear,75.8,295.7,5.6,1.122,14.96,20.56,0.0,0,62.78,4.0
SH04715,2025-12-13,Bengaluru,North,Bengaluru → North,BlueLine,Road,Express,Fog,283.1,2453.3,6.77,1.102,58.48,61.67,0.0,0,380.22,4.0
SH04716,2025-12-13,Delhi,North,Delhi → North,SwiftMove,Road,Standard,Fog,163.8,192.1,5.47,1.119,18.27,18.65,0.0,0,41.49,4.0
SH04717,2025-12-13,Bengaluru,South,Bengaluru → South,TransGo,Road,Express,Clear,241.7,308.4,5.52,1.136,20.35,19.53,0.82,1,71.39,5.0
SH04718,2025-12-13,Mumbai,South,Mumbai → South,RapidFreight,Road,Express,Clear,116.9,955.2,4.38,1.104,33.14,35.12,0.0,0,225.41,4.0
SH04719,2025-12-14,Mumbai,East,Mumbai → East,RapidFreight,Air,Express,Clear,63.0,2226.8,7.82,1.105,29.35,34.09,0.0,0,507.85,4.0
SH04720,2025-12-14,Kolkata,East,Kolkata → East,SwiftMove,Road,Standard,Clear,140.7,106.9,5.07,1.096,11.71,17.76,0.0,0,30.88,4.0
SH04721,2025-12-14,Kolkata,East,Kolkata → East,RapidFreight,Road,Standard,Clear,915.2,178.4,5.57,1.138,16.56,19.47,0.0,0,101.99,4.0
SH04722,2025-12-14,Mumbai,West,Mumbai → West,BlueLine,Road,Express,Clear,283.8,104.8,7.11,1.114,22.38,18.41,3.97,1,47.18,5.0
SH04723,2025-12-14,Bengaluru,North,Bengaluru → North,SwiftMove,Road,Standard,Clear,167.7,2063.3,6.55,1.115,52.43,62.91,0.0,0,256.34,5.0
SH04724,2025-12-14,Bengaluru,South,Bengaluru → South,RapidFreight,Road,Standard,Clear,222.7,198.8,3.99,1.105,9.99,18.24,0.0,0,59.75,4.0
SH04725,2025-12-14,Bengaluru,West,Bengaluru → West,BlueLine,Road,Standard,Clear,1399.3,1011.6,4.15,1.108,33.58,37.71,0.0,0,208.08,5.0
SH04726,2025-12-14,Mumbai,West,Mumbai → West,TransGo,Road,Standard,Fog,51.4,338.3,7.1,1.097,37.5,24.45,13.04,1,51.08,3.0
SH04727,2025-12-14,Nagpur,North,Nagpur → North,TransGo,Rail,Standard,Clear,162.8,1151.6,5.37,1.106,62.67,65.21,0.0,0,108.03,5.0
SH04728,2025-12-14,Delhi,Central,Delhi → Central,SwiftMove,Road,Standard,Clear,395.4,1019.6,4.93,1.106,29.51,38.48,0.0,0,165.49,4.0
SH04729,2025-12-14,Bengaluru,North,Bengaluru → North,SwiftMove,Air,Express,Clear,451.0,2168.5,5.32,1.123,24.95,31.11,0.0,0,810.89,5.0
SH04730,2025-12-14,Bengaluru,North,Bengaluru → North,TransGo,Road,Standard,Clear,89.7,2344.3,5.73,1.106,69.76,69.64,0.11,1,290.94,5.0
SH04731,2025-12-15,Delhi,North,Delhi → North,SwiftMove,Road,Standard,Clear,90.7,339.0,7.8,1.119,20.41,22.17,0.0,0,64.73,5.0
SH04732,2025-12-15,Mumbai,East,Mumbai → East,BlueLine,Air,Express,Clear,1043.1,1848.3,5.95,1.1,37.6,33.42,4.18,1,1155.86,4.0
SH04733,2025-12-15,Delhi,North,Delhi → North,RapidFreight,Road,Express,Clear,284.0,225.6,6.18,1.109,15.16,18.48,0.0,0,74.58,5.0
SH04734,2025-12-15,Mumbai,Central,Mumbai → Central,SwiftMove,Rail,Standard,Clear,53.6,949.3,6.78,1.127,56.55,62.78,0.0,0,85.79,5.0
SH04735,2025-12-15,Kolkata,West,Kolkata → West,SwiftMove,Road,Standard,Clear,114.3,2070.0,8.77,1.102,58.74,64.79,0.0,0,283.03,5.0
SH04736,2025-12-15,Nagpur,South,Nagpur → South,RapidFreight,Rail,Standard,Fog,,954.4,5.52,1.108,51.94,58.91,0.0,0,125.52,5.0
SH04737,2025-12-15,Mumbai,Central,Mumbai → Central,SwiftMove,Rail,Standard,Clear,537.5,823.7,9.09,1.103,59.11,58.76,0.35,1,107.18,4.0
SH04738,2025-12-15,Delhi,East,Delhi → East,RapidFreight,Rail,Standard,Clear,148.7,1591.3,5.94,1.117,72.44,80.98,0.0,0,183.98,4.0
SH04739,2025-12-15,Delhi,West,Delhi → West,SwiftMove,Road,Express,Clear,102.1,1318.6,6.82,1.133,34.47,39.96,0.0,0,240.87,4.0
SH04740,2025-12-15,Delhi,South,Delhi → South,BlueLine,Air,Express,Clear,83.6,2185.1,8.02,1.112,24.94,31.72,0.0,0,457.12,5.0
SH04741,2025-12-15,Nagpur,North,Nagpur → North,TransGo,Rail,Standard,Storm,,1052.5,3.67,1.118,68.84,62.05,6.79,1,122.82,4.0
SH04742,2025-12-15,Mumbai,West,Mumbai → West,TransGo,Road,Standard,Clear,362.3,156.0,6.19,1.097,26.32,20.09,6.24,1,49.79,4.0
SH04743,2025-12-15,Delhi,West,Delhi → West,TransGo,Road,Standard,Clear,111.6,1343.9,8.4,1.105,50.68,46.25,4.44,1,177.07,5.0
SH04744,2025-12-15,Mumbai,West,Mumbai → West,RapidFreight,Road,Standard,Clear,471.3,339.5,9.03,1.107,28.79,24.48,4.31,1,96.93,5.0
SH04745,2025-12-15,Bengaluru,North,Bengaluru → North,TransGo,Road,Standard,Clear,57.1,2192.2,6.38,1.109,68.46,66.0,2.47,1,263.44,5.0
SH04746,2025-12-15,Mumbai,Central,Mumbai → Central,TransGo,Road,Standard,Clear,109.7,907.7,9.19,1.125,47.42,38.1,9.33,1,124.56,4.0
SH04747,2025-12-15,Delhi,Central,Delhi → Central,SwiftMove,Rail,Standard,Rain,262.1,1170.3,5.61,1.103,75.07,67.53,7.54,1,109.58,3.0
SH04748,2025-12-15,Delhi,South,Delhi → South,BlueLine,Road,Standard,Clear,349.9,1989.3,7.64,1.109,49.47,61.71,0.0,0,280.84,5.0
SH04749,2025-12-15,Bengaluru,East,Bengaluru → East,RapidFreight,Rail,Standard,Clear,32.7,2070.5,7.03,1.106,70.29,95.72,0.0,0,212.58,4.0
SH04750,2025-12-15,Mumbai,West,Mumbai → West,BlueLine,Road,Express,Clear,36.2,212.8,7.77,1.109,21.94,20.53,1.4,1,45.42,5.0
SH04751,2025-12-16,Mumbai,Central,Mumbai → Central,TransGo,Road,Standard,Rain,1008.7,783.1,10.0,1.114,48.75,35.11,13.64,1,178.66,5.0
SH04752,2025-12-16,Bengaluru,North,Bengaluru → North,TransGo,Road,Express,Clear,153.4,2183.7,3.77,1.113,48.87,56.38,0.0,0,346.25,5.0
SH04753,2025-12-16,Nagpur,West,Nagpur → West,SwiftMove,Road,Standard,Clear,220.8,860.0,3.41,1.119,31.69,32.93,0.0,0,143.32,5.0
SH04754,2025-12-16,Mumbai,Central,Mumbai → Central,SwiftMove,Road,Standard,Clear,897.0,853.8,7.21,1.116,40.75,36.81,3.95,1,193.55,5.0
SH04755,2025-12-16,Mumbai,North,Mumbai → North,RapidFreight,Air,Express,Clear,101.3,1326.9,5.64,1.102,31.93,32.5,0.0,0,394.29,
SH04756,2025-12-16,Bengaluru,North,Bengaluru → North,BlueLine,Road,Standard,Clear,328.4,2397.3,7.83,1.111,60.78,70.91,0.0,0,288.68,4.0
SH04757,2025-12-16,Delhi,South,Delhi → South,SwiftMove,Road,Standard,Clear,213.0,2146.6,4.65,1.111,59.62,65.48,0.0,0,265.73,4.0
SH04758,2025-12-16,Kolkata,South,Kolkata → South,SwiftMove,Road,Standard,Fog,232.9,2021.2,6.21,1.117,69.3,63.62,5.67,1,286.11,4.0
SH04759,2025-12-16,Delhi,East,Delhi → East,SwiftMove,Road,Express,Fog,626.0,1677.5,5.14,1.115,44.68,47.01,0.0,0,350.62,4.0
SH04760,2025-12-16,Delhi,South,Delhi → South,RapidFreight,Road,Standard,Clear,181.2,2014.2,5.28,1.126,51.64,62.31,0.0,0,361.31,5.0
SH04761,2025-12-16,Bengaluru,West,Bengaluru → West,SwiftMove,Road,Standard,Fog,308.9,1081.9,6.95,1.1,36.81,39.4,0.0,0,156.8,5.0
SH04762,2025-12-16,Delhi,South,Delhi → South,RapidFreight,Road,Standard,Clear,189.3,2370.9,7.91,1.121,63.89,70.85,0.0,0,401.2,4.0
SH04763,2025-12-16,Bengaluru,North,Bengaluru → North,BlueLine,Road,Express,Clear,241.9,2192.5,3.55,1.104,47.3,56.55,0.0,0,336.55,4.0
SH04764,2025-12-16,Delhi,West,Delhi → West,SwiftMove,Rail,Standard,Clear,700.9,1400.9,4.37,1.133,63.62,74.9,0.0,0,139.93,4.0
SH04765,2025-12-16,Kolkata,West,Kolkata → West,BlueLine,Road,Express,Clear,892.4,1977.5,6.64,1.101,48.01,54.05,0.0,0,361.37,4.0
SH04766,2025-12-16,Mumbai,West,Mumbai → West,SwiftMove,Road,Standard,Fog,2757.5,104.5,6.48,1.117,38.71,18.85,19.85,1,197.84,3.0
SH04767,2025-12-16,Bengaluru,East,Bengaluru → East,SwiftMove,Road,Standard,Clear,304.0,1889.8,6.45,1.104,44.59,58.75,0.0,0,263.48,4.0
SH04768,2025-12-16,Mumbai,North,Mumbai → North,RapidFreight,Road,Standard,Clear,274.3,1441.2,5.27,1.121,45.89,50.88,0.0,0,255.05,
SH04769,2025-12-17,Delhi,West,Delhi → West,SwiftMove,Road,Standard,Clear,380.6,1403.9,8.19,1.116,39.99,47.69,0.0,0,240.77,5.0
SH04770,2025-12-17,Bengaluru,West,Bengaluru → West,SwiftMove,Road,Standard,Clear,213.2,1095.6,2.36,1.114,28.57,39.72,0.0,0,152.73,4.0
SH04771,2025-12-17,Delhi,Central,Delhi → Central,BlueLine,Road,Standard,Clear,248.8,1033.4,6.67,1.113,38.47,38.81,0.0,0,142.38,5.0
SH04772,2025-12-17,Bengaluru,North,Bengaluru → North,SwiftMove,Road,Standard,Clear,478.2,2143.5,6.39,1.125,48.35,64.83,0.0,0,321.52,4.0
SH04773,2025-12-17,Bengaluru,West,Bengaluru → West,SwiftMove,Road,Standard,Clear,577.7,943.1,5.58,1.116,24.08,36.07,0.0,0,133.51,
SH04774,2025-12-17,Mumbai,East,Mumbai → East,SwiftMove,Rail,Standard,Clear,325.2,1902.2,8.72,1.116,87.12,93.21,0.0,0,178.47,5.0
SH04775,2025-12-17,Delhi,Central,Delhi → Central,SwiftMove,Rail,Standard,Clear,67.0,972.0,6.78,1.107,49.14,61.2,0.0,0,96.67,5.0
SH04776,2025-12-17,Mumbai,North,Mumbai → North,SwiftMove,Road,Standard,Fog,582.2,1539.4,6.81,1.095,53.31,53.23,0.08,1,266.75,
SH04777,2025-12-17,Nagpur,North,Nagpur → North,TransGo,Road,Standard,Clear,,1055.9,5.65,1.128,32.83,37.62,0.0,0,131.62,4.0
SH04778,2025-12-17,Mumbai,North,Mumbai → North,RapidFreight,Road,Express,Clear,233.4,1544.6,5.58,1.116,42.96,46.69,0.0,0,302.93,5.0
SH04779,2025-12-17,Kolkata,North,Kolkata → North,RapidFreight,Road,Standard,Clear,275.1,1524.5,7.15,1.121,40.46,51.72,0.0,0,282.36,
SH04780,2025-12-17,Mumbai,South,Mumbai → South,TransGo,Air,Express,Fog,538.1,913.3,6.95,1.105,40.08,31.77,8.31,1,607.6,4.0
SH04781,2025-12-17,Kolkata,East,Kolkata → East,RapidFreight,Road,Standard,Clear,61.5,172.9,5.09,1.121,12.86,19.34,0.0,0,49.36,5.0
SH04782,2025-12-17,Bengaluru,West,Bengaluru → West,SwiftMove,Air,Express,Clear,106.9,970.0,7.23,1.103,20.29,28.99,0.0,0,266.85,4.0
SH04783,2025-12-17,Mumbai,East,Mumbai → East,SwiftMove,Air,Express,Clear,646.4,2091.2,7.32,1.096,33.93,33.85,0.08,1,980.33,5.0
SH04784,2025-12-17,Nagpur,South,Nagpur → South,TransGo,Road,Standard,Fog,217.2,947.2,5.73,1.105,40.92,35.02,5.9,1,122.69,4.0
SH04785,2025-12-17,Delhi,South,Delhi → South,BlueLine,Road,Express,Clear,388.3,2450.0,6.24,1.107,58.39,62.18,0.0,0,419.61,4.0
SH04786,2025-12-17,Mumbai,East,Mumbai → East,TransGo,Road,Standard,Clear,50.0,2290.4,6.58,1.118,74.4,71.22,3.17,1,270.31,4.0
SH04787,2025-12-17,Bengaluru,South,Bengaluru → South,BlueLine,Road,Express,Fog,382.5,301.4,7.17,1.096,23.4,19.4,4.01,1,81.91,4.0
SH04788,2025-12-17,Bengaluru,East,Bengaluru → East,RapidFreight,Road,Standard,Clear,469.7,1786.1,5.6,1.131,42.87,56.27,0.0,0,398.91,5.0
SH04789,2025-12-17,Mumbai,South,Mumbai → South,RapidFreight,Road,Standard,Clear,92.0,927.3,2.8,1.128,34.09,38.57,0.0,0,163.58,5.0
SH04790,2025-12-18,Delhi,Central,Delhi → Central,TransGo,Road,Standard,Clear,155.0,1076.1,6.69,1.112,39.95,39.83,0.12,1,139.12,4.0
SH04791,2025-12-18,Kolkata,Central,Kolkata → Central,RapidFreight,Rail,Standard,Rain,107.1,1137.5,6.18,1.1,63.64,67.64,0.0,0,128.68,4.0
SH04792,2025-12-18,Mumbai,Central,Mumbai → Central,TransGo,Rail,Standard,Fog,66.6,858.3,9.01,1.115,66.08,59.87,6.22,1,80.2,4.0
SH04793,2025-12-18,Nagpur,South,Nagpur → South,TransGo,Road,Standard,Fog,281.7,1100.0,5.85,1.101,46.14,38.68,7.46,1,158.61,4.0
SH04794,2025-12-18,Kolkata,West,Kolkata → West,BlueLine,Road,Standard,Clear,38.5,1961.5,6.13,1.087,50.25,62.19,0.0,0,255.83,4.0
SH04795,2025-12-18,Bengaluru,South,Bengaluru → South,TransGo,Road,Standard,Clear,1041.1,323.4,6.31,1.101,21.67,21.22,0.45,1,106.22,5.0
SH04796,2025-12-18,Bengaluru,East,Bengaluru → East,BlueLine,Road,Express,Clear,190.1,1977.2,7.75,1.106,46.49,52.32,0.0,0,323.16,4.0
SH04797,2025-12-18,Mumbai,Central,Mumbai → Central,SwiftMove,Road,Standard,Clear,241.9,886.4,6.96,1.103,37.92,37.59,0.33,1,139.91,4.0
SH04798,2025-12-18,Mumbai,North,Mumbai → North,SwiftMove,Road,Standard,Clear,262.3,1323.0,8.36,1.116,44.74,48.05,0.0,0,163.97,
SH04799,2025-12-18,Delhi,South,Delhi → South,SwiftMove,Road,Standard,Clear,123.1,2189.8,7.95,1.097,51.57,66.51,0.0,0,286.61,5.0
SH04800,2025-12-18,Bengaluru,Central,Bengaluru → Central,RapidFreight,Road,Express,Clear,253.9,1101.0,6.61,1.101,27.02,35.1,0.0,0,244.77,4.0
SH04801,2025-12-18,Mumbai,Central,Mumbai → Central,TransGo,Road,Standard,Fog,721.0,854.3,7.5,1.114,50.48,36.82,13.67,1,148.45,3.0
SH04802,2025-12-18,Mumbai,North,Mumbai → North,BlueLine,Rail,Standard,Clear,3740.6,1452.2,5.05,1.121,83.13,78.84,4.29,1,234.6,5.0
SH04803,2025-12-18,Delhi,South,Delhi → South,SwiftMove,Road,Standard,Rain,228.3,2448.3,8.99,1.111,75.87,72.71,3.16,1,340.29,4.0
SH04804,2025-12-18,Bengaluru,North,Bengaluru → North,TransGo,Road,Express,Fog,322.1,2195.1,6.31,1.105,53.15,56.6,0.0,0,324.6,
SH04805,2025-12-19,Bengaluru,North,Bengaluru → North,RapidFreight,Road,Standard,Clear,172.1,2260.9,4.87,1.117,52.16,67.64,0.0,0,338.5,5.0
SH04806,2025-12-19,Delhi,East,Delhi → East,TransGo,Road,Standard,Clear,458.0,1622.6,6.89,1.116,56.44,52.93,3.51,1,193.41,5.0
SH04807,2025-12-19,Nagpur,West,Nagpur → West,BlueLine,Road,Standard,Fog,64.1,863.0,7.22,1.104,36.27,33.0,3.27,1,120.41,4.0
SH04808,2025-12-19,Kolkata,West,Kolkata → West,SwiftMove,Road,Standard,Clear,66.9,1918.3,5.44,1.136,58.57,61.16,0.0,0,259.85,5.0
SH04809,2025-12-19,Delhi,West,Delhi → West,SwiftMove,Road,Standard,Clear,86.2,1308.9,6.53,1.103,40.44,45.41,0.0,0,174.36,5.0
SH04810,2025-12-19,Delhi,East,Delhi → East,BlueLine,Road,Standard,Rain,234.0,1450.9,7.96,1.104,44.67,48.81,0.0,0,193.33,5.0
SH04811,2025-12-19,Bengaluru,West,Bengaluru → West,SwiftMove,Road,Express,Fog,79.5,981.9,5.72,1.108,26.05,32.77,0.0,0,160.67,5.0
SH04812,2025-12-19,Delhi,Central,Delhi → Central,BlueLine,Rail,Standard,Clear,190.8,1130.4,6.11,1.127,66.23,66.26,0.0,0,119.79,4.0
SH04813,2025-12-19,Nagpur,South,Nagpur → South,RapidFreight,Road,Standard,Fog,174.9,972.0,7.51,1.12,35.74,35.61,0.13,1,202.63,5.0
SH04814,2025-12-19,Mumbai,North,Mumbai → North,BlueLine,Road,Standard,Rain,379.8,1538.4,10.0,1.112,58.5,53.21,5.3,1,216.88,4.0
SH04815,2025-12-19,Bengaluru,South,Bengaluru → South,SwiftMove,Road,Express,Clear,245.4,111.7,8.95,1.119,12.88,15.67,0.0,0,47.98,5.0
SH04816,2025-12-19,Mumbai,South,Mumbai → South,SwiftMove,Rail,Standard,Clear,102.9,967.5,9.16,1.113,53.65,63.36,0.0,0,97.17,5.0
SH04817,2025-12-19,Bengaluru,Central,Bengaluru → Central,SwiftMove,Road,Standard,Fog,311.6,1094.3,7.72,1.114,41.06,39.69,1.36,1,159.16,4.0
SH04818,2025-12-19,Mumbai,East,Mumbai → East,RapidFreight,Road,Standard,Clear,137.8,1960.6,7.66,1.128,62.34,63.32,0.0,0,315.77,4.0
SH04819,2025-12-19,Bengaluru,West,Bengaluru → West,RapidFreight,Road,Express,Clear,54.3,984.3,6.68,1.093,24.12,32.81,0.0,0,203.99,4.0
SH04820,2025-12-19,Nagpur,West,Nagpur → West,TransGo,Road,Standard,Fog,70.9,921.9,4.43,1.114,42.04,34.41,7.63,1,129.04,
SH04821,2025-12-19,Nagpur,East,Nagpur → East,TransGo,Road,Standard,Fog,195.1,1256.1,7.59,1.1,45.5,42.42,3.08,1,155.84,5.0
SH04822,2025-12-19,Nagpur,North,Nagpur → North,TransGo,Road,Express,Clear,381.4,1064.8,6.42,1.121,34.07,33.24,0.83,1,180.71,4.0
SH04823,2025-12-20,Nagpur,West,Nagpur → West,SwiftMove,Rail,Standard,Clear,363.7,926.7,5.23,1.109,61.05,58.03,3.03,1,111.02,5.0
SH04824,2025-12-20,Delhi,West,Delhi → West,RapidFreight,Road,Express,Clear,85.3,1368.4,5.71,1.102,32.66,40.93,0.0,0,290.38,5.0
SH04825,2025-12-20,Mumbai,West,Mumbai → West,TransGo,Road,Standard,Clear,642.5,86.3,5.47,1.118,27.74,18.42,9.32,1,54.44,4.0
SH04826,2025-12-20,Delhi,South,Delhi → South,BlueLine,Road,Standard,Clear,891.0,2432.3,6.49,1.113,68.47,72.32,0.0,0,328.73,5.0
SH04827,2025-12-20,Nagpur,Central,Nagpur → Central,TransGo,Road,Express,Fog,278.9,75.5,5.33,1.099,23.45,13.81,9.65,1,48.08,3.0
SH04828,2025-12-20,Kolkata,Central,Kolkata → Central,TransGo,Road,Standard,Clear,194.5,1195.9,8.75,1.124,43.61,43.85,0.0,0,160.78,5.0
SH04829,2025-12-20,Delhi,West,Delhi → West,TransGo,Road,Express,Fog,460.1,1537.8,5.49,1.102,48.3,44.26,4.04,1,244.36,4.0
SH04830,2025-12-20,Nagpur,East,Nagpur → East,SwiftMove,Road,Express,Clear,81.9,1247.0,4.66,1.132,26.57,36.82,0.0,0,225.79,5.0
SH04831,2025-12-20,Kolkata,West,Kolkata → West,SwiftMove,Road,Standard,Clear,584.7,1962.8,8.47,1.109,53.83,62.23,0.0,0,299.82,4.0
SH04832,2025-12-20,Kolkata,East,Kolkata → East,SwiftMove,Road,Standard,Clear,76.3,133.6,5.7,1.101,12.38,18.4,0.0,0,32.67,4.0
SH04833,2025-12-20,Mumbai,North,Mumbai → North,SwiftMove,Road,Standard,Rain,197.6,1464.6,7.71,1.12,55.18,51.44,3.75,1,215.3,5.0
SH04834,2025-12-20,Delhi,South,Delhi → South,BlueLine,Road,Express,Rain,41.6,2410.8,5.75,1.099,58.41,61.41,0.0,0,366.89,5.0
SH04835,2025-12-20,Mumbai,East,Mumbai → East,BlueLine,Road,Express,Clear,172.7,2026.7,6.22,1.103,50.81,56.17,0.0,0,293.16,5.0
SH04836,2025-12-20,Mumbai,North,Mumbai → North,SwiftMove,Road,Standard,Clear,270.3,1364.9,8.24,1.12,48.53,49.05,0.0,0,231.87,4.0
SH04837,2025-12-20,Delhi,East,Delhi → East,SwiftMove,Road,Express,Fog,307.9,1651.5,7.61,1.106,51.12,46.5,4.63,1,284.34,5.0
SH04838,2025-12-20,Mumbai,South,Mumbai → South,SwiftMove,Road,Standard,Clear,303.0,1096.1,7.38,1.108,45.8,42.61,3.19,1,155.69,
SH04839,2025-12-21,Kolkata,East,Kolkata → East,SwiftMove,Road,Standard,Clear,128.5,81.6,6.21,1.108,12.81,17.16,0.0,0,28.77,5.0
SH04840,2025-12-21,Kolkata,East,Kolkata → East,BlueLine,Road,Standard,Clear,146.3,154.6,5.47,1.105,14.9,18.9,0.0,0,38.17,5.0
SH04841,2025-12-21,Nagpur,West,Nagpur → West,TransGo,Road,Standard,Clear,495.5,836.6,5.7,1.098,30.93,32.37,0.0,0,135.94,4.0
SH04842,2025-12-21,Mumbai,South,Mumbai → South,RapidFreight,Rail,Standard,Clear,300.7,1113.1,5.66,1.113,65.96,68.01,0.0,0,163.82,5.0
SH04843,2025-12-21,Delhi,East,Delhi → East,RapidFreight,Road,Standard,Clear,62.0,1453.1,8.86,1.109,44.49,48.86,0.0,0,231.89,5.0
SH04844,2025-12-21,Mumbai,North,Mumbai → North,TransGo,Road,Standard,Clear,1085.4,1415.8,8.25,1.1,50.85,50.27,0.58,1,204.28,4.0
SH04845,2025-12-21,Delhi,East,Delhi → East,SwiftMove,Road,Standard,Rain,1204.2,1716.3,6.08,1.106,55.26,55.17,0.09,1,324.42,4.0
SH04846,2025-12-21,Nagpur,East,Nagpur → East,SwiftMove,Road,Standard,Clear,413.4,1175.8,5.58,1.114,30.79,40.5,0.0,0,164.35,5.0
SH04847,2025-12-21,Kolkata,South,Kolkata → South,BlueLine,Road,Standard,Clear,116.8,1830.0,5.27,1.103,46.6,59.04,0.0,0,219.1,5.0
SH04848,2025-12-21,Mumbai,North,Mumbai → North,BlueLine,Rail,Standard,Clear,67.4,1382.3,9.69,1.093,68.03,76.61,0.0,0,113.45,5.0
SH04849,2025-12-21,Delhi,South,Delhi → South,SwiftMove,Road,Express,Fog,225.3,2163.2,7.93,1.102,43.37,56.55,0.0,0,343.49,5.0
SH04850,2025-12-21,Kolkata,West,Kolkata → West,TransGo,Road,Standard,Clear,522.6,2265.1,6.29,1.107,67.61,69.47,0.0,0,281.99,5.0
SH04851,2025-12-21,Mumbai,West,Mumbai → West,BlueLine,Road,Express,Clear,150.6,346.1,8.58,1.113,27.09,23.15,3.94,1,78.39,5.0
SH04852,2025-12-21,Mumbai,Central,Mumbai → Central,BlueLine,Rail,Standard,Clear,115.7,876.3,4.46,1.12,60.78,60.44,0.34,1,97.53,5.0
SH04853,2025-12-21,Nagpur,South,Nagpur → South,SwiftMove,Road,Standard,Clear,103.6,975.3,5.51,1.104,25.14,35.69,0.0,0,145.83,4.0
SH04854,2025-12-21,Mumbai,Central,Mumbai → Central,TransGo,Rail,Standard,Clear,80.0,864.7,8.39,1.107,62.19,60.07,2.12,1,76.78,5.0
SH04855,2025-12-21,Bengaluru,North,Bengaluru → North,SwiftMove,Road,Standard,Clear,69.3,2258.3,4.54,1.103,51.95,67.58,0.0,0,345.67,
SH04856,2025-12-21,Mumbai,West,Mumbai → West,RapidFreight,Road,Standard,Clear,973.2,165.9,7.54,1.096,21.58,20.32,1.26,1,118.3,5.0
SH04857,2025-12-21,Delhi,East,Delhi → East,BlueLine,Road,Express,Clear,496.8,1417.1,5.56,1.109,37.75,41.89,0.0,0,225.3,5.0
SH04858,2025-12-22,Mumbai,East,Mumbai → East,RapidFreight,Air,Express,Clear,99.7,2218.1,6.61,1.11,28.09,34.07,0.0,0,441.04,5.0
SH04859,2025-12-22,Kolkata,West,Kolkata → West,SwiftMove,Road,Standard,Clear,146.8,1860.2,6.53,1.118,50.17,59.77,0.0,0,258.13,4.0
SH04860,2025-12-22,Mumbai,North,Mumbai → North,TransGo,Rail,Standard,Fog,126.3,1419.0,4.42,1.127,94.33,77.78,16.55,1,110.18,4.0
SH04861,2025-12-22,Mumbai,North,Mumbai → North,SwiftMove,Rail,Standard,Clear,235.6,1288.1,5.51,1.104,64.81,73.6,0.0,0,127.75,5.0
SH04862,2025-12-22,Nagpur,West,Nagpur → West,SwiftMove,Air,Express,Fog,280.4,850.0,9.03,1.11,31.69,27.63,4.06,1,437.21,5.0
SH04863,2025-12-22,Bengaluru,South,Bengaluru → South,BlueLine,Road,Standard,Fog,68.6,216.3,3.03,1.116,21.36,18.66,2.7,1,39.9,4.0
SH04864,2025-12-22,Delhi,East,Delhi → East,BlueLine,Rail,Standard,Clear,296.4,1668.3,7.29,1.096,72.59,83.44,0.0,0,146.89,5.0
SH04865,2025-12-22,Mumbai,South,Mumbai → South,RapidFreight,Air,Express,Clear,102.9,1068.8,4.99,1.113,27.63,32.04,0.0,0,373.72,4.0
SH04866,2025-12-22,Delhi,South,Delhi → South,TransGo,Road,Standard,Clear,162.4,2304.4,6.73,1.122,70.45,69.26,1.19,1,302.62,5.0
SH04867,2025-12-22,Bengaluru,West,Bengaluru → West,TransGo,Road,Express,Clear,64.2,935.2,6.06,1.109,30.08,31.85,0.0,0,166.78,4.0
SH04868,2025-12-22,Bengaluru,North,Bengaluru → North,SwiftMove,Road,Express,Clear,138.6,2008.3,4.22,1.122,39.95,52.93,0.0,0,340.86,5.0
SH04869,2025-12-22,Delhi,South,Delhi → South,BlueLine,Road,Standard,Clear,373.8,2114.8,6.0,1.117,57.48,64.72,0.0,0,276.68,4.0
SH04870,2025-12-22,Delhi,North,Delhi → North,BlueLine,Road,Standard,Rain,580.6,207.9,8.36,1.113,24.87,19.03,5.84,1,81.78,4.0
SH04871,2025-12-22,Bengaluru,South,Bengaluru → South,BlueLine,Road,Express,Fog,48.1,179.9,6.48,1.119,22.59,17.01,5.58,1,43.29,4.0
SH04872,2025-12-22,Nagpur,West,Nagpur → West,BlueLine,Air,Express,Clear,1888.0,825.2,3.83,1.12,23.73,27.58,0.0,0,2312.5,5.0
SH04873,2025-12-22,Mumbai,North,Mumbai → North,TransGo,Road,Standard,Clear,656.9,1459.2,8.06,1.113,54.17,51.31,2.86,1,200.05,4.0
SH04874,2025-12-22,Bengaluru,North,Bengaluru → North,RapidFreight,Rail,Standard,Clear,278.1,2351.7,4.54,1.124,89.09,104.7,0.0,0,247.92,
SH04875,2025-12-22,Bengaluru,South,Bengaluru → South,TransGo,Road,Standard,Clear,42.8,95.3,5.91,1.124,17.11,15.76,1.35,1,22.51,5.0
SH04876,2025-12-23,Delhi,South,Delhi → South,TransGo,Road,Standard,Fog,213.1,2471.8,4.61,1.106,72.2,73.27,0.0,0,326.52,5.0
SH04877,2025-12-23,Nagpur,East,Nagpur → East,TransGo,Road,Standard,Clear,611.1,1071.2,4.1,1.133,38.47,37.99,0.48,1,187.42,4.0
SH04878,2025-12-23,Nagpur,East,Nagpur → East,SwiftMove,Rail,Standard,Clear,1096.5,1209.2,3.73,1.111,59.06,67.05,0.0,0,148.51,5.0
SH04879,2025-12-23,Nagpur,Central,Nagpur → Central,RapidFreight,Road,Standard,Fog,1026.3,327.9,6.22,1.121,17.21,20.18,0.0,0,125.76,4.0
SH04880,2025-12-23,Bengaluru,North,Bengaluru → North,RapidFreight,Road,Express,Clear,220.6,2031.5,6.24,1.117,37.81,53.39,0.0,0,403.76,5.0
SH04881,2025-12-23,Delhi,North,Delhi → North,SwiftMove,Road,Express,Clear,436.0,152.1,4.74,1.098,13.03,17.04,0.0,0,64.61,4.0
SH04882,2025-12-23,Kolkata,East,Kolkata → East,TransGo,Road,Standard,Clear,94.7,297.6,6.86,1.097,22.49,22.33,0.16,1,45.32,
SH04883,2025-12-23,Delhi,South,Delhi → South,TransGo,Road,Standard,Clear,285.6,1980.6,8.89,1.109,65.71,61.5,4.21,1,271.29,
SH04884,2025-12-23,Kolkata,North,Kolkata → North,TransGo,Road,Standard,Clear,193.2,1556.8,5.61,1.113,45.8,52.5,0.0,0,213.82,5.0
SH04885,2025-12-23,Kolkata,East,Kolkata → East,SwiftMove,Road,Standard,Clear,65.1,107.5,6.7,1.112,13.41,17.78,0.0,0,27.57,
SH04886,2025-12-23,Kolkata,South,Kolkata → South,RapidFreight,Road,Express,Fog,134.1,1852.3,4.05,1.105,49.09,51.59,0.0,0,357.38,4.0
SH04887,2025-12-23,Bengaluru,West,Bengaluru → West,RapidFreight,Rail,Standard,Clear,51.3,930.9,6.18,1.123,52.43,59.31,0.0,0,106.24,5.0
SH04888,2025-12-23,Delhi,East,Delhi → East,BlueLine,Rail,Standard,Fog,126.3,1554.2,8.8,1.104,66.03,79.8,0.0,0,138.63,5.0
SH04889,2025-12-23,Mumbai,South,Mumbai → South,BlueLine,Road,Standard,Clear,148.9,1040.7,10.0,1.121,46.35,41.28,5.07,1,149.64,5.0
SH04890,2025-12-23,Bengaluru,South,Bengaluru → South,SwiftMove,Road,Express,Clear,116.4,140.9,5.0,1.112,11.39,16.24,0.0,0,43.18,5.0
SH04891,2025-12-23,Mumbai,West,Mumbai → West,BlueLine,Road,Express,Clear,829.8,121.0,6.55,1.105,22.58,18.73,3.85,1,90.57,5.0
SH04892,2025-12-23,Delhi,Central,Delhi → Central,BlueLine,Road,Express,Clear,86.4,1094.7,7.85,1.123,31.91,35.56,0.0,0,191.65,4.0
SH04893,2025-12-23,Mumbai,North,Mumbai → North,SwiftMove,Road,Standard,Fog,230.4,1537.1,7.13,1.126,57.0,53.18,3.82,1,222.4,4.0
SH04894,2025-12-23,Mumbai,West,Mumbai → West,SwiftMove,Road,Standard,Clear,74.8,312.9,6.36,1.107,23.25,23.85,0.0,0,48.42,
SH04895,2025-12-23,Kolkata,East,Kolkata → East,BlueLine,Road,Standard,Fog,345.9,329.2,6.24,1.108,24.93,23.09,1.84,1,66.14,5.0
SH04896,2025-12-23,Mumbai,North,Mumbai → North,TransGo,Road,Express,Clear,263.1,1535.6,6.82,1.117,64.01,46.52,17.49,1,239.52,3.0
SH04897,2025-12-23,Bengaluru,North,Bengaluru → North,BlueLine,Road,Standard,Clear,83.0,2398.2,3.24,1.116,56.47,70.93,0.0,0,344.14,5.0
SH04898,2025-12-23,Bengaluru,East,Bengaluru → East,SwiftMove,Road,Standard,Clear,180.6,1923.3,5.54,1.112,52.84,59.55,0.0,0,268.64,4.0
SH04899,2025-12-23,Mumbai,East,Mumbai → East,BlueLine,Rail,Standard,Clear,70.5,1905.1,6.4,1.115,81.94,93.31,0.0,0,156.57,5.0
SH04900,2025-12-24,Delhi,Central,Delhi → Central,SwiftMove,Road,Standard,Clear,63.4,1008.0,7.33,1.119,30.17,38.2,0.0,0,138.05,5.0
SH04901,2025-12-24,Bengaluru,West,Bengaluru → West,SwiftMove,Road,Standard,Clear,304.6,1073.7,5.78,1.117,29.88,39.2,0.0,0,152.06,5.0
SH04902,2025-12-24,Delhi,West,Delhi → West,SwiftMove,Road,Express,Clear,242.9,1343.5,6.77,1.129,31.14,40.44,0.0,0,295.07,
SH04903,2025-12-24,Kolkata,North,Kolkata → North,SwiftMove,Road,Express,Clear,420.5,1565.2,4.93,1.105,32.55,45.95,0.0,0,267.98,5.0
SH04904,2025-12-24,Nagpur,South,Nagpur → South,SwiftMove,Road,Standard,Clear,99.9,999.2,6.38,1.105,30.68,36.26,0.0,0,138.49,5.0
SH04905,2025-12-24,Mumbai,West,Mumbai → West,SwiftMove,Road,Standard,Clear,165.3,318.7,7.33,1.096,25.56,23.99,1.57,1,62.56,4.0
SH04906,2025-12-24,Delhi,East,Delhi → East,TransGo,Air,Express,Clear,37.5,1692.1,7.08,1.094,29.77,30.84,0.0,0,345.08,5.0
SH04907,2025-12-24,Nagpur,West,Nagpur → West,TransGo,Road,Express,Fog,307.4,780.8,5.43,1.098,35.49,27.66,7.83,1,135.74,
SH04908,2025-12-24,Nagpur,Central,Nagpur → Central,SwiftMove,Road,Standard,Fog,147.1,110.3,5.61,1.124,15.96,14.97,1.0,1,33.92,5.0
SH04909,2025-12-24,Delhi,West,Delhi → West,TransGo,Road,Express,Clear,165.0,1530.7,4.9,1.1,41.49,44.12,0.0,0,224.48,5.0
SH04910,2025-12-24,Bengaluru,West,Bengaluru → West,TransGo,Rail,Standard,Fog,944.5,983.1,8.2,1.111,59.97,60.98,0.0,0,111.59,5.0
SH04911,2025-12-24,Nagpur,West,Nagpur → West,BlueLine,Rail,Standard,Storm,222.8,873.6,6.26,1.121,59.63,56.33,3.3,1,96.78,4.0
SH04912,2025-12-24,Nagpur,North,Nagpur → North,TransGo,Road,Standard,Clear,237.8,1074.6,5.69,1.098,47.0,38.07,8.93,1,143.67,4.0
SH04913,2025-12-24,Delhi,South,Delhi → South,SwiftMove,Rail,Standard,Clear,15.6,2398.1,6.72,1.094,92.23,106.76,0.0,0,210.24,4.0
SH04914,2025-12-24,Mumbai,North,Mumbai → North,TransGo,Road,Standard,Clear,629.4,1480.4,6.78,1.102,57.49,51.82,5.67,1,234.54,4.0
SH04915,2025-12-24,Mumbai,East,Mumbai → East,BlueLine,Road,Standard,Clear,71.4,2121.5,7.69,1.107,68.29,67.18,1.11,1,245.48,5.0
SH04916,2025-12-24,Delhi,North,Delhi → North,TransGo,Road,Standard,Fog,113.9,343.4,6.47,1.12,30.3,22.28,8.02,1,67.03,4.0
SH04917,2025-12-25,Mumbai,West,Mumbai → West,BlueLine,Road,Standard,Clear,318.4,222.9,9.21,1.111,25.08,21.69,3.39,1,66.91,5.0
SH04918,2025-12-25,Bengaluru,South,Bengaluru → South,SwiftMove,Road,Standard,Clear,484.3,94.5,6.14,1.09,10.89,15.74,0.0,0,54.99,5.0
SH04919,2025-12-25,Mumbai,East,Mumbai → East,TransGo,Road,Standard,Clear,46.5,2222.6,8.35,1.102,68.13,69.6,0.0,0,292.42,5.0
SH04920,2025-12-25,Bengaluru,North,Bengaluru → North,SwiftMove,Rail,Standard,Clear,1468.9,2230.0,8.43,1.098,82.21,100.81,0.0,0,236.65,5.0
SH04921,2025-12-25,Delhi,East,Delhi → East,SwiftMove,Road,Standard,Clear,179.8,1405.7,5.71,1.113,38.63,47.73,0.0,0,209.84,5.0
SH04922,2025-12-25,Delhi,East,Delhi → East,RapidFreight,Air,Express,Fog,107.1,1471.8,6.57,1.121,37.71,30.45,7.26,1,409.13,3.0
SH04923,2025-12-25,Delhi,North,Delhi → North,BlueLine,Road,Express,Rain,261.7,198.5,7.77,1.109,27.24,17.95,9.29,1,60.71,4.0
SH04924,2025-12-25,Delhi,East,Delhi → East,SwiftMove,Road,Standard,Clear,498.2,1422.1,7.25,1.114,40.53,48.12,0.0,0,244.7,5.0
SH04925,2025-12-25,Mumbai,North,Mumbai → North,BlueLine,Road,Standard,Fog,92.3,1388.9,7.67,1.111,50.32,49.63,0.7,1,198.5,5.0
SH04926,2025-12-25,Kolkata,North,Kolkata → North,BlueLine,Road,Standard,Clear,203.9,1666.4,5.49,1.116,53.48,55.12,0.0,0,216.33,5.0
SH04927,2025-12-25,Mumbai,East,Mumbai → East,SwiftMove,Road,Standard,Clear,294.0,1948.0,7.09,1.115,61.87,63.02,0.0,0,304.14,4.0
SH04928,2025-12-25,Nagpur,North,Nagpur → North,SwiftMove,Road,Standard,Clear,201.6,997.1,4.35,1.091,26.4,36.21,0.0,0,143.76,5.0
SH04929,2025-12-25,Mumbai,East,Mumbai → East,SwiftMove,Road,Standard,Clear,205.4,1852.4,5.5,1.106,61.55,60.73,0.82,1,274.7,5.0
SH04930,2025-12-25,Mumbai,North,Mumbai → North,BlueLine,Road,Standard,Fog,644.0,1494.0,5.11,1.11,53.8,52.14,1.65,1,227.16,5.0
SH04931,2025-12-25,Delhi,South,Delhi → South,RapidFreight,Air,Express,Rain,202.4,2351.1,5.87,1.119,29.08,32.01,0.0,0,709.13,4.0
SH04932,2025-12-26,Nagpur,Central,Nagpur → Central,SwiftMove,Road,Standard,Fog,37.9,308.8,5.38,1.124,22.42,19.72,2.7,1,53.09,5.0
SH04933,2025-12-26,Bengaluru,Central,Bengaluru → Central,RapidFreight,Rail,Standard,Clear,419.3,1027.4,6.05,1.114,46.73,62.39,0.0,0,135.02,5.0
SH04934,2025-12-26,Delhi,North,Delhi → North,BlueLine,Road,Standard,Rain,256.8,186.2,7.87,1.123,25.57,18.51,7.06,1,51.36,5.0
SH04935,2025-12-26,Kolkata,North,Kolkata → North,SwiftMove,Road,Express,Fog,,1636.3,6.55,1.103,48.36,47.35,1.01,1,360.35,4.0
SH04936,2025-12-26,Delhi,South,Delhi → South,SwiftMove,Air,Express,Clear,73.6,2156.9,7.95,1.122,24.18,31.67,0.0,0,389.32,5.0
SH04937,2025-12-26,Mumbai,North,Mumbai → North,RapidFreight,Road,Express,Clear,459.4,1407.7,9.34,1.101,39.98,44.0,0.0,0,282.8,5.0
SH04938,2025-12-26,Delhi,East,Delhi → East,BlueLine,Road,Express,Clear,103.9,1471.0,6.64,1.118,36.24,42.95,0.0,0,243.79,5.0
SH04939,2025-12-26,Bengaluru,North,Bengaluru → North,BlueLine,Rail,Standard,Clear,731.7,2082.0,6.87,1.107,90.85,96.08,0.0,0,193.22,4.0
SH04940,2025-12-26,Delhi,South,Delhi → South,BlueLine,Road,Standard,Clear,133.5,2138.6,6.63,1.105,51.69,65.29,0.0,0,270.85,5.0
SH04941,2025-12-26,Bengaluru,North,Bengaluru → North,RapidFreight,Road,Standard,Clear,80.0,2188.2,6.34,1.124,55.67,65.9,0.0,0,352.56,5.0
SH04942,2025-12-26,Mumbai,South,Mumbai → South,BlueLine,Road,Standard,Clear,447.9,903.8,8.46,1.118,40.73,38.0,2.73,1,153.84,5.0
SH04943,2025-12-27,Nagpur,West,Nagpur → West,BlueLine,Road,Standard,Fog,424.5,953.0,7.37,1.113,39.2,35.16,4.04,1,154.54,4.0
SH04944,2025-12-27,Mumbai,West,Mumbai → West,BlueLine,Road,Standard,Storm,131.8,220.7,7.06,1.107,45.41,21.64,23.77,1,46.18,3.0
SH04945,2025-12-27,Mumbai,West,Mumbai → West,RapidFreight,Road,Standard,Clear,103.9,251.4,7.92,1.121,23.06,22.37,0.68,1,61.7,5.0
SH04946,2025-12-27,Mumbai,Central,Mumbai → Central,SwiftMove,Road,Standard,Storm,576.8,765.3,6.05,1.103,49.43,34.69,14.75,1,156.32,5.0
SH04947,2025-12-27,Mumbai,Central,Mumbai → Central,RapidFreight,Rail,Standard,Clear,64.0,849.5,5.56,1.11,63.08,59.59,3.49,1,103.44,4.0
SH04948,2025-12-27,Kolkata,West,Kolkata → West,TransGo,Rail,Standard,Clear,148.6,1917.2,5.94,1.111,85.78,92.54,0.0,0,163.25,5.0
SH04949,2025-12-27,Kolkata,East,Kolkata → East,BlueLine,Road,Standard,Clear,271.1,195.3,5.8,1.117,16.18,19.88,0.0,0,54.44,5.0
SH04950,2025-12-27,Delhi,South,Delhi → South,RapidFreight,Rail,Standard,Fog,314.8,2225.9,7.68,1.109,85.61,101.25,0.0,0,250.09,
SH04951,2025-12-27,Mumbai,West,Mumbai → West,SwiftMove,Road,Standard,Fog,110.3,325.2,9.53,1.113,36.66,24.14,12.52,1,55.97,4.0
SH04952,2025-12-27,Mumbai,Central,Mumbai → Central,TransGo,Road,Standard,Clear,1292.0,876.0,8.5,1.109,49.25,37.34,11.91,1,182.17,4.0
SH04953,2025-12-27,Bengaluru,West,Bengaluru → West,SwiftMove,Rail,Standard,Clear,250.8,1032.5,5.13,1.115,56.28,62.56,0.0,0,105.16,5.0
SH04954,2025-12-27,Nagpur,South,Nagpur → South,BlueLine,Road,Standard,Fog,331.9,1019.4,4.53,1.116,42.84,36.75,6.09,1,148.12,4.0
SH04955,2025-12-27,Mumbai,West,Mumbai → West,BlueLine,Road,Standard,Clear,818.0,279.3,5.97,1.104,26.16,23.04,3.12,1,91.21,4.0
SH04956,2025-12-27,Kolkata,West,Kolkata → West,SwiftMove,Road,Standard,Clear,143.8,2244.9,4.93,1.118,58.89,68.98,0.0,0,350.65,4.0
SH04957,2025-12-27,Delhi,South,Delhi → South,BlueLine,Road,Standard,Fog,123.2,2097.2,6.19,1.101,51.81,64.3,0.0,0,240.61,
SH04958,2025-12-27,Mumbai,South,Mumbai → South,SwiftMove,Road,Standard,Clear,556.6,973.0,6.63,1.1,37.34,39.66,0.0,0,190.3,5.0
SH04959,2025-12-27,Delhi,South,Delhi → South,SwiftMove,Rail,Standard,Rain,144.8,2309.1,7.92,1.114,98.16,103.91,0.0,0,198.93,5.0
SH04960,2025-12-27,Delhi,West,Delhi → West,SwiftMove,Road,Standard,Clear,717.2,1484.5,6.71,1.123,39.15,49.62,0.0,0,231.14,5.0
SH04961,2025-12-27,Delhi,West,Delhi → West,TransGo,Road,Express,Clear,386.9,1293.7,5.45,1.111,38.84,39.47,0.0,0,209.82,3.0
SH04962,2025-12-27,Mumbai,North,Mumbai → North,SwiftMove,Rail,Standard,Clear,267.4,1436.9,5.49,1.107,70.42,78.35,0.0,0,142.9,5.0
SH04963,2025-12-27,Mumbai,West,Mumbai → West,SwiftMove,Road,Express,Fog,92.3,55.7,5.96,1.109,21.65,17.44,4.2,1,27.78,4.0
SH04964,2025-12-27,Mumbai,West,Mumbai → West,BlueLine,Road,Standard,Fog,174.2,100.7,7.06,1.119,32.49,18.76,13.72,1,32.53,4.0
SH04965,2025-12-27,Kolkata,North,Kolkata → North,BlueLine,Road,Standard,Clear,211.9,1569.0,5.73,1.111,44.18,52.79,0.0,0,198.93,5.0
SH04966,2025-12-27,Mumbai,Central,Mumbai → Central,BlueLine,Air,Express,Clear,629.3,944.5,8.99,1.109,32.81,31.82,0.99,1,892.64,4.0
SH04967,2025-12-27,Delhi,East,Delhi → East,TransGo,Road,Express,Clear,119.4,1383.9,8.1,1.114,43.63,41.24,2.39,1,221.6,4.0
SH04968,2025-12-27,Delhi,East,Delhi → East,BlueLine,Road,Standard,Clear,,1462.1,7.0,1.107,43.83,49.08,0.0,0,214.19,5.0
SH04969,2025-12-28,Nagpur,West,Nagpur → West,SwiftMove,Road,Standard,Clear,484.5,948.3,4.77,1.099,27.29,35.05,0.0,0,183.95,4.0
SH04970,2025-12-28,Mumbai,South,Mumbai → South,BlueLine,Road,Standard,Clear,254.8,1079.9,7.04,1.108,41.05,42.22,0.0,0,167.95,4.0
SH04971,2025-12-28,Bengaluru,Central,Bengaluru → Central,BlueLine,Road,Standard,Clear,511.1,940.5,8.48,1.101,35.13,36.01,0.0,0,162.99,5.0
SH04972,2025-12-28,Bengaluru,North,Bengaluru → North,SwiftMove,Road,Standard,Clear,453.9,2213.3,5.13,1.12,60.48,66.5,0.0,0,328.39,4.0
SH04973,2025-12-28,Mumbai,East,Mumbai → East,RapidFreight,Road,Standard,Fog,126.8,2298.6,5.84,1.108,74.54,71.42,3.11,1,394.71,4.0
SH04974,2025-12-28,Bengaluru,South,Bengaluru → South,SwiftMove,Road,Standard,Clear,365.3,118.7,5.09,1.101,10.4,16.32,0.0,0,49.0,4.0
SH04975,2025-12-28,Mumbai,West,Mumbai → West,BlueLine,Road,Express,Clear,17.7,207.2,7.09,1.121,21.32,20.42,0.9,1,51.19,5.0
SH04976,2025-12-28,Delhi,East,Delhi → East,BlueLine,Road,Express,Fog,272.2,1627.1,6.78,1.105,49.15,46.02,3.13,1,251.53,4.0
SH04977,2025-12-28,Bengaluru,North,Bengaluru → North,TransGo,Road,Express,Clear,292.2,2132.9,3.77,1.107,44.38,55.38,0.0,0,337.29,5.0
SH04978,2025-12-28,Mumbai,East,Mumbai → East,SwiftMove,Road,Standard,Clear,23.3,2280.0,8.34,1.098,63.86,70.97,0.0,0,337.56,5.0
SH04979,2025-12-28,Bengaluru,West,Bengaluru → West,SwiftMove,Road,Standard,Clear,83.5,1047.4,6.91,1.101,27.86,38.57,0.0,0,164.53,5.0
SH04980,2025-12-28,Delhi,South,Delhi → South,SwiftMove,Road,Standard,Clear,,2043.5,5.29,1.094,51.84,63.01,0.0,0,283.55,5.0
SH04981,2025-12-28,Delhi,West,Delhi → West,RapidFreight,Road,Standard,Clear,453.8,1358.1,8.4,1.099,36.31,46.59,0.0,0,277.41,5.0
SH04982,2025-12-28,Mumbai,Central,Mumbai → Central,SwiftMove,Road,Standard,Fog,127.2,884.9,7.39,1.119,44.8,37.55,7.25,1,128.89,3.0
SH04983,2025-12-28,Delhi,North,Delhi → North,TransGo,Road,Standard,Clear,299.7,149.8,3.91,1.125,17.72,17.64,0.09,1,51.61,4.0
SH04984,2025-12-28,Nagpur,West,Nagpur → West,TransGo,Air,Express,Clear,246.5,856.4,7.09,1.111,20.61,27.64,0.0,0,431.79,5.0
SH04985,2025-12-28,Mumbai,South,Mumbai → South,TransGo,Air,Express,Clear,77.0,1070.0,6.76,1.11,37.1,32.04,5.06,1,237.94,4.0
SH04986,2025-12-28,Delhi,Central,Delhi → Central,SwiftMove,Road,Standard,Fog,276.5,1180.4,6.95,1.115,43.54,42.33,1.21,1,167.04,5.0
SH04987,2025-12-28,Kolkata,Central,Kolkata → Central,SwiftMove,Road,Standard,Clear,79.9,1086.0,6.07,1.106,34.73,41.22,0.0,0,149.09,4.0
SH04988,2025-12-28,Delhi,North,Delhi → North,RapidFreight,Road,Express,Clear,331.2,346.1,8.06,1.121,17.2,20.85,0.0,0,106.07,4.0
SH04989,2025-12-28,Mumbai,North,Mumbai → North,TransGo,Air,Express,Clear,156.9,1558.5,4.99,1.098,37.26,32.91,4.36,1,356.09,4.0
SH04990,2025-12-28,Kolkata,West,Kolkata → West,TransGo,Air,Express,Clear,398.7,1940.8,4.22,1.106,26.21,32.43,0.0,0,670.14,5.0
SH04991,2025-12-28,Nagpur,Central,Nagpur → Central,SwiftMove,Road,Standard,Fog,194.3,195.9,3.89,1.124,9.86,17.02,0.0,0,52.56,4.0
SH04992,2025-12-28,Mumbai,West,Mumbai → West,TransGo,Road,Standard,Clear,823.2,158.4,7.48,1.119,30.35,20.14,10.21,1,74.95,5.0
SH04993,2025-12-28,Bengaluru,West,Bengaluru → West,SwiftMove,Road,Standard,Rain,283.9,923.7,2.18,1.113,29.43,35.61,0.0,0,149.48,5.0
SH04994,2025-12-28,Bengaluru,North,Bengaluru → North,TransGo,Air,Express,Fog,162.9,2141.1,6.54,1.102,35.24,31.06,4.18,1,441.7,3.0
SH04995,2025-12-28,Mumbai,West,Mumbai → West,BlueLine,Road,Standard,Fog,75.5,319.7,6.89,1.132,25.67,24.01,1.66,1,48.79,5.0
SH04996,2025-12-28,Nagpur,Central,Nagpur → Central,BlueLine,Road,Express,Clear,100.3,204.6,4.38,1.113,10.6,16.35,0.0,0,51.52,5.0
SH04997,2025-12-28,Mumbai,East,Mumbai → East,SwiftMove,Road,Standard,Fog,109.2,2292.9,7.59,1.098,71.26,71.28,0.0,0,301.64,5.0
SH04998,2025-12-28,Mumbai,West,Mumbai → West,BlueLine,Road,Express,Clear,498.1,328.1,7.88,1.105,26.04,22.79,3.24,1,97.29,4.0
SH04999,2025-12-28,Delhi,West,Delhi → West,SwiftMove,Air,Express,Clear,221.7,1443.6,5.22,1.124,24.49,30.4,0.0,0,494.22,5.0
SH05000,2025-12-28,Mumbai,West,Mumbai → West,SwiftMove,Road,Standard,Clear,373.3,273.8,6.08,1.122,22.11,22.91,0.0,0,80.43,5.0
SH01502,2025-04-26,Delhi,West,Delhi → West,BlueLine,Rail,Standard,Clear,302.8,1522.0,6.26,1.011,70.92,78.77,0.0,0,136.06,5.0
SH02587,2025-07-26,Mumbai,East,Mumbai → East,RapidFreight,Road,Standard,Rain,336.8,2292.6,7.33,1.014,65.95,71.28,0.0,0,363.06,4.0
SH02654,2025-08-02,Nagpur,North,Nagpur → North,SwiftMove,Road,Standard,Rain,194.2,978.6,5.02,1.017,34.69,35.77,0.0,0,140.09,5.0
SH01056,2025-03-22,Bengaluru,West,Bengaluru → West,RapidFreight,Air,Express,Clear,111.0,1021.5,5.06,1.0,16.89,29.08,0.0,0,320.2,4.0
SH00706,2025-02-27,Delhi,East,Delhi → East,TransGo,Air,Express,Clear,124.4,1559.5,7.02,0.975,30.17,30.61,0.0,0,318.52,5.0
SH00107,2025-01-10,Kolkata,North,Kolkata → North,TransGo,Road,Standard,Fog,2549.1,1522.6,5.41,0.991,59.8,51.68,8.12,1,351.41,4.0
SH00590,2025-02-18,Delhi,North,Delhi → North,SwiftMove,Road,Standard,Clear,104.9,284.2,6.75,0.985,18.37,20.86,0.0,0,51.84,4.0
SH02469,2025-07-17,Kolkata,South,Kolkata → South,TransGo,Rail,Standard,Clear,25.2,2018.3,4.62,1.01,78.83,95.77,0.0,0,167.4,4.0
SH02414,2025-07-13,Bengaluru,West,Bengaluru → West,BlueLine,Road,Standard,Clear,138.8,981.5,4.52,1.011,31.44,36.99,0.0,0,133.78,4.0
SH01601,2025-05-05,Mumbai,North,Mumbai → North,BlueLine,Rail,Standard,Clear,300.4,1395.3,7.76,1.035,71.71,77.02,0.0,0,135.85,5.0
SH02465,2025-07-17,Bengaluru,East,Bengaluru → East,SwiftMove,Road,Standard,Rain,377.2,1726.7,5.24,1.016,50.26,54.84,0.0,0,250.54,5.0
SH00229,2025-01-18,Bengaluru,West,Bengaluru → West,SwiftMove,Road,Standard,Clear,278.3,1037.6,6.84,0.97,35.72,38.33,0.0,0,160.48,5.0
SH00916,2025-03-13,Nagpur,North,Nagpur → North,BlueLine,Road,Standard,Rain,47.9,1084.6,5.12,1.017,39.78,38.31,1.47,1,142.91,5.0
SH00795,2025-03-05,Bengaluru,East,Bengaluru → East,SwiftMove,Rail,Standard,Clear,48.8,1787.8,4.77,1.009,57.53,86.68,0.0,0,169.92,5.0
SH03022,2025-08-28,Delhi,Central,Delhi → Central,RapidFreight,Road,Express,Rain,200.2,1161.9,4.42,1.034,34.42,36.88,0.0,0,202.28,5.0
SH03544,2025-10-07,Mumbai,South,Mumbai → South,TransGo,Rail,Standard,Clear,516.8,1041.0,6.64,1.085,66.83,65.7,1.12,1,92.85,5.0
SH01074,2025-03-23,Nagpur,North,Nagpur → North,BlueLine,Air,Express,Clear,84.2,1204.6,4.2,1.016,25.27,28.26,0.0,0,275.02,5.0
SH03352,2025-09-22,Mumbai,North,Mumbai → North,RapidFreight,Air,Express,Rain,308.4,1553.7,5.22,1.065,32.19,32.9,0.0,0,706.45,5.0
SH01745,2025-05-17,Mumbai,North,Mumbai → North,BlueLine,Road,Standard,Clear,378.2,1424.6,4.89,1.042,40.31,50.48,0.0,0,176.84,5.0
SH01085,2025-03-24,Mumbai,South,Mumbai → South,SwiftMove,Road,Express,Clear,45.2,1013.1,6.93,1.021,26.5,36.25,0.0,0,203.07,4.0
SH00927,2025-03-14,Bengaluru,West,Bengaluru → West,SwiftMove,Road,Standard,Clear,94.6,1030.3,5.21,1.015,28.39,38.16,0.0,0,137.11,5.0
SH03050,2025-09-02,Delhi,East,Delhi → East,TransGo,Road,Standard,Clear,499.9,1477.9,5.33,1.07,50.96,49.46,1.5,1,187.94,3.0
SH01118,2025-03-27,Nagpur,South,Nagpur → South,BlueLine,Air,Express,Clear,158.9,1039.0,4.19,0.994,22.53,27.96,0.0,0,330.59,4.0
SH00643,2025-02-22,Mumbai,North,Mumbai → North,SwiftMove,Road,Standard,Clear,206.2,1390.5,5.1,1.009,41.06,49.66,0.0,0,189.33,5.0
SH04768,2025-12-16,Mumbai,North,Mumbai → North,RapidFreight,Road,Standard,Clear,274.3,1441.2,5.27,1.121,45.89,50.88,0.0,0,255.05,
SH00502,2025-02-11,Bengaluru,West,Bengaluru → West,TransGo,Road,Standard,Clear,247.7,1113.0,2.93,0.985,38.27,40.14,0.0,0,139.41,5.0
SH04067,2025-11-09,Delhi,West,Delhi → West,RapidFreight,Road,Express,Clear,1046.0,1598.5,6.93,1.097,35.04,45.45,0.0,0,449.71,4.0
SH00334,2025-01-26,Delhi,North,Delhi → North,TransGo,Road,Standard,Storm,164.3,314.2,2.67,0.957,38.1,21.58,16.53,1,51.51,4.0
SH04685,2025-12-12,Bengaluru,East,Bengaluru → East,SwiftMove,Road,Standard,Clear,29.6,2079.1,6.17,1.111,57.59,63.29,0.0,0,283.29,4.0
SH00487,2025-02-10,Delhi,West,Delhi → West,BlueLine,Road,Standard,Clear,78.8,1398.3,6.27,0.986,45.93,47.55,0.0,0,173.8,4.0
